"site","julian","Nobs","min","flow10","flow25","flow50","flow75","flow90","max","startYr","endYr","date2","date","flow","month","status","colorStatus"
"TX00004",1,33,75.47,80.898,89.01,97.51,100.39,101.244,149.11,1990,2023,2022-01-01,"01-01",99.43,"Jan","Moderately Wet","cornflowerblue"
"TX00004",2,33,75.5,80.89,88.98,97.47,100.39,101.176,147.98,1990,2023,2022-01-02,"01-02",99.45,"Jan","Moderately Wet","cornflowerblue"
"TX00004",3,33,75.58,80.934,88.95,97.45,100.32,101.186,146.75,1990,2023,2022-01-03,"01-03",99.32,"Jan","Moderately Wet","cornflowerblue"
"TX00004",4,33,75.54,80.914,88.92,97.47,100.32,101.03,145.42,1990,2023,2022-01-04,"01-04",99.21,"Jan","Moderately Wet","cornflowerblue"
"TX00004",5,33,75.52,80.918,88.89,97.47,100.3,100.914,144.04,1990,2023,2022-01-05,"01-05",99.19,"Jan","Moderately Wet","cornflowerblue"
"TX00004",6,33,75.49,80.928,88.87,97.45,100.28,100.752,142.59,1990,2023,2022-01-06,"01-06",99.19,"Jan","Moderately Wet","cornflowerblue"
"TX00004",7,33,75.47,80.912,88.86,97.43,100.23,100.742,141.12,1990,2023,2022-01-07,"01-07",99.1,"Jan","Moderately Wet","cornflowerblue"
"TX00004",8,33,75.43,80.906,88.84,97.36,100.22,100.73,139.63,1990,2023,2022-01-08,"01-08",99.02,"Jan","Moderately Wet","cornflowerblue"
"TX00004",9,33,75.41,80.948,88.77,97.68,100.25,100.52,137.97,1990,2023,2022-01-09,"01-09",99.04,"Jan","Moderately Wet","cornflowerblue"
"TX00004",10,33,75.43,80.956,88.76,97.64,100.23,100.762,136.27,1990,2023,2022-01-10,"01-10",98.99,"Jan","Moderately Wet","cornflowerblue"
"TX00004",11,33,75.45,80.97,88.91,97.58,100.04,100.84,134.65,1990,2023,2022-01-11,"01-11",98.93,"Jan","Moderately Wet","cornflowerblue"
"TX00004",12,32,75.43,80.825,88.285,97.195,100.05,101.108,133.03,1990,2023,NA,NA,NA,NA,NA,NA
"TX00004",13,32,75.43,80.859,88.2525,97.175,100.055,101.329,131.28,1990,2023,NA,NA,NA,NA,NA,NA
"TX00004",14,32,75.41,80.972,88.2225,97.185,100.035,101.538,129.49,1990,2023,NA,NA,NA,NA,NA,NA
"TX00004",15,32,75.41,81.485,88.2,97.24,100.0225,101.746,127.69,1990,2023,NA,NA,NA,NA,NA,NA
"TX00004",16,32,75.4,81.94,88.1925,97.26,100.225,101.834,125.86,1990,2023,NA,NA,NA,NA,NA,NA
"TX00004",17,32,75.38,82.198,88.175,97.27,100.265,101.884,124.15,1990,2023,NA,NA,NA,NA,NA,NA
"TX00004",18,32,75.38,82.19,88.16,97.24,100.2525,101.928,122.52,1990,2023,NA,NA,NA,NA,NA,NA
"TX00004",19,33,75.36,82.276,88.65,97.64,100.19,101.908,120.86,1990,2023,2022-01-19,"01-19",98.52,"Jan","Moderately Wet","cornflowerblue"
"TX00004",20,33,75.36,82.33,88.68,97.64,100.22,101.992,119.12,1990,2023,2022-01-20,"01-20",98.5,"Jan","Moderately Wet","cornflowerblue"
"TX00004",21,33,75.43,82.348,88.68,97.62,100.22,102.08,117.51,1990,2023,2022-01-21,"01-21",98.41,"Jan","Moderately Wet","cornflowerblue"
"TX00004",22,33,76.1,82.378,88.67,97.55,100.22,102.166,115.82,1990,2023,2022-01-22,"01-22",98.35,"Jan","Moderately Wet","cornflowerblue"
"TX00004",23,33,76.41,82.41,88.66,97.58,100.22,102.23,114.11,1990,2023,2022-01-23,"01-23",98.26,"Jan","Moderately Wet","cornflowerblue"
"TX00004",24,33,76.59,82.432,88.66,97.55,100.22,102.284,112.32,1990,2023,2022-01-24,"01-24",98.2,"Jan","Moderately Wet","cornflowerblue"
"TX00004",25,33,76.72,82.456,88.69,97.51,100.17,102.298,110.56,1990,2023,2022-01-25,"01-25",98.2,"Jan","Moderately Wet","cornflowerblue"
"TX00004",26,33,76.79,82.448,88.72,97.49,100.17,102.276,110.15,1990,2023,2022-01-26,"01-26",98.2,"Jan","Moderately Wet","cornflowerblue"
"TX00004",27,33,76.86,82.444,88.69,97.47,100.33,102.274,111.69,1990,2023,2022-01-27,"01-27",98.11,"Jan","Moderately Wet","cornflowerblue"
"TX00004",28,33,76.94,82.452,88.65,97.43,100.31,102.282,113.24,1990,2023,2022-01-28,"01-28",98.11,"Jan","Moderately Wet","cornflowerblue"
"TX00004",29,33,76.97,82.444,88.6,97.4,100.29,101.996,114.55,1990,2023,2022-01-29,"01-29",98.07,"Jan","Moderately Wet","cornflowerblue"
"TX00004",30,33,76.99,82.408,88.58,97.4,100.22,101.708,115.73,1990,2023,2022-01-30,"01-30",98.04,"Jan","Moderately Wet","cornflowerblue"
"TX00004",31,33,77.08,82.372,88.58,97.38,100.31,101.648,116.68,1990,2023,2022-01-31,"01-31",98.04,"Jan","Moderately Wet","cornflowerblue"
"TX00004",32,33,77.1,82.34,88.58,97.4,100.22,101.772,117.03,1990,2023,2022-02-01,"02-01",98.13,"Feb","Moderately Wet","cornflowerblue"
"TX00004",33,33,77.06,82.344,88.58,97.3,100.24,101.95,117.51,1990,2023,2022-02-02,"02-02",98.13,"Feb","Moderately Wet","cornflowerblue"
"TX00004",34,32,77.03,82.133,88.345,97.15,100.2975,101.997,120.09,1990,2023,NA,NA,NA,NA,NA,NA
"TX00004",35,32,76.99,82.142,89.4275,97.44,100.2625,101.951,132.64,1990,2023,NA,NA,NA,NA,NA,NA
"TX00004",36,32,76.97,82.137,90.815,97.57,100.2075,101.865,138.37,1990,2023,NA,NA,NA,NA,NA,NA
"TX00004",37,32,76.97,82.137,91.0775,97.675,100.1375,101.595,142.04,1990,2023,NA,NA,NA,NA,NA,NA
"TX00004",38,32,76.94,82.131,91.0575,97.735,100.1325,101.417,144.9,1990,2023,NA,NA,NA,NA,NA,NA
"TX00004",39,32,76.94,82.122,91.02,97.77,100.075,101.312,147.28,1990,2023,NA,NA,NA,NA,NA,NA
"TX00004",40,32,77.01,82.102,90.9975,97.855,100.0475,101.245,148.97,1990,2023,NA,NA,NA,NA,NA,NA
"TX00004",41,32,76.97,82.129,90.99,97.88,100.0575,101.223,149.67,1990,2023,NA,NA,NA,NA,NA,NA
"TX00004",42,32,77.01,82.145,90.975,97.91,100.1325,101.168,150.61,1990,2023,NA,NA,NA,NA,NA,NA
"TX00004",43,32,76.99,82.125,90.9675,98.135,100.215,101.14,151.86,1990,2023,NA,NA,NA,NA,NA,NA
"TX00004",44,32,76.97,82.094,90.9175,98.455,100.235,101.103,152.35,1990,2023,NA,NA,NA,NA,NA,NA
"TX00004",45,32,76.96,82.054,90.895,98.735,100.32,101.03,152.44,1990,2023,NA,NA,NA,NA,NA,NA
"TX00004",46,32,76.92,82.036,90.8875,98.92,100.3375,101.019,151.66,1990,2023,NA,NA,NA,NA,NA,NA
"TX00004",47,32,76.9,82.018,90.8875,99.12,100.3375,101.27,150.38,1990,2023,NA,NA,NA,NA,NA,NA
"TX00004",48,32,76.88,81.962,90.88,99.18,100.3275,100.965,149,1990,2023,NA,NA,NA,NA,NA,NA
"TX00004",49,32,76.88,81.944,90.88,99.16,100.1325,100.918,147.56,1990,2023,NA,NA,NA,NA,NA,NA
"TX00004",50,32,76.85,81.917,90.88,99.215,100.2475,100.888,146,1990,2023,NA,NA,NA,NA,NA,NA
"TX00004",51,32,76.79,81.863,90.87,99.16,100.2975,101.504,144.43,1990,2023,NA,NA,NA,NA,NA,NA
"TX00004",52,32,76.77,81.933,90.9075,99.12,100.4725,102.767,142.83,1990,2023,NA,NA,NA,NA,NA,NA
"TX00004",53,32,76.74,81.876,90.915,99.055,100.4975,102.915,142.23,1990,2023,NA,NA,NA,NA,NA,NA
"TX00004",54,32,76.68,81.84,90.975,99.005,100.4775,102.887,142.91,1990,2023,NA,NA,NA,NA,NA,NA
"TX00004",55,32,76.66,81.818,90.99,98.97,100.4675,102.805,144.56,1990,2023,NA,NA,NA,NA,NA,NA
"TX00004",56,32,76.66,81.8,91.0425,98.96,100.4975,102.709,147.09,1990,2023,NA,NA,NA,NA,NA,NA
"TX00004",57,32,76.66,81.741,91.0625,98.905,100.515,102.804,148.91,1990,2023,NA,NA,NA,NA,NA,NA
"TX00004",58,32,76.65,81.699,91.07,98.86,100.57,102.91,150.33,1990,2023,NA,NA,NA,NA,NA,NA
"TX00004",59,32,76.57,81.661,91.085,98.835,100.4625,102.755,151.58,1990,2023,NA,NA,NA,NA,NA,NA
"TX00004",60,32,76.52,81.623,91.0925,98.765,100.4325,102.56,152.44,1990,2023,NA,NA,NA,NA,NA,NA
"TX00004",61,32,76.46,81.611,91.0875,98.775,100.2875,102.41,152.61,1990,2023,NA,NA,NA,NA,NA,NA
"TX00004",62,32,76.41,81.554,91.0775,98.63,100.2075,102.517,152.46,1990,2023,NA,NA,NA,NA,NA,NA
"TX00004",63,32,76.39,81.52,91.0625,98.555,100.2075,102.503,152.72,1990,2023,NA,NA,NA,NA,NA,NA
"TX00004",64,32,76.37,81.48,91.0475,98.455,100.195,102.494,161.1,1990,2023,NA,NA,NA,NA,NA,NA
"TX00004",65,32,76.35,81.462,91.0575,98.44,100.2325,102.527,167.03,1990,2023,NA,NA,NA,NA,NA,NA
"TX00004",66,32,76.35,81.412,91.025,98.415,100.2875,102.536,169.77,1990,2023,NA,NA,NA,NA,NA,NA
"TX00004",67,32,76.32,81.417,90.98,98.48,100.3675,102.434,171.89,1990,2023,NA,NA,NA,NA,NA,NA
"TX00004",68,32,76.32,81.442,90.9575,98.425,100.0675,102.312,173.64,1990,2023,NA,NA,NA,NA,NA,NA
"TX00004",69,32,76.28,81.55,90.9275,98.38,100.2175,102.276,174.28,1990,2023,NA,NA,NA,NA,NA,NA
"TX00004",70,32,76.35,81.514,90.9275,98.395,100.295,102.492,173.49,1990,2023,NA,NA,NA,NA,NA,NA
"TX00004",71,32,76.59,81.475,92.6125,98.415,100.2825,102.553,172.29,1990,2023,NA,NA,NA,NA,NA,NA
"TX00004",72,32,76.65,81.507,92.8025,98.545,100.385,102.67,171.01,1990,2023,NA,NA,NA,NA,NA,NA
"TX00004",73,32,76.7,81.579,92.765,98.62,100.4975,102.753,169.71,1990,2023,NA,NA,NA,NA,NA,NA
"TX00004",74,32,76.77,81.624,92.77,98.725,100.525,102.662,168.32,1990,2023,NA,NA,NA,NA,NA,NA
"TX00004",75,32,76.75,81.656,92.7475,98.82,100.73,102.945,166.91,1990,2023,NA,NA,NA,NA,NA,NA
"TX00004",76,32,76.75,81.684,92.82,99,100.705,102.875,165.44,1990,2023,NA,NA,NA,NA,NA,NA
"TX00004",77,32,76.74,81.7,92.8475,99.055,100.6675,102.878,163.98,1990,2023,NA,NA,NA,NA,NA,NA
"TX00004",78,32,76.74,81.718,92.8625,99.12,100.6225,102.842,162.54,1990,2023,NA,NA,NA,NA,NA,NA
"TX00004",79,32,76.7,81.813,92.8,99.15,100.615,102.83,160.98,1990,2023,NA,NA,NA,NA,NA,NA
"TX00004",80,32,76.65,82.703,92.77,99.17,100.6225,102.816,159.37,1990,2023,NA,NA,NA,NA,NA,NA
"TX00004",81,32,76.63,83.119,92.77,99.19,100.5425,102.856,157.75,1990,2023,NA,NA,NA,NA,NA,NA
"TX00004",82,32,76.61,83.122,92.7475,99.205,100.5825,103.092,156.08,1990,2023,NA,NA,NA,NA,NA,NA
"TX00004",83,32,76.63,83.179,92.76,99.235,100.635,103.319,154.37,1990,2023,NA,NA,NA,NA,NA,NA
"TX00004",84,32,76.61,83.092,92.7575,99.24,100.6025,103.664,152.61,1990,2023,NA,NA,NA,NA,NA,NA
"TX00004",85,32,76.65,83.056,92.74,99.365,100.6075,103.316,150.84,1990,2023,NA,NA,NA,NA,NA,NA
"TX00004",86,32,76.68,83.068,92.78,99.375,100.835,103.256,149.05,1990,2023,NA,NA,NA,NA,NA,NA
"TX00004",87,32,76.54,83.081,92.88,99.375,100.8625,103.934,147.7,1990,2023,NA,NA,NA,NA,NA,NA
"TX00004",88,32,76.46,83.081,93.0225,99.49,100.8825,103.878,148.15,1990,2023,NA,NA,NA,NA,NA,NA
"TX00004",89,32,76.43,83.028,93.0375,99.575,100.8725,103.833,148.38,1990,2023,NA,NA,NA,NA,NA,NA
"TX00004",90,32,76.41,83.038,92.975,99.605,100.735,103.75,147.79,1990,2023,NA,NA,NA,NA,NA,NA
"TX00004",91,32,76.37,83.045,92.965,99.57,100.6525,103.777,146.67,1990,2023,NA,NA,NA,NA,NA,NA
"TX00004",92,32,76.3,83.033,93.0225,99.495,100.69,103.889,145.2,1990,2023,NA,NA,NA,NA,NA,NA
"TX00004",93,32,76.25,83.021,93.0725,99.535,100.79,103.702,143.55,1990,2023,NA,NA,NA,NA,NA,NA
"TX00004",94,32,76.23,83.009,93.0275,99.665,100.79,103.747,141.93,1990,2023,NA,NA,NA,NA,NA,NA
"TX00004",95,32,76.19,82.939,92.96,99.65,100.85,103.207,140.25,1990,2023,NA,NA,NA,NA,NA,NA
"TX00004",96,32,76.1,82.941,92.93,99.605,100.8525,102.696,139.34,1990,2023,NA,NA,NA,NA,NA,NA
"TX00004",97,32,76.05,82.941,92.915,99.76,100.865,102.57,140.01,1990,2023,NA,NA,NA,NA,NA,NA
"TX00004",98,32,76.01,82.907,92.9025,99.765,100.8575,109.1,141.12,1990,2023,NA,NA,NA,NA,NA,NA
"TX00004",99,32,75.97,82.846,92.815,99.76,100.92,110.205,142.01,1990,2023,NA,NA,NA,NA,NA,NA
"TX00004",100,32,75.94,82.81,92.75,99.73,100.9225,109.199,141.93,1990,2023,NA,NA,NA,NA,NA,NA
"TX00004",101,32,75.9,82.792,92.7275,99.755,100.9925,108.398,140.66,1990,2023,NA,NA,NA,NA,NA,NA
"TX00004",102,32,75.94,82.754,92.7625,99.72,101.0525,107.268,138.99,1990,2023,NA,NA,NA,NA,NA,NA
"TX00004",103,32,75.9,82.734,92.8025,99.7,101.075,106.154,137.31,1990,2023,NA,NA,NA,NA,NA,NA
"TX00004",104,32,75.85,82.734,92.7725,99.715,101.27,104.744,135.51,1990,2023,NA,NA,NA,NA,NA,NA
"TX00004",105,32,75.81,82.671,92.7225,99.68,101.275,103.423,133.73,1990,2023,NA,NA,NA,NA,NA,NA
"TX00004",106,32,75.78,82.583,92.71,99.665,101.215,103.429,131.97,1990,2023,NA,NA,NA,NA,NA,NA
"TX00004",107,32,76.08,82.579,92.6425,99.655,101.28,103.976,130.18,1990,2023,NA,NA,NA,NA,NA,NA
"TX00004",108,32,76.1,82.577,92.575,99.74,101.3,104.464,129.54,1990,2023,NA,NA,NA,NA,NA,NA
"TX00004",109,32,76.08,82.528,92.575,99.725,101.59,104.698,130.48,1990,2023,NA,NA,NA,NA,NA,NA
"TX00004",110,32,76.05,82.506,92.56,99.705,101.7575,104.748,131.28,1990,2023,NA,NA,NA,NA,NA,NA
"TX00004",111,32,75.99,82.452,92.64,99.665,101.7875,104.048,131.97,1990,2023,NA,NA,NA,NA,NA,NA
"TX00004",112,32,75.94,82.444,92.5925,99.63,101.82,104.062,132.59,1990,2023,NA,NA,NA,NA,NA,NA
"TX00004",113,32,75.88,82.386,92.5725,99.6,101.78,103.6,132.77,1990,2023,NA,NA,NA,NA,NA,NA
"TX00004",114,32,75.87,82.347,92.5375,99.565,102.005,103.644,131.77,1990,2023,NA,NA,NA,NA,NA,NA
"TX00004",115,32,75.81,82.316,92.4775,99.53,102.41,103.664,129.82,1990,2023,NA,NA,NA,NA,NA,NA
"TX00004",116,32,75.81,82.278,92.4575,99.5,102.255,104.194,127.84,1990,2023,NA,NA,NA,NA,NA,NA
"TX00004",117,32,76.1,82.256,92.4075,99.47,102.1,104.533,125.84,1990,2023,NA,NA,NA,NA,NA,NA
"TX00004",118,32,76.1,82.216,92.37,99.425,102.0725,104.556,123.85,1990,2023,NA,NA,NA,NA,NA,NA
"TX00004",119,32,76.08,82.151,92.33,99.465,102.0725,104.494,121.81,1990,2023,NA,NA,NA,NA,NA,NA
"TX00004",120,32,76.12,82.075,92.2525,99.405,102.0725,104.022,119.84,1990,2023,NA,NA,NA,NA,NA,NA
"TX00004",121,32,76.12,82.001,92.2275,99.345,102.065,103.358,117.32,1990,2023,NA,NA,NA,NA,NA,NA
"TX00004",122,32,76.12,81.972,92.3,99.545,102.02,103.488,115.8,1990,2023,NA,NA,NA,NA,NA,NA
"TX00004",123,32,76.12,81.88,92.5625,99.535,102.0125,104.321,114.3,1990,2023,NA,NA,NA,NA,NA,NA
"TX00004",124,32,76.06,81.797,92.5325,99.535,102.0575,103.538,111.78,1990,2023,NA,NA,NA,NA,NA,NA
"TX00004",125,32,76.03,81.739,92.97,99.815,102.015,103.416,109.76,1990,2023,NA,NA,NA,NA,NA,NA
"TX00004",126,32,76.01,81.683,93.1675,99.845,101.8925,103.397,107.77,1990,2023,NA,NA,NA,NA,NA,NA
"TX00004",127,32,75.97,81.66,93.1475,99.875,101.93,102.964,105.74,1990,2023,NA,NA,NA,NA,NA,NA
"TX00004",128,32,75.94,81.678,93.105,99.855,101.8625,102.98,104.25,1990,2023,NA,NA,NA,NA,NA,NA
"TX00004",129,32,75.94,81.751,93.04,99.855,101.8475,103.34,103.63,1990,2023,NA,NA,NA,NA,NA,NA
"TX00004",130,32,75.9,81.69,93.045,99.865,101.9275,103.286,104.54,1990,2023,NA,NA,NA,NA,NA,NA
"TX00004",131,32,75.88,81.673,93.005,99.855,101.9225,103.214,105.11,1990,2023,NA,NA,NA,NA,NA,NA
"TX00004",132,32,75.83,81.961,93.09,99.84,101.8975,103.126,105.52,1990,2023,NA,NA,NA,NA,NA,NA
"TX00004",133,32,75.78,82.211,93.09,99.83,102.085,103.044,105.72,1990,2023,NA,NA,NA,NA,NA,NA
"TX00004",134,32,75.74,82.268,93.02,99.785,102.5425,102.987,105.67,1990,2023,NA,NA,NA,NA,NA,NA
"TX00004",135,32,75.7,83.219,92.96,99.755,102.8275,103.209,105.65,1990,2023,NA,NA,NA,NA,NA,NA
"TX00004",136,32,75.83,83.992,92.92,99.725,102.6975,103.541,106.17,1990,2023,NA,NA,NA,NA,NA,NA
"TX00004",137,32,75.78,86.685,92.8475,99.695,102.71,103.586,106.55,1990,2023,NA,NA,NA,NA,NA,NA
"TX00004",138,32,75.7,88.741,92.8,99.715,102.47,103.939,106.64,1990,2023,NA,NA,NA,NA,NA,NA
"TX00004",139,32,75.65,89.626,92.795,99.66,102.57,103.694,106.55,1990,2023,NA,NA,NA,NA,NA,NA
"TX00004",140,32,75.61,89.685,92.88,99.615,102.535,104.688,106.44,1990,2023,NA,NA,NA,NA,NA,NA
"TX00004",141,32,75.58,89.696,92.8425,99.565,102.4625,104.993,110.84,1990,2023,NA,NA,NA,NA,NA,NA
"TX00004",142,32,75.56,89.702,92.7925,99.53,102.355,105.22,113.21,1990,2023,NA,NA,NA,NA,NA,NA
"TX00004",143,32,75.58,89.807,93.1675,99.595,102.2275,105.512,118.42,1990,2023,NA,NA,NA,NA,NA,NA
"TX00004",144,32,75.56,89.901,93.0825,99.625,102.3225,106.582,122.87,1990,2023,NA,NA,NA,NA,NA,NA
"TX00004",145,32,75.5,90.101,93.025,99.605,102.3475,107.034,133.86,1990,2023,NA,NA,NA,NA,NA,NA
"TX00004",146,32,75.49,90.184,92.945,99.6,102.3475,108.139,137.09,1990,2023,NA,NA,NA,NA,NA,NA
"TX00004",147,32,75.43,90.229,92.8575,99.665,102.31,107.598,139.15,1990,2023,NA,NA,NA,NA,NA,NA
"TX00004",148,32,75.4,90.267,92.8825,99.74,102.3675,108.019,140.75,1990,2023,NA,NA,NA,NA,NA,NA
"TX00004",149,32,75.45,90.454,92.8275,99.795,102.4475,107.433,143.14,1990,2023,NA,NA,NA,NA,NA,NA
"TX00004",150,32,75.41,90.528,92.7625,99.98,102.585,107.139,144.83,1990,2023,NA,NA,NA,NA,NA,NA
"TX00004",151,32,75.36,90.611,92.6925,99.97,102.97,114.115,145.92,1990,2023,NA,NA,NA,NA,NA,NA
"TX00004",152,32,75.31,90.62,92.655,99.945,103.035,114.67,146.11,1990,2023,NA,NA,NA,NA,NA,NA
"TX00004",153,32,75.29,90.631,92.595,99.925,102.7725,113.191,145.61,1990,2023,NA,NA,NA,NA,NA,NA
"TX00004",154,32,75.34,90.588,92.5225,99.905,102.565,111.683,144.88,1990,2023,NA,NA,NA,NA,NA,NA
"TX00004",155,32,75.31,90.5,92.405,99.83,102.255,105.34,143.66,1990,2023,NA,NA,NA,NA,NA,NA
"TX00004",156,32,75.25,90.46,92.38,99.81,102.435,105.39,141.96,1990,2023,NA,NA,NA,NA,NA,NA
"TX00004",157,32,75.18,90.46,92.395,99.81,102.5,105.39,140.18,1990,2023,NA,NA,NA,NA,NA,NA
"TX00004",158,32,75.11,90.42,92.475,99.76,102.53,105.24,138.26,1990,2023,NA,NA,NA,NA,NA,NA
"TX00004",159,32,75.07,90.4,92.525,99.74,102.475,105.39,136.34,1990,2023,NA,NA,NA,NA,NA,NA
"TX00004",160,32,75,90.36,92.54,99.68,102.61,105.32,134.39,1990,2023,NA,NA,NA,NA,NA,NA
"TX00004",161,32,74.95,90.399,92.8125,99.63,102.88,108.556,132.38,1990,2023,NA,NA,NA,NA,NA,NA
"TX00004",162,33,74.89,90.402,92.94,99.57,102.58,112.108,130.31,1990,2023,NA,NA,NA,NA,NA,NA
"TX00004",163,32,74.82,90.286,92.945,99.525,102.53,113.86,128.23,1990,2023,NA,NA,NA,NA,NA,NA
"TX00004",164,32,74.79,90.222,93.025,99.485,102.34,114.641,126.11,1990,2023,NA,NA,NA,NA,NA,NA
"TX00004",165,32,74.71,90.181,93.015,99.425,102.335,115.215,125.01,1990,2023,NA,NA,NA,NA,NA,NA
"TX00004",166,32,74.64,90.119,93,99.365,102.2525,115.178,124.23,1990,2023,NA,NA,NA,NA,NA,NA
"TX00004",167,32,74.57,90.055,92.945,99.36,102.3175,114.327,123.51,1990,2023,NA,NA,NA,NA,NA,NA
"TX00004",168,32,74.5,89.991,92.975,99.285,102.35,112.758,122.72,1990,2023,NA,NA,NA,NA,NA,NA
"TX00004",169,32,74.43,89.973,92.93,99.205,102.3675,110.776,121.44,1990,2023,NA,NA,NA,NA,NA,NA
"TX00004",170,32,74.36,89.911,92.88,99.13,102.2375,108.835,119.48,1990,2023,NA,NA,NA,NA,NA,NA
"TX00004",171,32,74.29,89.875,92.78,99.075,102.0725,106.968,117.47,1990,2023,NA,NA,NA,NA,NA,NA
"TX00004",172,32,74.23,89.871,92.67,99.015,102.4125,106.149,115.68,1990,2023,NA,NA,NA,NA,NA,NA
"TX00004",173,32,74.18,89.829,92.8325,98.95,102.605,104.286,138.02,1990,2023,NA,NA,NA,NA,NA,NA
"TX00004",174,32,74.12,89.784,92.8525,98.875,102.5525,103.873,162.81,1990,2023,NA,NA,NA,NA,NA,NA
"TX00004",175,33,74.07,89.79,93.07,98.73,102.47,103.704,168.75,1990,2023,NA,NA,NA,NA,NA,NA
"TX00004",176,32,74,89.694,92.775,98.725,102.83,103.583,172.2,1990,2023,NA,NA,NA,NA,NA,NA
"TX00004",177,32,73.93,89.652,92.8275,98.68,102.88,103.655,174.72,1990,2023,NA,NA,NA,NA,NA,NA
"TX00004",178,32,73.86,89.592,92.7575,98.62,102.8225,103.866,175.1,1990,2023,NA,NA,NA,NA,NA,NA
"TX00004",179,32,73.79,89.53,92.62,98.65,102.9475,103.98,174.28,1990,2023,NA,NA,NA,NA,NA,NA
"TX00004",180,31,73.72,89.42,92.5,98.71,102.815,104.49,173.24,1990,2023,NA,NA,NA,NA,NA,NA
"TX00004",181,31,73.63,89.34,92.425,99.98,102.805,104.43,172.04,1990,2023,NA,NA,NA,NA,NA,NA
"TX00004",182,31,73.54,89.3,92.365,99.89,103.05,105.67,170.67,1990,2023,NA,NA,NA,NA,NA,NA
"TX00004",183,31,73.41,89.28,92.28,99.81,103.045,105.8,169.24,1990,2023,NA,NA,NA,NA,NA,NA
"TX00004",184,31,73.29,89.2,92.23,99.68,103.05,106.7,175.16,1990,2023,NA,NA,NA,NA,NA,NA
"TX00004",185,31,73.2,89.16,92.16,99.55,103.055,107.86,202.4,1990,2023,NA,NA,NA,NA,NA,NA
"TX00004",186,31,73.08,89.08,92.11,99.46,103.02,108.23,214,1990,2023,NA,NA,NA,NA,NA,NA
"TX00004",187,31,73.06,89.04,92.02,99.38,102.97,108.39,212.39,1990,2023,NA,NA,NA,NA,NA,NA
"TX00004",188,31,73.03,89,91.94,99.27,102.965,107.75,204.95,1990,2023,NA,NA,NA,NA,NA,NA
"TX00004",189,31,72.94,88.92,91.9,99.18,102.995,107.16,201.63,1990,2023,NA,NA,NA,NA,NA,NA
"TX00004",190,31,72.87,88.88,91.8,99.12,102.95,107.16,199.97,1990,2023,NA,NA,NA,NA,NA,NA
"TX00004",191,31,72.78,88.88,91.71,99.03,102.865,107.07,199.01,1990,2023,NA,NA,NA,NA,NA,NA
"TX00004",192,31,72.71,88.98,91.655,98.97,102.74,105.26,198.32,1990,2023,NA,NA,NA,NA,NA,NA
"TX00004",193,31,72.64,89.14,91.54,98.9,102.61,103.59,197.84,1990,2023,NA,NA,NA,NA,NA,NA
"TX00004",194,31,72.55,89.14,91.42,98.84,102.485,103.36,197.63,1990,2023,NA,NA,NA,NA,NA,NA
"TX00004",195,31,72.44,89.08,91.31,98.78,102.31,103.12,198.25,1990,2023,NA,NA,NA,NA,NA,NA
"TX00004",196,31,72.36,89,91.185,98.69,102.21,103.25,199.32,1990,2023,NA,NA,NA,NA,NA,NA
"TX00004",197,31,72.29,88.92,91.06,98.65,102.12,102.64,198.8,1990,2023,NA,NA,NA,NA,NA,NA
"TX00004",198,31,72.23,88.84,90.94,98.61,101.995,102.42,198.77,1990,2023,NA,NA,NA,NA,NA,NA
"TX00004",199,31,72.13,88.76,90.815,98.54,101.905,102.36,198.49,1990,2023,NA,NA,NA,NA,NA,NA
"TX00004",200,31,72.08,88.78,90.665,98.5,101.725,102.36,197.94,1990,2023,NA,NA,NA,NA,NA,NA
"TX00004",201,31,71.99,88.68,90.53,98.43,101.815,102.38,197.53,1990,2023,NA,NA,NA,NA,NA,NA
"TX00004",202,31,71.94,88.6,90.41,98.37,101.76,102.95,197.19,1990,2023,NA,NA,NA,NA,NA,NA
"TX00004",203,31,71.85,88.5,90.295,98.31,101.45,103.03,196.88,1990,2023,NA,NA,NA,NA,NA,NA
"TX00004",204,31,71.78,88.4,90.185,98.24,101.375,103.01,196.64,1990,2023,NA,NA,NA,NA,NA,NA
"TX00004",205,31,71.69,88.32,90.095,99.08,101.435,102.92,196.47,1990,2023,NA,NA,NA,NA,NA,NA
"TX00004",206,31,71.61,88.24,90.09,99.1,101.395,102.75,196.3,1990,2023,NA,NA,NA,NA,NA,NA
"TX00004",207,31,71.52,88.14,90.01,99.05,101.31,102.57,196.16,1990,2023,NA,NA,NA,NA,NA,NA
"TX00004",208,31,71.43,88.06,89.9,98.97,101.23,102.37,196.06,1990,2023,NA,NA,NA,NA,NA,NA
"TX00004",209,31,71.34,87.96,89.8,98.86,101.15,102.13,195.99,1990,2023,NA,NA,NA,NA,NA,NA
"TX00004",210,31,71.28,87.86,89.7,98.71,101.065,102.03,195.89,1990,2023,NA,NA,NA,NA,NA,NA
"TX00004",211,31,71.38,87.78,89.59,98.61,100.985,102.14,195.79,1990,2023,NA,NA,NA,NA,NA,NA
"TX00004",212,31,71.34,87.7,89.485,98.52,100.91,102.2,195.72,1990,2023,NA,NA,NA,NA,NA,NA
"TX00004",213,31,71.26,87.64,89.38,98.43,100.835,102.31,195.65,1990,2023,NA,NA,NA,NA,NA,NA
"TX00004",214,31,71.21,87.54,89.295,98.43,100.76,102.47,195.55,1990,2023,NA,NA,NA,NA,NA,NA
"TX00004",215,31,71.1,87.44,89.205,98.46,100.695,102.54,195.48,1990,2023,NA,NA,NA,NA,NA,NA
"TX00004",216,31,71.05,87.36,89.135,98.48,100.635,102.54,195.38,1990,2023,NA,NA,NA,NA,NA,NA
"TX00004",217,31,70.98,87.26,89.055,98.39,100.55,102.49,195.31,1990,2023,NA,NA,NA,NA,NA,NA
"TX00004",218,31,70.91,87.15,89.015,98.29,100.45,102.45,195.25,1990,2023,NA,NA,NA,NA,NA,NA
"TX00004",219,32,70.79,81.247,88.6025,97.755,100.2875,102.26,195.21,1990,2023,NA,NA,NA,NA,NA,NA
"TX00004",220,32,70.67,81.156,88.5075,97.635,100.21,102.332,195.18,1990,2023,NA,NA,NA,NA,NA,NA
"TX00004",221,32,70.54,81.108,88.3975,97.595,100.1,102.466,195.14,1990,2023,NA,NA,NA,NA,NA,NA
"TX00004",222,32,70.42,81.001,88.3175,97.545,100.42,102.756,194.3,1990,2023,NA,NA,NA,NA,NA,NA
"TX00004",223,32,70.26,80.953,88.2025,97.49,100.35,102.797,192.78,1990,2023,NA,NA,NA,NA,NA,NA
"TX00004",224,32,70.13,80.882,88.0575,97.405,100.2625,102.864,191.23,1990,2023,NA,NA,NA,NA,NA,NA
"TX00004",225,31,70,80.15,87.865,97.73,100.305,102.96,189.63,1990,2023,NA,NA,NA,NA,NA,NA
"TX00004",226,31,69.91,80.08,87.785,97.69,100.215,102.91,188,1990,2023,NA,NA,NA,NA,NA,NA
"TX00004",227,32,69.83,80.65,87.9075,97.29,100.0275,102.655,185.92,1990,2023,NA,NA,NA,NA,NA,NA
"TX00004",228,32,69.71,80.539,87.8175,97.275,99.975,102.567,183.49,1990,2023,NA,NA,NA,NA,NA,NA
"TX00004",229,32,69.61,80.45,87.745,97.215,99.88,102.359,181.05,1990,2023,NA,NA,NA,NA,NA,NA
"TX00004",230,32,69.52,80.37,87.655,97.15,99.7775,102.151,178.63,1990,2023,NA,NA,NA,NA,NA,NA
"TX00004",231,32,69.43,80.243,87.6,97.075,99.6625,101.954,176.43,1990,2023,NA,NA,NA,NA,NA,NA
"TX00004",232,32,69.31,80.171,87.535,96.995,99.58,101.864,173.64,1990,2023,NA,NA,NA,NA,NA,NA
"TX00004",233,32,69.22,80.055,87.465,96.95,99.5,101.889,171.2,1990,2023,NA,NA,NA,NA,NA,NA
"TX00004",234,31,69.79,85.67,87.945,97.12,99.56,102.01,168.78,1990,2023,NA,NA,NA,NA,NA,NA
"TX00004",235,31,69.71,85.59,87.905,97.05,99.48,102.09,166.36,1990,2023,NA,NA,NA,NA,NA,NA
"TX00004",236,31,69.62,85.47,87.825,97.46,99.405,102.25,163.92,1990,2023,NA,NA,NA,NA,NA,NA
"TX00004",237,31,69.53,85.41,87.745,97.37,99.32,102.23,161.49,1990,2023,NA,NA,NA,NA,NA,NA
"TX00004",238,31,69.47,85.34,87.665,97.31,99.365,102,159.05,1990,2023,NA,NA,NA,NA,NA,NA
"TX00004",239,31,69.43,85.28,87.575,97.37,99.39,101.89,156.58,1990,2023,NA,NA,NA,NA,NA,NA
"TX00004",240,31,69.38,85.16,87.515,97.27,99.385,101.82,154.16,1990,2023,NA,NA,NA,NA,NA,NA
"TX00004",241,31,69.28,85.06,87.445,97.18,99.35,101.74,151.89,1990,2023,NA,NA,NA,NA,NA,NA
"TX00004",242,31,69.19,84.97,87.415,97.12,99.275,101.65,149.48,1990,2023,NA,NA,NA,NA,NA,NA
"TX00004",243,31,69.11,84.85,87.335,97.05,99.32,101.56,147.09,1990,2023,NA,NA,NA,NA,NA,NA
"TX00004",244,31,69.04,84.77,87.245,97.03,99.24,101.47,144.67,1990,2023,NA,NA,NA,NA,NA,NA
"TX00004",245,31,68.97,84.69,87.555,96.97,99.21,101.41,142.29,1990,2023,NA,NA,NA,NA,NA,NA
"TX00004",246,31,68.89,84.6,87.545,96.95,99.165,101.32,139.9,1990,2023,NA,NA,NA,NA,NA,NA
"TX00004",247,31,68.84,84.46,87.555,96.93,99.145,101.23,137.52,1990,2023,NA,NA,NA,NA,NA,NA
"TX00004",248,31,68.77,84.31,87.715,96.86,99.125,101.25,135.09,1990,2023,NA,NA,NA,NA,NA,NA
"TX00004",249,31,68.7,84.21,87.675,96.8,99.045,101.28,132.75,1990,2023,NA,NA,NA,NA,NA,NA
"TX00004",250,31,68.63,84.09,87.625,96.76,98.985,101.41,130.95,1990,2023,NA,NA,NA,NA,NA,NA
"TX00004",251,31,68.58,83.96,87.595,96.72,99.055,101.34,129.39,1990,2023,NA,NA,NA,NA,NA,NA
"TX00004",252,31,69.19,83.86,87.555,96.68,98.975,102,127.92,1990,2023,NA,NA,NA,NA,NA,NA
"TX00004",253,31,69.83,83.78,87.72,96.59,98.965,102.45,125.84,1990,2023,NA,NA,NA,NA,NA,NA
"TX00004",254,31,69.98,83.69,87.92,96.57,99.005,102.6,123.68,1990,2023,NA,NA,NA,NA,NA,NA
"TX00004",255,31,70.41,83.61,87.995,96.47,99.01,102.65,121.47,1990,2023,NA,NA,NA,NA,NA,NA
"TX00004",256,31,70.51,83.51,87.935,96.36,98.95,102.42,119.24,1990,2023,NA,NA,NA,NA,NA,NA
"TX00004",257,31,70.55,83.4,87.9,96.34,98.95,101.41,116.96,1990,2023,NA,NA,NA,NA,NA,NA
"TX00004",258,31,70.58,83.32,87.88,96.38,98.91,100.88,114.76,1990,2023,NA,NA,NA,NA,NA,NA
"TX00004",259,31,70.62,83.24,88.39,96.44,99.055,100.66,112.5,1990,2023,NA,NA,NA,NA,NA,NA
"TX00004",260,31,70.58,83.34,88.49,96.46,99.015,100.42,110.31,1990,2023,NA,NA,NA,NA,NA,NA
"TX00004",261,31,70.57,83.3,88.67,96.49,99.025,100.46,108.06,1990,2023,NA,NA,NA,NA,NA,NA
"TX00004",262,31,70.53,83.26,88.66,96.49,98.96,100.18,106.46,1990,2023,NA,NA,NA,NA,NA,NA
"TX00004",263,31,70.51,83.17,88.63,96.49,98.95,100.13,104.38,1990,2023,NA,NA,NA,NA,NA,NA
"TX00004",264,31,70.48,83.11,88.64,96.46,98.95,100.13,103.17,1990,2023,NA,NA,NA,NA,NA,NA
"TX00004",265,31,70.62,82.96,88.66,96.44,98.875,100.39,103.12,1990,2023,NA,NA,NA,NA,NA,NA
"TX00004",266,31,70.6,82.82,88.83,96.36,98.865,99.98,102.92,1990,2023,NA,NA,NA,NA,NA,NA
"TX00004",267,31,70.58,82.69,88.865,96.3,98.925,100,102.48,1990,2023,NA,NA,NA,NA,NA,NA
"TX00004",268,31,70.55,82.55,88.86,96.23,98.97,100.02,102.24,1990,2023,NA,NA,NA,NA,NA,NA
"TX00004",269,31,70.51,82.4,88.79,96.19,99.015,100.15,102.11,1990,2023,NA,NA,NA,NA,NA,NA
"TX00004",270,31,70.53,82.25,88.73,96.17,99.005,100.3,101.93,1990,2023,NA,NA,NA,NA,NA,NA
"TX00004",271,31,70.5,82.1,88.67,96.15,98.935,100.45,101.78,1990,2023,NA,NA,NA,NA,NA,NA
"TX00004",272,31,70.5,81.95,88.59,96.11,98.865,100.49,101.58,1990,2023,NA,NA,NA,NA,NA,NA
"TX00004",273,31,70.46,81.81,88.54,96.09,98.82,100.54,101.39,1990,2023,NA,NA,NA,NA,NA,NA
"TX00004",274,31,70.44,81.7,88.48,96.04,98.81,100.56,101.19,1990,2023,NA,NA,NA,NA,NA,NA
"TX00004",275,31,70.43,81.58,88.42,96.02,98.775,100.54,101.06,1990,2023,NA,NA,NA,NA,NA,NA
"TX00004",276,31,70.81,81.53,88.35,95.98,98.765,100.81,102.23,1990,2023,NA,NA,NA,NA,NA,NA
"TX00004",277,31,71.24,81.47,88.31,95.96,98.755,100.72,102.98,1990,2023,NA,NA,NA,NA,NA,NA
"TX00004",278,31,71.4,81.4,88.21,95.88,98.745,100.68,102.98,1990,2023,NA,NA,NA,NA,NA,NA
"TX00004",279,31,71.48,81.34,88.15,95.79,98.775,100.71,102.42,1990,2023,NA,NA,NA,NA,NA,NA
"TX00004",280,31,71.54,81.3,88.06,95.74,98.79,100.58,101.96,1990,2023,NA,NA,NA,NA,NA,NA
"TX00004",281,31,71.57,81.26,88.19,95.85,98.81,100.47,102.79,1990,2023,NA,NA,NA,NA,NA,NA
"TX00004",282,31,71.99,81.19,88.13,95.81,98.82,100.45,103.54,1990,2023,NA,NA,NA,NA,NA,NA
"TX00004",283,31,72.11,81.13,88.1,95.73,98.83,100.43,103.96,1990,2023,NA,NA,NA,NA,NA,NA
"TX00004",284,31,72.25,81.07,88.05,95.69,98.975,100.31,104.27,1990,2023,NA,NA,NA,NA,NA,NA
"TX00004",285,31,72.32,81.02,87.99,95.67,99.115,100.26,104.56,1990,2023,NA,NA,NA,NA,NA,NA
"TX00004",286,31,72.48,80.96,87.94,95.81,99.385,100.32,104.76,1990,2023,NA,NA,NA,NA,NA,NA
"TX00004",287,31,72.55,80.96,87.88,95.77,99.375,100.55,104.98,1990,2023,NA,NA,NA,NA,NA,NA
"TX00004",288,31,72.64,80.96,87.82,95.73,99.375,100.41,105.14,1990,2023,NA,NA,NA,NA,NA,NA
"TX00004",289,31,72.64,81.02,87.75,95.73,99.505,100.45,105.16,1990,2023,NA,NA,NA,NA,NA,NA
"TX00004",290,31,72.64,80.94,87.7,95.73,99.97,103.18,120.47,1990,2023,NA,NA,NA,NA,NA,NA
"TX00004",291,31,72.64,80.9,87.63,95.67,99.98,103.48,127.57,1990,2023,NA,NA,NA,NA,NA,NA
"TX00004",292,31,72.62,80.85,87.59,95.67,99.94,103.28,129.26,1990,2023,NA,NA,NA,NA,NA,NA
"TX00004",293,31,72.62,80.79,87.53,95.65,99.905,103.06,130.3,1990,2023,NA,NA,NA,NA,NA,NA
"TX00004",294,31,72.81,80.75,87.45,95.62,99.875,102.84,131.02,1990,2023,NA,NA,NA,NA,NA,NA
"TX00004",295,31,73.56,80.72,87.42,95.56,99.84,102.64,131.56,1990,2023,NA,NA,NA,NA,NA,NA
"TX00004",296,31,73.96,80.66,87.44,95.54,99.8,102.42,132,1990,2023,NA,NA,NA,NA,NA,NA
"TX00004",297,31,74.2,80.58,87.49,95.56,99.77,105.44,132.39,1990,2023,NA,NA,NA,NA,NA,NA
"TX00004",298,31,74.37,80.53,88.495,95.56,99.765,106.91,132.77,1990,2023,NA,NA,NA,NA,NA,NA
"TX00004",299,31,75.38,80.47,88.435,96.7,99.755,106.28,133.11,1990,2023,NA,NA,NA,NA,NA,NA
"TX00004",300,31,75.81,80.45,88.36,96.66,99.745,105.32,133.45,1990,2023,NA,NA,NA,NA,NA,NA
"TX00004",301,31,76.14,80.36,88.36,96.59,99.885,104.31,133.73,1990,2023,NA,NA,NA,NA,NA,NA
"TX00004",302,31,76.23,80.3,88.91,96.55,99.92,103.22,134.02,1990,2023,NA,NA,NA,NA,NA,NA
"TX00004",303,31,76.17,80.25,88.86,96.99,99.905,102.51,134.12,1990,2023,NA,NA,NA,NA,NA,NA
"TX00004",304,31,76.12,80.49,88.86,97.41,100.11,106.23,134.07,1990,2023,NA,NA,NA,NA,NA,NA
"TX00004",305,31,76.03,80.42,88.825,97.39,100.075,105.76,134.7,1990,2023,NA,NA,NA,NA,NA,NA
"TX00004",306,31,75.94,80.38,88.72,97.48,100.055,105.53,134.96,1990,2023,NA,NA,NA,NA,NA,NA
"TX00004",307,31,75.88,80.28,88.71,97.41,100.065,104.43,134.99,1990,2023,NA,NA,NA,NA,NA,NA
"TX00004",308,31,76.1,80.21,88.62,97.39,100.08,105.44,134.83,1990,2023,NA,NA,NA,NA,NA,NA
"TX00004",309,31,76.41,80.1,88.545,97.33,100.07,104.68,134.33,1990,2023,NA,NA,NA,NA,NA,NA
"TX00004",310,31,76.52,80.06,88.48,97.27,100.02,104.68,133.76,1990,2023,NA,NA,NA,NA,NA,NA
"TX00004",311,31,76.54,80.04,88.43,97.2,99.99,104.2,133.29,1990,2023,NA,NA,NA,NA,NA,NA
"TX00004",312,31,76.54,80,88.37,97.16,100.03,103.91,132.77,1990,2023,NA,NA,NA,NA,NA,NA
"TX00004",313,31,76.52,79.91,88.295,97.14,100.1,103.54,132.13,1990,2023,NA,NA,NA,NA,NA,NA
"TX00004",314,31,76.48,79.85,88.225,97.16,100.065,103.17,131.12,1990,2023,NA,NA,NA,NA,NA,NA
"TX00004",315,31,76.45,79.82,88.18,97.2,100.045,102.84,129.97,1990,2023,NA,NA,NA,NA,NA,NA
"TX00004",316,31,76.34,79.8,88.125,97.29,100.135,102.48,129.46,1990,2023,NA,NA,NA,NA,NA,NA
"TX00004",317,31,76.26,79.76,88.065,97.31,100.175,102.1,129.85,1990,2023,NA,NA,NA,NA,NA,NA
"TX00004",318,31,76.19,79.72,88,97.29,100.195,101.88,130.51,1990,2023,NA,NA,NA,NA,NA,NA
"TX00004",319,31,76.15,79.74,87.95,97.27,100.33,103.22,131.25,1990,2023,NA,NA,NA,NA,NA,NA
"TX00004",320,31,76.15,79.65,87.94,97.22,100.24,104.34,131.92,1990,2023,NA,NA,NA,NA,NA,NA
"TX00004",321,31,76.08,79.57,87.95,97.22,100.16,105.6,132.54,1990,2023,NA,NA,NA,NA,NA,NA
"TX00004",322,31,76.01,79.52,87.945,97.22,100.195,114.13,133.11,1990,2023,NA,NA,NA,NA,NA,NA
"TX00004",323,31,75.99,79.5,87.925,97.25,100.28,112.85,133.65,1990,2023,NA,NA,NA,NA,NA,NA
"TX00004",324,31,75.97,79.44,87.88,98.33,100.275,111.48,133.89,1990,2023,NA,NA,NA,NA,NA,NA
"TX00004",325,31,75.99,79.48,87.83,98.56,100.265,110.13,133.81,1990,2023,NA,NA,NA,NA,NA,NA
"TX00004",326,30,76.25,79.425,86.6425,97.725,100.1425,109.979,133.71,1990,2023,NA,NA,NA,NA,NA,NA
"TX00004",327,31,76.28,79.41,87.71,98.61,100.1,107.7,135.89,1990,2023,NA,NA,NA,NA,NA,NA
"TX00004",328,31,76.26,79.35,87.655,98.61,100.025,107.7,139.15,1990,2023,NA,NA,NA,NA,NA,NA
"TX00004",329,31,76.25,79.31,87.57,98.56,100.03,107.61,141,1990,2023,NA,NA,NA,NA,NA,NA
"TX00004",330,31,76.23,79.52,87.53,98.5,100.025,107.27,142.53,1990,2023,NA,NA,NA,NA,NA,NA
"TX00004",331,31,76.21,79.37,87.485,98.43,100.07,106.82,143.97,1990,2023,NA,NA,NA,NA,NA,NA
"TX00004",332,31,76.17,79.33,87.43,98.37,100.12,106.21,145,1990,2023,NA,NA,NA,NA,NA,NA
"TX00004",333,31,76.15,79.28,87.435,98.35,100.12,105.45,145.58,1990,2023,NA,NA,NA,NA,NA,NA
"TX00004",334,31,76.15,79.29,87.555,98.29,100.11,104.67,145.83,1990,2023,NA,NA,NA,NA,NA,NA
"TX00004",335,31,76.12,79.46,87.49,98.24,100.085,104.32,144.88,1990,2023,NA,NA,NA,NA,NA,NA
"TX00004",336,31,76.08,79.52,87.435,98.2,100.105,104.3,143.19,1990,2023,NA,NA,NA,NA,NA,NA
"TX00004",337,31,76.06,79.55,87.38,98.15,100.075,104.16,141.52,1990,2023,NA,NA,NA,NA,NA,NA
"TX00004",338,31,76.06,79.61,87.33,98.13,100.045,104.07,139.78,1990,2023,NA,NA,NA,NA,NA,NA
"TX00004",339,31,76.08,79.65,87.28,98.09,100.165,103.98,138,1990,2023,NA,NA,NA,NA,NA,NA
"TX00004",340,31,76.06,79.7,87.25,98.05,100.32,103.54,136.24,1990,2023,NA,NA,NA,NA,NA,NA
"TX00004",341,31,76.03,79.76,87.215,98,100.465,103.34,134.52,1990,2023,NA,NA,NA,NA,NA,NA
"TX00004",342,31,76.01,79.85,87.17,97.96,100.575,103.61,132.69,1990,2023,NA,NA,NA,NA,NA,NA
"TX00004",343,31,75.99,79.87,87.12,97.9,100.64,103.45,130.87,1990,2023,NA,NA,NA,NA,NA,NA
"TX00004",344,31,75.97,79.89,87.1,97.82,100.57,103.34,129,1990,2023,NA,NA,NA,NA,NA,NA
"TX00004",345,31,75.97,79.93,87.08,97.78,100.53,103.56,127.07,1990,2023,NA,NA,NA,NA,NA,NA
"TX00004",346,31,75.96,79.98,87.06,97.73,100.485,104.03,125.13,1990,2023,NA,NA,NA,NA,NA,NA
"TX00004",347,31,75.94,80.04,87.04,97.71,100.57,104.36,123.19,1990,2023,NA,NA,NA,NA,NA,NA
"TX00004",348,31,75.94,80.1,87.025,97.67,100.565,104.68,121.17,1990,2023,NA,NA,NA,NA,NA,NA
"TX00004",349,31,75.92,80.13,87,97.67,100.57,104.99,119.14,1990,2023,NA,NA,NA,NA,NA,NA
"TX00004",350,31,75.88,80.12,86.975,97.61,100.51,105.3,117.11,1990,2023,NA,NA,NA,NA,NA,NA
"TX00004",351,31,75.87,80.21,86.945,97.64,100.54,105.19,115.13,1990,2023,NA,NA,NA,NA,NA,NA
"TX00004",352,31,75.87,80.25,86.995,97.58,100.585,104.94,113.13,1990,2023,NA,NA,NA,NA,NA,NA
"TX00004",353,31,75.87,80.28,87.715,97.58,100.615,104.18,111.12,1990,2023,NA,NA,NA,NA,NA,NA
"TX00004",354,31,75.83,80.32,91.075,97.53,100.675,103.06,109.1,1990,2023,NA,NA,NA,NA,NA,NA
"TX00004",355,31,75.79,80.32,91.085,97.54,100.7,103.39,121.33,1990,2023,NA,NA,NA,NA,NA,NA
"TX00004",356,31,75.78,80.4,91.08,97.51,100.67,103.03,140.66,1990,2023,NA,NA,NA,NA,NA,NA
"TX00004",357,31,75.74,80.42,91.075,97.48,100.635,102.73,146.2,1990,2023,NA,NA,NA,NA,NA,NA
"TX00004",358,31,75.67,80.51,91.03,97.62,100.595,102.35,149.42,1990,2023,NA,NA,NA,NA,NA,NA
"TX00004",359,31,75.61,80.47,90.99,97.55,100.56,102.02,151.61,1990,2023,NA,NA,NA,NA,NA,NA
"TX00004",360,31,75.59,80.49,90.955,97.49,100.625,101.89,153.5,1990,2023,NA,NA,NA,NA,NA,NA
"TX00004",361,31,75.58,80.51,90.925,97.47,100.635,101.76,154.48,1990,2023,NA,NA,NA,NA,NA,NA
"TX00004",362,32,75.59,80.655,91.89,98.495,100.5725,101.758,153.85,1990,2023,NA,NA,NA,NA,NA,NA
"TX00004",363,32,75.56,80.735,91.8375,98.51,100.6775,101.682,152.81,1990,2023,NA,NA,NA,NA,NA,NA
"TX00004",364,32,75.54,80.765,91.81,98.505,100.6375,101.689,151.61,1990,2023,NA,NA,NA,NA,NA,NA
"TX00004",365,32,75.49,80.791,91.81,98.515,100.585,101.248,150.33,1990,2023,NA,NA,NA,NA,NA,NA
"TX00004",366,8,77.87,80.642,87.1475,100.11,100.5075,100.704,100.9,1990,2023,NA,NA,NA,NA,NA,NA
"TX00004",1,33,75.47,80.898,89.01,97.51,100.39,101.244,149.11,1990,2023,NA,NA,NA,NA,NA,NA
"TX00004",2,33,75.5,80.89,88.98,97.47,100.39,101.176,147.98,1990,2023,NA,NA,NA,NA,NA,NA
"TX00004",3,33,75.58,80.934,88.95,97.45,100.32,101.186,146.75,1990,2023,NA,NA,NA,NA,NA,NA
"TX00004",4,33,75.54,80.914,88.92,97.47,100.32,101.03,145.42,1990,2023,NA,NA,NA,NA,NA,NA
"TX00004",5,33,75.52,80.918,88.89,97.47,100.3,100.914,144.04,1990,2023,NA,NA,NA,NA,NA,NA
"TX00004",6,33,75.49,80.928,88.87,97.45,100.28,100.752,142.59,1990,2023,NA,NA,NA,NA,NA,NA
"TX00004",7,33,75.47,80.912,88.86,97.43,100.23,100.742,141.12,1990,2023,NA,NA,NA,NA,NA,NA
"TX00004",8,33,75.43,80.906,88.84,97.36,100.22,100.73,139.63,1990,2023,NA,NA,NA,NA,NA,NA
"TX00004",9,33,75.41,80.948,88.77,97.68,100.25,100.52,137.97,1990,2023,NA,NA,NA,NA,NA,NA
"TX00004",10,33,75.43,80.956,88.76,97.64,100.23,100.762,136.27,1990,2023,NA,NA,NA,NA,NA,NA
"TX00004",11,33,75.45,80.97,88.91,97.58,100.04,100.84,134.65,1990,2023,NA,NA,NA,NA,NA,NA
"TX00004",12,32,75.43,80.825,88.285,97.195,100.05,101.108,133.03,1990,2023,NA,NA,NA,NA,NA,NA
"TX00004",13,32,75.43,80.859,88.2525,97.175,100.055,101.329,131.28,1990,2023,NA,NA,NA,NA,NA,NA
"TX00004",14,32,75.41,80.972,88.2225,97.185,100.035,101.538,129.49,1990,2023,NA,NA,NA,NA,NA,NA
"TX00004",15,32,75.41,81.485,88.2,97.24,100.0225,101.746,127.69,1990,2023,NA,NA,NA,NA,NA,NA
"TX00004",16,32,75.4,81.94,88.1925,97.26,100.225,101.834,125.86,1990,2023,NA,NA,NA,NA,NA,NA
"TX00004",17,32,75.38,82.198,88.175,97.27,100.265,101.884,124.15,1990,2023,NA,NA,NA,NA,NA,NA
"TX00004",18,32,75.38,82.19,88.16,97.24,100.2525,101.928,122.52,1990,2023,NA,NA,NA,NA,NA,NA
"TX00004",19,33,75.36,82.276,88.65,97.64,100.19,101.908,120.86,1990,2023,NA,NA,NA,NA,NA,NA
"TX00004",20,33,75.36,82.33,88.68,97.64,100.22,101.992,119.12,1990,2023,NA,NA,NA,NA,NA,NA
"TX00004",21,33,75.43,82.348,88.68,97.62,100.22,102.08,117.51,1990,2023,NA,NA,NA,NA,NA,NA
"TX00004",22,33,76.1,82.378,88.67,97.55,100.22,102.166,115.82,1990,2023,NA,NA,NA,NA,NA,NA
"TX00004",23,33,76.41,82.41,88.66,97.58,100.22,102.23,114.11,1990,2023,NA,NA,NA,NA,NA,NA
"TX00004",24,33,76.59,82.432,88.66,97.55,100.22,102.284,112.32,1990,2023,NA,NA,NA,NA,NA,NA
"TX00004",25,33,76.72,82.456,88.69,97.51,100.17,102.298,110.56,1990,2023,NA,NA,NA,NA,NA,NA
"TX00004",26,33,76.79,82.448,88.72,97.49,100.17,102.276,110.15,1990,2023,NA,NA,NA,NA,NA,NA
"TX00004",27,33,76.86,82.444,88.69,97.47,100.33,102.274,111.69,1990,2023,NA,NA,NA,NA,NA,NA
"TX00004",28,33,76.94,82.452,88.65,97.43,100.31,102.282,113.24,1990,2023,NA,NA,NA,NA,NA,NA
"TX00004",29,33,76.97,82.444,88.6,97.4,100.29,101.996,114.55,1990,2023,NA,NA,NA,NA,NA,NA
"TX00004",30,33,76.99,82.408,88.58,97.4,100.22,101.708,115.73,1990,2023,NA,NA,NA,NA,NA,NA
"TX00004",31,33,77.08,82.372,88.58,97.38,100.31,101.648,116.68,1990,2023,NA,NA,NA,NA,NA,NA
"TX00004",32,33,77.1,82.34,88.58,97.4,100.22,101.772,117.03,1990,2023,NA,NA,NA,NA,NA,NA
"TX00004",33,33,77.06,82.344,88.58,97.3,100.24,101.95,117.51,1990,2023,NA,NA,NA,NA,NA,NA
"TX00004",34,32,77.03,82.133,88.345,97.15,100.2975,101.997,120.09,1990,2023,NA,NA,NA,NA,NA,NA
"TX00004",35,32,76.99,82.142,89.4275,97.44,100.2625,101.951,132.64,1990,2023,NA,NA,NA,NA,NA,NA
"TX00004",36,32,76.97,82.137,90.815,97.57,100.2075,101.865,138.37,1990,2023,NA,NA,NA,NA,NA,NA
"TX00004",37,32,76.97,82.137,91.0775,97.675,100.1375,101.595,142.04,1990,2023,NA,NA,NA,NA,NA,NA
"TX00004",38,32,76.94,82.131,91.0575,97.735,100.1325,101.417,144.9,1990,2023,NA,NA,NA,NA,NA,NA
"TX00004",39,32,76.94,82.122,91.02,97.77,100.075,101.312,147.28,1990,2023,NA,NA,NA,NA,NA,NA
"TX00004",40,32,77.01,82.102,90.9975,97.855,100.0475,101.245,148.97,1990,2023,NA,NA,NA,NA,NA,NA
"TX00004",41,32,76.97,82.129,90.99,97.88,100.0575,101.223,149.67,1990,2023,NA,NA,NA,NA,NA,NA
"TX00004",42,32,77.01,82.145,90.975,97.91,100.1325,101.168,150.61,1990,2023,NA,NA,NA,NA,NA,NA
"TX00004",43,32,76.99,82.125,90.9675,98.135,100.215,101.14,151.86,1990,2023,NA,NA,NA,NA,NA,NA
"TX00004",44,32,76.97,82.094,90.9175,98.455,100.235,101.103,152.35,1990,2023,NA,NA,NA,NA,NA,NA
"TX00004",45,32,76.96,82.054,90.895,98.735,100.32,101.03,152.44,1990,2023,NA,NA,NA,NA,NA,NA
"TX00004",46,32,76.92,82.036,90.8875,98.92,100.3375,101.019,151.66,1990,2023,NA,NA,NA,NA,NA,NA
"TX00004",47,32,76.9,82.018,90.8875,99.12,100.3375,101.27,150.38,1990,2023,NA,NA,NA,NA,NA,NA
"TX00004",48,32,76.88,81.962,90.88,99.18,100.3275,100.965,149,1990,2023,NA,NA,NA,NA,NA,NA
"TX00004",49,32,76.88,81.944,90.88,99.16,100.1325,100.918,147.56,1990,2023,NA,NA,NA,NA,NA,NA
"TX00004",50,32,76.85,81.917,90.88,99.215,100.2475,100.888,146,1990,2023,NA,NA,NA,NA,NA,NA
"TX00004",51,32,76.79,81.863,90.87,99.16,100.2975,101.504,144.43,1990,2023,NA,NA,NA,NA,NA,NA
"TX00004",52,32,76.77,81.933,90.9075,99.12,100.4725,102.767,142.83,1990,2023,NA,NA,NA,NA,NA,NA
"TX00004",53,32,76.74,81.876,90.915,99.055,100.4975,102.915,142.23,1990,2023,NA,NA,NA,NA,NA,NA
"TX00004",54,32,76.68,81.84,90.975,99.005,100.4775,102.887,142.91,1990,2023,NA,NA,NA,NA,NA,NA
"TX00004",55,32,76.66,81.818,90.99,98.97,100.4675,102.805,144.56,1990,2023,NA,NA,NA,NA,NA,NA
"TX00004",56,32,76.66,81.8,91.0425,98.96,100.4975,102.709,147.09,1990,2023,NA,NA,NA,NA,NA,NA
"TX00004",57,32,76.66,81.741,91.0625,98.905,100.515,102.804,148.91,1990,2023,NA,NA,NA,NA,NA,NA
"TX00004",58,32,76.65,81.699,91.07,98.86,100.57,102.91,150.33,1990,2023,NA,NA,NA,NA,NA,NA
"TX00004",59,32,76.57,81.661,91.085,98.835,100.4625,102.755,151.58,1990,2023,NA,NA,NA,NA,NA,NA
"TX00004",60,32,76.52,81.623,91.0925,98.765,100.4325,102.56,152.44,1990,2023,NA,NA,NA,NA,NA,NA
"TX00004",61,32,76.46,81.611,91.0875,98.775,100.2875,102.41,152.61,1990,2023,NA,NA,NA,NA,NA,NA
"TX00004",62,32,76.41,81.554,91.0775,98.63,100.2075,102.517,152.46,1990,2023,NA,NA,NA,NA,NA,NA
"TX00004",63,32,76.39,81.52,91.0625,98.555,100.2075,102.503,152.72,1990,2023,NA,NA,NA,NA,NA,NA
"TX00004",64,32,76.37,81.48,91.0475,98.455,100.195,102.494,161.1,1990,2023,NA,NA,NA,NA,NA,NA
"TX00004",65,32,76.35,81.462,91.0575,98.44,100.2325,102.527,167.03,1990,2023,NA,NA,NA,NA,NA,NA
"TX00004",66,32,76.35,81.412,91.025,98.415,100.2875,102.536,169.77,1990,2023,NA,NA,NA,NA,NA,NA
"TX00004",67,32,76.32,81.417,90.98,98.48,100.3675,102.434,171.89,1990,2023,NA,NA,NA,NA,NA,NA
"TX00004",68,32,76.32,81.442,90.9575,98.425,100.0675,102.312,173.64,1990,2023,NA,NA,NA,NA,NA,NA
"TX00004",69,32,76.28,81.55,90.9275,98.38,100.2175,102.276,174.28,1990,2023,NA,NA,NA,NA,NA,NA
"TX00004",70,32,76.35,81.514,90.9275,98.395,100.295,102.492,173.49,1990,2023,NA,NA,NA,NA,NA,NA
"TX00004",71,32,76.59,81.475,92.6125,98.415,100.2825,102.553,172.29,1990,2023,NA,NA,NA,NA,NA,NA
"TX00004",72,32,76.65,81.507,92.8025,98.545,100.385,102.67,171.01,1990,2023,NA,NA,NA,NA,NA,NA
"TX00004",73,32,76.7,81.579,92.765,98.62,100.4975,102.753,169.71,1990,2023,NA,NA,NA,NA,NA,NA
"TX00004",74,32,76.77,81.624,92.77,98.725,100.525,102.662,168.32,1990,2023,NA,NA,NA,NA,NA,NA
"TX00004",75,32,76.75,81.656,92.7475,98.82,100.73,102.945,166.91,1990,2023,NA,NA,NA,NA,NA,NA
"TX00004",76,32,76.75,81.684,92.82,99,100.705,102.875,165.44,1990,2023,NA,NA,NA,NA,NA,NA
"TX00004",77,32,76.74,81.7,92.8475,99.055,100.6675,102.878,163.98,1990,2023,NA,NA,NA,NA,NA,NA
"TX00004",78,32,76.74,81.718,92.8625,99.12,100.6225,102.842,162.54,1990,2023,NA,NA,NA,NA,NA,NA
"TX00004",79,32,76.7,81.813,92.8,99.15,100.615,102.83,160.98,1990,2023,NA,NA,NA,NA,NA,NA
"TX00004",80,32,76.65,82.703,92.77,99.17,100.6225,102.816,159.37,1990,2023,NA,NA,NA,NA,NA,NA
"TX00004",81,32,76.63,83.119,92.77,99.19,100.5425,102.856,157.75,1990,2023,NA,NA,NA,NA,NA,NA
"TX00004",82,32,76.61,83.122,92.7475,99.205,100.5825,103.092,156.08,1990,2023,NA,NA,NA,NA,NA,NA
"TX00004",83,32,76.63,83.179,92.76,99.235,100.635,103.319,154.37,1990,2023,NA,NA,NA,NA,NA,NA
"TX00004",84,32,76.61,83.092,92.7575,99.24,100.6025,103.664,152.61,1990,2023,NA,NA,NA,NA,NA,NA
"TX00004",85,32,76.65,83.056,92.74,99.365,100.6075,103.316,150.84,1990,2023,NA,NA,NA,NA,NA,NA
"TX00004",86,32,76.68,83.068,92.78,99.375,100.835,103.256,149.05,1990,2023,NA,NA,NA,NA,NA,NA
"TX00004",87,32,76.54,83.081,92.88,99.375,100.8625,103.934,147.7,1990,2023,NA,NA,NA,NA,NA,NA
"TX00004",88,32,76.46,83.081,93.0225,99.49,100.8825,103.878,148.15,1990,2023,NA,NA,NA,NA,NA,NA
"TX00004",89,32,76.43,83.028,93.0375,99.575,100.8725,103.833,148.38,1990,2023,NA,NA,NA,NA,NA,NA
"TX00004",90,32,76.41,83.038,92.975,99.605,100.735,103.75,147.79,1990,2023,NA,NA,NA,NA,NA,NA
"TX00004",91,32,76.37,83.045,92.965,99.57,100.6525,103.777,146.67,1990,2023,NA,NA,NA,NA,NA,NA
"TX00004",92,32,76.3,83.033,93.0225,99.495,100.69,103.889,145.2,1990,2023,NA,NA,NA,NA,NA,NA
"TX00004",93,32,76.25,83.021,93.0725,99.535,100.79,103.702,143.55,1990,2023,NA,NA,NA,NA,NA,NA
"TX00004",94,32,76.23,83.009,93.0275,99.665,100.79,103.747,141.93,1990,2023,NA,NA,NA,NA,NA,NA
"TX00004",95,32,76.19,82.939,92.96,99.65,100.85,103.207,140.25,1990,2023,NA,NA,NA,NA,NA,NA
"TX00004",96,32,76.1,82.941,92.93,99.605,100.8525,102.696,139.34,1990,2023,NA,NA,NA,NA,NA,NA
"TX00004",97,32,76.05,82.941,92.915,99.76,100.865,102.57,140.01,1990,2023,NA,NA,NA,NA,NA,NA
"TX00004",98,32,76.01,82.907,92.9025,99.765,100.8575,109.1,141.12,1990,2023,NA,NA,NA,NA,NA,NA
"TX00004",99,32,75.97,82.846,92.815,99.76,100.92,110.205,142.01,1990,2023,NA,NA,NA,NA,NA,NA
"TX00004",100,32,75.94,82.81,92.75,99.73,100.9225,109.199,141.93,1990,2023,NA,NA,NA,NA,NA,NA
"TX00004",101,32,75.9,82.792,92.7275,99.755,100.9925,108.398,140.66,1990,2023,NA,NA,NA,NA,NA,NA
"TX00004",102,32,75.94,82.754,92.7625,99.72,101.0525,107.268,138.99,1990,2023,NA,NA,NA,NA,NA,NA
"TX00004",103,32,75.9,82.734,92.8025,99.7,101.075,106.154,137.31,1990,2023,NA,NA,NA,NA,NA,NA
"TX00004",104,32,75.85,82.734,92.7725,99.715,101.27,104.744,135.51,1990,2023,NA,NA,NA,NA,NA,NA
"TX00004",105,32,75.81,82.671,92.7225,99.68,101.275,103.423,133.73,1990,2023,NA,NA,NA,NA,NA,NA
"TX00004",106,32,75.78,82.583,92.71,99.665,101.215,103.429,131.97,1990,2023,NA,NA,NA,NA,NA,NA
"TX00004",107,32,76.08,82.579,92.6425,99.655,101.28,103.976,130.18,1990,2023,NA,NA,NA,NA,NA,NA
"TX00004",108,32,76.1,82.577,92.575,99.74,101.3,104.464,129.54,1990,2023,NA,NA,NA,NA,NA,NA
"TX00004",109,32,76.08,82.528,92.575,99.725,101.59,104.698,130.48,1990,2023,NA,NA,NA,NA,NA,NA
"TX00004",110,32,76.05,82.506,92.56,99.705,101.7575,104.748,131.28,1990,2023,NA,NA,NA,NA,NA,NA
"TX00004",111,32,75.99,82.452,92.64,99.665,101.7875,104.048,131.97,1990,2023,NA,NA,NA,NA,NA,NA
"TX00004",112,32,75.94,82.444,92.5925,99.63,101.82,104.062,132.59,1990,2023,NA,NA,NA,NA,NA,NA
"TX00004",113,32,75.88,82.386,92.5725,99.6,101.78,103.6,132.77,1990,2023,NA,NA,NA,NA,NA,NA
"TX00004",114,32,75.87,82.347,92.5375,99.565,102.005,103.644,131.77,1990,2023,NA,NA,NA,NA,NA,NA
"TX00004",115,32,75.81,82.316,92.4775,99.53,102.41,103.664,129.82,1990,2023,NA,NA,NA,NA,NA,NA
"TX00004",116,32,75.81,82.278,92.4575,99.5,102.255,104.194,127.84,1990,2023,NA,NA,NA,NA,NA,NA
"TX00004",117,32,76.1,82.256,92.4075,99.47,102.1,104.533,125.84,1990,2023,NA,NA,NA,NA,NA,NA
"TX00004",118,32,76.1,82.216,92.37,99.425,102.0725,104.556,123.85,1990,2023,NA,NA,NA,NA,NA,NA
"TX00004",119,32,76.08,82.151,92.33,99.465,102.0725,104.494,121.81,1990,2023,NA,NA,NA,NA,NA,NA
"TX00004",120,32,76.12,82.075,92.2525,99.405,102.0725,104.022,119.84,1990,2023,NA,NA,NA,NA,NA,NA
"TX00004",121,32,76.12,82.001,92.2275,99.345,102.065,103.358,117.32,1990,2023,NA,NA,NA,NA,NA,NA
"TX00004",122,32,76.12,81.972,92.3,99.545,102.02,103.488,115.8,1990,2023,NA,NA,NA,NA,NA,NA
"TX00004",123,32,76.12,81.88,92.5625,99.535,102.0125,104.321,114.3,1990,2023,NA,NA,NA,NA,NA,NA
"TX00004",124,32,76.06,81.797,92.5325,99.535,102.0575,103.538,111.78,1990,2023,NA,NA,NA,NA,NA,NA
"TX00004",125,32,76.03,81.739,92.97,99.815,102.015,103.416,109.76,1990,2023,NA,NA,NA,NA,NA,NA
"TX00004",126,32,76.01,81.683,93.1675,99.845,101.8925,103.397,107.77,1990,2023,NA,NA,NA,NA,NA,NA
"TX00004",127,32,75.97,81.66,93.1475,99.875,101.93,102.964,105.74,1990,2023,NA,NA,NA,NA,NA,NA
"TX00004",128,32,75.94,81.678,93.105,99.855,101.8625,102.98,104.25,1990,2023,NA,NA,NA,NA,NA,NA
"TX00004",129,32,75.94,81.751,93.04,99.855,101.8475,103.34,103.63,1990,2023,NA,NA,NA,NA,NA,NA
"TX00004",130,32,75.9,81.69,93.045,99.865,101.9275,103.286,104.54,1990,2023,NA,NA,NA,NA,NA,NA
"TX00004",131,32,75.88,81.673,93.005,99.855,101.9225,103.214,105.11,1990,2023,NA,NA,NA,NA,NA,NA
"TX00004",132,32,75.83,81.961,93.09,99.84,101.8975,103.126,105.52,1990,2023,NA,NA,NA,NA,NA,NA
"TX00004",133,32,75.78,82.211,93.09,99.83,102.085,103.044,105.72,1990,2023,NA,NA,NA,NA,NA,NA
"TX00004",134,32,75.74,82.268,93.02,99.785,102.5425,102.987,105.67,1990,2023,NA,NA,NA,NA,NA,NA
"TX00004",135,32,75.7,83.219,92.96,99.755,102.8275,103.209,105.65,1990,2023,NA,NA,NA,NA,NA,NA
"TX00004",136,32,75.83,83.992,92.92,99.725,102.6975,103.541,106.17,1990,2023,NA,NA,NA,NA,NA,NA
"TX00004",137,32,75.78,86.685,92.8475,99.695,102.71,103.586,106.55,1990,2023,NA,NA,NA,NA,NA,NA
"TX00004",138,32,75.7,88.741,92.8,99.715,102.47,103.939,106.64,1990,2023,NA,NA,NA,NA,NA,NA
"TX00004",139,32,75.65,89.626,92.795,99.66,102.57,103.694,106.55,1990,2023,NA,NA,NA,NA,NA,NA
"TX00004",140,32,75.61,89.685,92.88,99.615,102.535,104.688,106.44,1990,2023,NA,NA,NA,NA,NA,NA
"TX00004",141,32,75.58,89.696,92.8425,99.565,102.4625,104.993,110.84,1990,2023,NA,NA,NA,NA,NA,NA
"TX00004",142,32,75.56,89.702,92.7925,99.53,102.355,105.22,113.21,1990,2023,NA,NA,NA,NA,NA,NA
"TX00004",143,32,75.58,89.807,93.1675,99.595,102.2275,105.512,118.42,1990,2023,NA,NA,NA,NA,NA,NA
"TX00004",144,32,75.56,89.901,93.0825,99.625,102.3225,106.582,122.87,1990,2023,NA,NA,NA,NA,NA,NA
"TX00004",145,32,75.5,90.101,93.025,99.605,102.3475,107.034,133.86,1990,2023,NA,NA,NA,NA,NA,NA
"TX00004",146,32,75.49,90.184,92.945,99.6,102.3475,108.139,137.09,1990,2023,NA,NA,NA,NA,NA,NA
"TX00004",147,32,75.43,90.229,92.8575,99.665,102.31,107.598,139.15,1990,2023,NA,NA,NA,NA,NA,NA
"TX00004",148,32,75.4,90.267,92.8825,99.74,102.3675,108.019,140.75,1990,2023,NA,NA,NA,NA,NA,NA
"TX00004",149,32,75.45,90.454,92.8275,99.795,102.4475,107.433,143.14,1990,2023,NA,NA,NA,NA,NA,NA
"TX00004",150,32,75.41,90.528,92.7625,99.98,102.585,107.139,144.83,1990,2023,NA,NA,NA,NA,NA,NA
"TX00004",151,32,75.36,90.611,92.6925,99.97,102.97,114.115,145.92,1990,2023,NA,NA,NA,NA,NA,NA
"TX00004",152,32,75.31,90.62,92.655,99.945,103.035,114.67,146.11,1990,2023,NA,NA,NA,NA,NA,NA
"TX00004",153,32,75.29,90.631,92.595,99.925,102.7725,113.191,145.61,1990,2023,NA,NA,NA,NA,NA,NA
"TX00004",154,32,75.34,90.588,92.5225,99.905,102.565,111.683,144.88,1990,2023,NA,NA,NA,NA,NA,NA
"TX00004",155,32,75.31,90.5,92.405,99.83,102.255,105.34,143.66,1990,2023,NA,NA,NA,NA,NA,NA
"TX00004",156,32,75.25,90.46,92.38,99.81,102.435,105.39,141.96,1990,2023,NA,NA,NA,NA,NA,NA
"TX00004",157,32,75.18,90.46,92.395,99.81,102.5,105.39,140.18,1990,2023,NA,NA,NA,NA,NA,NA
"TX00004",158,32,75.11,90.42,92.475,99.76,102.53,105.24,138.26,1990,2023,NA,NA,NA,NA,NA,NA
"TX00004",159,32,75.07,90.4,92.525,99.74,102.475,105.39,136.34,1990,2023,NA,NA,NA,NA,NA,NA
"TX00004",160,32,75,90.36,92.54,99.68,102.61,105.32,134.39,1990,2023,NA,NA,NA,NA,NA,NA
"TX00004",161,32,74.95,90.399,92.8125,99.63,102.88,108.556,132.38,1990,2023,NA,NA,NA,NA,NA,NA
"TX00004",162,33,74.89,90.402,92.94,99.57,102.58,112.108,130.31,1990,2023,NA,NA,NA,NA,NA,NA
"TX00004",163,32,74.82,90.286,92.945,99.525,102.53,113.86,128.23,1990,2023,NA,NA,NA,NA,NA,NA
"TX00004",164,32,74.79,90.222,93.025,99.485,102.34,114.641,126.11,1990,2023,NA,NA,NA,NA,NA,NA
"TX00004",165,32,74.71,90.181,93.015,99.425,102.335,115.215,125.01,1990,2023,NA,NA,NA,NA,NA,NA
"TX00004",166,32,74.64,90.119,93,99.365,102.2525,115.178,124.23,1990,2023,NA,NA,NA,NA,NA,NA
"TX00004",167,32,74.57,90.055,92.945,99.36,102.3175,114.327,123.51,1990,2023,NA,NA,NA,NA,NA,NA
"TX00004",168,32,74.5,89.991,92.975,99.285,102.35,112.758,122.72,1990,2023,NA,NA,NA,NA,NA,NA
"TX00004",169,32,74.43,89.973,92.93,99.205,102.3675,110.776,121.44,1990,2023,NA,NA,NA,NA,NA,NA
"TX00004",170,32,74.36,89.911,92.88,99.13,102.2375,108.835,119.48,1990,2023,NA,NA,NA,NA,NA,NA
"TX00004",171,32,74.29,89.875,92.78,99.075,102.0725,106.968,117.47,1990,2023,NA,NA,NA,NA,NA,NA
"TX00004",172,32,74.23,89.871,92.67,99.015,102.4125,106.149,115.68,1990,2023,NA,NA,NA,NA,NA,NA
"TX00004",173,32,74.18,89.829,92.8325,98.95,102.605,104.286,138.02,1990,2023,NA,NA,NA,NA,NA,NA
"TX00004",174,32,74.12,89.784,92.8525,98.875,102.5525,103.873,162.81,1990,2023,NA,NA,NA,NA,NA,NA
"TX00004",175,33,74.07,89.79,93.07,98.73,102.47,103.704,168.75,1990,2023,NA,NA,NA,NA,NA,NA
"TX00004",176,32,74,89.694,92.775,98.725,102.83,103.583,172.2,1990,2023,NA,NA,NA,NA,NA,NA
"TX00004",177,32,73.93,89.652,92.8275,98.68,102.88,103.655,174.72,1990,2023,NA,NA,NA,NA,NA,NA
"TX00004",178,32,73.86,89.592,92.7575,98.62,102.8225,103.866,175.1,1990,2023,NA,NA,NA,NA,NA,NA
"TX00004",179,32,73.79,89.53,92.62,98.65,102.9475,103.98,174.28,1990,2023,NA,NA,NA,NA,NA,NA
"TX00004",180,31,73.72,89.42,92.5,98.71,102.815,104.49,173.24,1990,2023,NA,NA,NA,NA,NA,NA
"TX00004",181,31,73.63,89.34,92.425,99.98,102.805,104.43,172.04,1990,2023,NA,NA,NA,NA,NA,NA
"TX00004",182,31,73.54,89.3,92.365,99.89,103.05,105.67,170.67,1990,2023,NA,NA,NA,NA,NA,NA
"TX00004",183,31,73.41,89.28,92.28,99.81,103.045,105.8,169.24,1990,2023,NA,NA,NA,NA,NA,NA
"TX00004",184,31,73.29,89.2,92.23,99.68,103.05,106.7,175.16,1990,2023,NA,NA,NA,NA,NA,NA
"TX00004",185,31,73.2,89.16,92.16,99.55,103.055,107.86,202.4,1990,2023,NA,NA,NA,NA,NA,NA
"TX00004",186,31,73.08,89.08,92.11,99.46,103.02,108.23,214,1990,2023,NA,NA,NA,NA,NA,NA
"TX00004",187,31,73.06,89.04,92.02,99.38,102.97,108.39,212.39,1990,2023,NA,NA,NA,NA,NA,NA
"TX00004",188,31,73.03,89,91.94,99.27,102.965,107.75,204.95,1990,2023,NA,NA,NA,NA,NA,NA
"TX00004",189,31,72.94,88.92,91.9,99.18,102.995,107.16,201.63,1990,2023,NA,NA,NA,NA,NA,NA
"TX00004",190,31,72.87,88.88,91.8,99.12,102.95,107.16,199.97,1990,2023,NA,NA,NA,NA,NA,NA
"TX00004",191,31,72.78,88.88,91.71,99.03,102.865,107.07,199.01,1990,2023,NA,NA,NA,NA,NA,NA
"TX00004",192,31,72.71,88.98,91.655,98.97,102.74,105.26,198.32,1990,2023,NA,NA,NA,NA,NA,NA
"TX00004",193,31,72.64,89.14,91.54,98.9,102.61,103.59,197.84,1990,2023,NA,NA,NA,NA,NA,NA
"TX00004",194,31,72.55,89.14,91.42,98.84,102.485,103.36,197.63,1990,2023,NA,NA,NA,NA,NA,NA
"TX00004",195,31,72.44,89.08,91.31,98.78,102.31,103.12,198.25,1990,2023,NA,NA,NA,NA,NA,NA
"TX00004",196,31,72.36,89,91.185,98.69,102.21,103.25,199.32,1990,2023,NA,NA,NA,NA,NA,NA
"TX00004",197,31,72.29,88.92,91.06,98.65,102.12,102.64,198.8,1990,2023,NA,NA,NA,NA,NA,NA
"TX00004",198,31,72.23,88.84,90.94,98.61,101.995,102.42,198.77,1990,2023,NA,NA,NA,NA,NA,NA
"TX00004",199,31,72.13,88.76,90.815,98.54,101.905,102.36,198.49,1990,2023,NA,NA,NA,NA,NA,NA
"TX00004",200,31,72.08,88.78,90.665,98.5,101.725,102.36,197.94,1990,2023,NA,NA,NA,NA,NA,NA
"TX00004",201,31,71.99,88.68,90.53,98.43,101.815,102.38,197.53,1990,2023,NA,NA,NA,NA,NA,NA
"TX00004",202,31,71.94,88.6,90.41,98.37,101.76,102.95,197.19,1990,2023,NA,NA,NA,NA,NA,NA
"TX00004",203,31,71.85,88.5,90.295,98.31,101.45,103.03,196.88,1990,2023,NA,NA,NA,NA,NA,NA
"TX00004",204,31,71.78,88.4,90.185,98.24,101.375,103.01,196.64,1990,2023,NA,NA,NA,NA,NA,NA
"TX00004",205,31,71.69,88.32,90.095,99.08,101.435,102.92,196.47,1990,2023,NA,NA,NA,NA,NA,NA
"TX00004",206,31,71.61,88.24,90.09,99.1,101.395,102.75,196.3,1990,2023,NA,NA,NA,NA,NA,NA
"TX00004",207,31,71.52,88.14,90.01,99.05,101.31,102.57,196.16,1990,2023,NA,NA,NA,NA,NA,NA
"TX00004",208,31,71.43,88.06,89.9,98.97,101.23,102.37,196.06,1990,2023,NA,NA,NA,NA,NA,NA
"TX00004",209,31,71.34,87.96,89.8,98.86,101.15,102.13,195.99,1990,2023,NA,NA,NA,NA,NA,NA
"TX00004",210,31,71.28,87.86,89.7,98.71,101.065,102.03,195.89,1990,2023,NA,NA,NA,NA,NA,NA
"TX00004",211,31,71.38,87.78,89.59,98.61,100.985,102.14,195.79,1990,2023,NA,NA,NA,NA,NA,NA
"TX00004",212,31,71.34,87.7,89.485,98.52,100.91,102.2,195.72,1990,2023,NA,NA,NA,NA,NA,NA
"TX00004",213,31,71.26,87.64,89.38,98.43,100.835,102.31,195.65,1990,2023,NA,NA,NA,NA,NA,NA
"TX00004",214,31,71.21,87.54,89.295,98.43,100.76,102.47,195.55,1990,2023,NA,NA,NA,NA,NA,NA
"TX00004",215,31,71.1,87.44,89.205,98.46,100.695,102.54,195.48,1990,2023,NA,NA,NA,NA,NA,NA
"TX00004",216,31,71.05,87.36,89.135,98.48,100.635,102.54,195.38,1990,2023,NA,NA,NA,NA,NA,NA
"TX00004",217,31,70.98,87.26,89.055,98.39,100.55,102.49,195.31,1990,2023,NA,NA,NA,NA,NA,NA
"TX00004",218,31,70.91,87.15,89.015,98.29,100.45,102.45,195.25,1990,2023,NA,NA,NA,NA,NA,NA
"TX00004",219,32,70.79,81.247,88.6025,97.755,100.2875,102.26,195.21,1990,2023,2023-08-07,"08-07",70.79,"Aug","Extremely Dry","darkred"
"TX00004",220,32,70.67,81.156,88.5075,97.635,100.21,102.332,195.18,1990,2023,2023-08-08,"08-08",70.67,"Aug","Extremely Dry","darkred"
"TX00004",221,32,70.54,81.108,88.3975,97.595,100.1,102.466,195.14,1990,2023,2023-08-09,"08-09",70.54,"Aug","Extremely Dry","darkred"
"TX00004",222,32,70.42,81.001,88.3175,97.545,100.42,102.756,194.3,1990,2023,2023-08-10,"08-10",70.42,"Aug","Extremely Dry","darkred"
"TX00004",223,32,70.26,80.953,88.2025,97.49,100.35,102.797,192.78,1990,2023,2023-08-11,"08-11",70.26,"Aug","Extremely Dry","darkred"
"TX00004",224,32,70.13,80.882,88.0575,97.405,100.2625,102.864,191.23,1990,2023,2023-08-12,"08-12",70.13,"Aug","Extremely Dry","darkred"
"TX00004",225,31,70,80.15,87.865,97.73,100.305,102.96,189.63,1990,2023,2023-08-13,"08-13",70,"Aug","Extremely Dry","darkred"
"TX00004",226,31,69.91,80.08,87.785,97.69,100.215,102.91,188,1990,2023,2023-08-14,"08-14",69.91,"Aug","Extremely Dry","darkred"
"TX00004",227,32,69.83,80.65,87.9075,97.29,100.0275,102.655,185.92,1990,2023,2023-08-15,"08-15",69.83,"Aug","Extremely Dry","darkred"
"TX00004",228,32,69.71,80.539,87.8175,97.275,99.975,102.567,183.49,1990,2023,2023-08-16,"08-16",69.71,"Aug","Extremely Dry","darkred"
"TX00004",229,32,69.61,80.45,87.745,97.215,99.88,102.359,181.05,1990,2023,2023-08-17,"08-17",69.61,"Aug","Extremely Dry","darkred"
"TX00004",230,32,69.52,80.37,87.655,97.15,99.7775,102.151,178.63,1990,2023,2023-08-18,"08-18",69.52,"Aug","Extremely Dry","darkred"
"TX00004",231,32,69.43,80.243,87.6,97.075,99.6625,101.954,176.43,1990,2023,2023-08-19,"08-19",69.43,"Aug","Extremely Dry","darkred"
"TX00004",232,32,69.31,80.171,87.535,96.995,99.58,101.864,173.64,1990,2023,2023-08-20,"08-20",69.31,"Aug","Extremely Dry","darkred"
"TX00004",233,32,69.22,80.055,87.465,96.95,99.5,101.889,171.2,1990,2023,2023-08-21,"08-21",69.22,"Aug","Extremely Dry","darkred"
"TX00004",234,31,69.79,85.67,87.945,97.12,99.56,102.01,168.78,1990,2023,NA,NA,NA,NA,NA,NA
"TX00004",235,31,69.71,85.59,87.905,97.05,99.48,102.09,166.36,1990,2023,NA,NA,NA,NA,NA,NA
"TX00004",236,31,69.62,85.47,87.825,97.46,99.405,102.25,163.92,1990,2023,NA,NA,NA,NA,NA,NA
"TX00004",237,31,69.53,85.41,87.745,97.37,99.32,102.23,161.49,1990,2023,NA,NA,NA,NA,NA,NA
"TX00004",238,31,69.47,85.34,87.665,97.31,99.365,102,159.05,1990,2023,NA,NA,NA,NA,NA,NA
"TX00004",239,31,69.43,85.28,87.575,97.37,99.39,101.89,156.58,1990,2023,NA,NA,NA,NA,NA,NA
"TX00004",240,31,69.38,85.16,87.515,97.27,99.385,101.82,154.16,1990,2023,NA,NA,NA,NA,NA,NA
"TX00004",241,31,69.28,85.06,87.445,97.18,99.35,101.74,151.89,1990,2023,NA,NA,NA,NA,NA,NA
"TX00004",242,31,69.19,84.97,87.415,97.12,99.275,101.65,149.48,1990,2023,NA,NA,NA,NA,NA,NA
"TX00004",243,31,69.11,84.85,87.335,97.05,99.32,101.56,147.09,1990,2023,NA,NA,NA,NA,NA,NA
"TX00004",244,31,69.04,84.77,87.245,97.03,99.24,101.47,144.67,1990,2023,NA,NA,NA,NA,NA,NA
"TX00004",245,31,68.97,84.69,87.555,96.97,99.21,101.41,142.29,1990,2023,NA,NA,NA,NA,NA,NA
"TX00004",246,31,68.89,84.6,87.545,96.95,99.165,101.32,139.9,1990,2023,NA,NA,NA,NA,NA,NA
"TX00004",247,31,68.84,84.46,87.555,96.93,99.145,101.23,137.52,1990,2023,NA,NA,NA,NA,NA,NA
"TX00004",248,31,68.77,84.31,87.715,96.86,99.125,101.25,135.09,1990,2023,NA,NA,NA,NA,NA,NA
"TX00004",249,31,68.7,84.21,87.675,96.8,99.045,101.28,132.75,1990,2023,NA,NA,NA,NA,NA,NA
"TX00004",250,31,68.63,84.09,87.625,96.76,98.985,101.41,130.95,1990,2023,NA,NA,NA,NA,NA,NA
"TX00004",251,31,68.58,83.96,87.595,96.72,99.055,101.34,129.39,1990,2023,NA,NA,NA,NA,NA,NA
"TX00004",252,31,69.19,83.86,87.555,96.68,98.975,102,127.92,1990,2023,NA,NA,NA,NA,NA,NA
"TX00004",253,31,69.83,83.78,87.72,96.59,98.965,102.45,125.84,1990,2023,NA,NA,NA,NA,NA,NA
"TX00004",254,31,69.98,83.69,87.92,96.57,99.005,102.6,123.68,1990,2023,NA,NA,NA,NA,NA,NA
"TX00004",255,31,70.41,83.61,87.995,96.47,99.01,102.65,121.47,1990,2023,NA,NA,NA,NA,NA,NA
"TX00004",256,31,70.51,83.51,87.935,96.36,98.95,102.42,119.24,1990,2023,NA,NA,NA,NA,NA,NA
"TX00004",257,31,70.55,83.4,87.9,96.34,98.95,101.41,116.96,1990,2023,NA,NA,NA,NA,NA,NA
"TX00004",258,31,70.58,83.32,87.88,96.38,98.91,100.88,114.76,1990,2023,NA,NA,NA,NA,NA,NA
"TX00004",259,31,70.62,83.24,88.39,96.44,99.055,100.66,112.5,1990,2023,NA,NA,NA,NA,NA,NA
"TX00004",260,31,70.58,83.34,88.49,96.46,99.015,100.42,110.31,1990,2023,NA,NA,NA,NA,NA,NA
"TX00004",261,31,70.57,83.3,88.67,96.49,99.025,100.46,108.06,1990,2023,NA,NA,NA,NA,NA,NA
"TX00004",262,31,70.53,83.26,88.66,96.49,98.96,100.18,106.46,1990,2023,NA,NA,NA,NA,NA,NA
"TX00004",263,31,70.51,83.17,88.63,96.49,98.95,100.13,104.38,1990,2023,NA,NA,NA,NA,NA,NA
"TX00004",264,31,70.48,83.11,88.64,96.46,98.95,100.13,103.17,1990,2023,NA,NA,NA,NA,NA,NA
"TX00004",265,31,70.62,82.96,88.66,96.44,98.875,100.39,103.12,1990,2023,NA,NA,NA,NA,NA,NA
"TX00004",266,31,70.6,82.82,88.83,96.36,98.865,99.98,102.92,1990,2023,NA,NA,NA,NA,NA,NA
"TX00004",267,31,70.58,82.69,88.865,96.3,98.925,100,102.48,1990,2023,NA,NA,NA,NA,NA,NA
"TX00004",268,31,70.55,82.55,88.86,96.23,98.97,100.02,102.24,1990,2023,NA,NA,NA,NA,NA,NA
"TX00004",269,31,70.51,82.4,88.79,96.19,99.015,100.15,102.11,1990,2023,NA,NA,NA,NA,NA,NA
"TX00004",270,31,70.53,82.25,88.73,96.17,99.005,100.3,101.93,1990,2023,NA,NA,NA,NA,NA,NA
"TX00004",271,31,70.5,82.1,88.67,96.15,98.935,100.45,101.78,1990,2023,NA,NA,NA,NA,NA,NA
"TX00004",272,31,70.5,81.95,88.59,96.11,98.865,100.49,101.58,1990,2023,NA,NA,NA,NA,NA,NA
"TX00004",273,31,70.46,81.81,88.54,96.09,98.82,100.54,101.39,1990,2023,NA,NA,NA,NA,NA,NA
"TX00004",274,31,70.44,81.7,88.48,96.04,98.81,100.56,101.19,1990,2023,NA,NA,NA,NA,NA,NA
"TX00004",275,31,70.43,81.58,88.42,96.02,98.775,100.54,101.06,1990,2023,NA,NA,NA,NA,NA,NA
"TX00004",276,31,70.81,81.53,88.35,95.98,98.765,100.81,102.23,1990,2023,NA,NA,NA,NA,NA,NA
"TX00004",277,31,71.24,81.47,88.31,95.96,98.755,100.72,102.98,1990,2023,NA,NA,NA,NA,NA,NA
"TX00004",278,31,71.4,81.4,88.21,95.88,98.745,100.68,102.98,1990,2023,NA,NA,NA,NA,NA,NA
"TX00004",279,31,71.48,81.34,88.15,95.79,98.775,100.71,102.42,1990,2023,NA,NA,NA,NA,NA,NA
"TX00004",280,31,71.54,81.3,88.06,95.74,98.79,100.58,101.96,1990,2023,NA,NA,NA,NA,NA,NA
"TX00004",281,31,71.57,81.26,88.19,95.85,98.81,100.47,102.79,1990,2023,NA,NA,NA,NA,NA,NA
"TX00004",282,31,71.99,81.19,88.13,95.81,98.82,100.45,103.54,1990,2023,NA,NA,NA,NA,NA,NA
"TX00004",283,31,72.11,81.13,88.1,95.73,98.83,100.43,103.96,1990,2023,NA,NA,NA,NA,NA,NA
"TX00004",284,31,72.25,81.07,88.05,95.69,98.975,100.31,104.27,1990,2023,NA,NA,NA,NA,NA,NA
"TX00004",285,31,72.32,81.02,87.99,95.67,99.115,100.26,104.56,1990,2023,NA,NA,NA,NA,NA,NA
"TX00004",286,31,72.48,80.96,87.94,95.81,99.385,100.32,104.76,1990,2023,NA,NA,NA,NA,NA,NA
"TX00004",287,31,72.55,80.96,87.88,95.77,99.375,100.55,104.98,1990,2023,NA,NA,NA,NA,NA,NA
"TX00004",288,31,72.64,80.96,87.82,95.73,99.375,100.41,105.14,1990,2023,NA,NA,NA,NA,NA,NA
"TX00004",289,31,72.64,81.02,87.75,95.73,99.505,100.45,105.16,1990,2023,NA,NA,NA,NA,NA,NA
"TX00004",290,31,72.64,80.94,87.7,95.73,99.97,103.18,120.47,1990,2023,NA,NA,NA,NA,NA,NA
"TX00004",291,31,72.64,80.9,87.63,95.67,99.98,103.48,127.57,1990,2023,NA,NA,NA,NA,NA,NA
"TX00004",292,31,72.62,80.85,87.59,95.67,99.94,103.28,129.26,1990,2023,NA,NA,NA,NA,NA,NA
"TX00004",293,31,72.62,80.79,87.53,95.65,99.905,103.06,130.3,1990,2023,NA,NA,NA,NA,NA,NA
"TX00004",294,31,72.81,80.75,87.45,95.62,99.875,102.84,131.02,1990,2023,NA,NA,NA,NA,NA,NA
"TX00004",295,31,73.56,80.72,87.42,95.56,99.84,102.64,131.56,1990,2023,NA,NA,NA,NA,NA,NA
"TX00004",296,31,73.96,80.66,87.44,95.54,99.8,102.42,132,1990,2023,NA,NA,NA,NA,NA,NA
"TX00004",297,31,74.2,80.58,87.49,95.56,99.77,105.44,132.39,1990,2023,NA,NA,NA,NA,NA,NA
"TX00004",298,31,74.37,80.53,88.495,95.56,99.765,106.91,132.77,1990,2023,NA,NA,NA,NA,NA,NA
"TX00004",299,31,75.38,80.47,88.435,96.7,99.755,106.28,133.11,1990,2023,NA,NA,NA,NA,NA,NA
"TX00004",300,31,75.81,80.45,88.36,96.66,99.745,105.32,133.45,1990,2023,NA,NA,NA,NA,NA,NA
"TX00004",301,31,76.14,80.36,88.36,96.59,99.885,104.31,133.73,1990,2023,NA,NA,NA,NA,NA,NA
"TX00004",302,31,76.23,80.3,88.91,96.55,99.92,103.22,134.02,1990,2023,NA,NA,NA,NA,NA,NA
"TX00004",303,31,76.17,80.25,88.86,96.99,99.905,102.51,134.12,1990,2023,NA,NA,NA,NA,NA,NA
"TX00004",304,31,76.12,80.49,88.86,97.41,100.11,106.23,134.07,1990,2023,NA,NA,NA,NA,NA,NA
"TX00004",305,31,76.03,80.42,88.825,97.39,100.075,105.76,134.7,1990,2023,NA,NA,NA,NA,NA,NA
"TX00004",306,31,75.94,80.38,88.72,97.48,100.055,105.53,134.96,1990,2023,NA,NA,NA,NA,NA,NA
"TX00004",307,31,75.88,80.28,88.71,97.41,100.065,104.43,134.99,1990,2023,NA,NA,NA,NA,NA,NA
"TX00004",308,31,76.1,80.21,88.62,97.39,100.08,105.44,134.83,1990,2023,NA,NA,NA,NA,NA,NA
"TX00004",309,31,76.41,80.1,88.545,97.33,100.07,104.68,134.33,1990,2023,NA,NA,NA,NA,NA,NA
"TX00004",310,31,76.52,80.06,88.48,97.27,100.02,104.68,133.76,1990,2023,NA,NA,NA,NA,NA,NA
"TX00004",311,31,76.54,80.04,88.43,97.2,99.99,104.2,133.29,1990,2023,NA,NA,NA,NA,NA,NA
"TX00004",312,31,76.54,80,88.37,97.16,100.03,103.91,132.77,1990,2023,NA,NA,NA,NA,NA,NA
"TX00004",313,31,76.52,79.91,88.295,97.14,100.1,103.54,132.13,1990,2023,NA,NA,NA,NA,NA,NA
"TX00004",314,31,76.48,79.85,88.225,97.16,100.065,103.17,131.12,1990,2023,NA,NA,NA,NA,NA,NA
"TX00004",315,31,76.45,79.82,88.18,97.2,100.045,102.84,129.97,1990,2023,NA,NA,NA,NA,NA,NA
"TX00004",316,31,76.34,79.8,88.125,97.29,100.135,102.48,129.46,1990,2023,NA,NA,NA,NA,NA,NA
"TX00004",317,31,76.26,79.76,88.065,97.31,100.175,102.1,129.85,1990,2023,NA,NA,NA,NA,NA,NA
"TX00004",318,31,76.19,79.72,88,97.29,100.195,101.88,130.51,1990,2023,NA,NA,NA,NA,NA,NA
"TX00004",319,31,76.15,79.74,87.95,97.27,100.33,103.22,131.25,1990,2023,NA,NA,NA,NA,NA,NA
"TX00004",320,31,76.15,79.65,87.94,97.22,100.24,104.34,131.92,1990,2023,NA,NA,NA,NA,NA,NA
"TX00004",321,31,76.08,79.57,87.95,97.22,100.16,105.6,132.54,1990,2023,NA,NA,NA,NA,NA,NA
"TX00004",322,31,76.01,79.52,87.945,97.22,100.195,114.13,133.11,1990,2023,NA,NA,NA,NA,NA,NA
"TX00004",323,31,75.99,79.5,87.925,97.25,100.28,112.85,133.65,1990,2023,NA,NA,NA,NA,NA,NA
"TX00004",324,31,75.97,79.44,87.88,98.33,100.275,111.48,133.89,1990,2023,NA,NA,NA,NA,NA,NA
"TX00004",325,31,75.99,79.48,87.83,98.56,100.265,110.13,133.81,1990,2023,NA,NA,NA,NA,NA,NA
"TX00004",326,30,76.25,79.425,86.6425,97.725,100.1425,109.979,133.71,1990,2023,NA,NA,NA,NA,NA,NA
"TX00004",327,31,76.28,79.41,87.71,98.61,100.1,107.7,135.89,1990,2023,NA,NA,NA,NA,NA,NA
"TX00004",328,31,76.26,79.35,87.655,98.61,100.025,107.7,139.15,1990,2023,NA,NA,NA,NA,NA,NA
"TX00004",329,31,76.25,79.31,87.57,98.56,100.03,107.61,141,1990,2023,NA,NA,NA,NA,NA,NA
"TX00004",330,31,76.23,79.52,87.53,98.5,100.025,107.27,142.53,1990,2023,NA,NA,NA,NA,NA,NA
"TX00004",331,31,76.21,79.37,87.485,98.43,100.07,106.82,143.97,1990,2023,NA,NA,NA,NA,NA,NA
"TX00004",332,31,76.17,79.33,87.43,98.37,100.12,106.21,145,1990,2023,NA,NA,NA,NA,NA,NA
"TX00004",333,31,76.15,79.28,87.435,98.35,100.12,105.45,145.58,1990,2023,NA,NA,NA,NA,NA,NA
"TX00004",334,31,76.15,79.29,87.555,98.29,100.11,104.67,145.83,1990,2023,NA,NA,NA,NA,NA,NA
"TX00004",335,31,76.12,79.46,87.49,98.24,100.085,104.32,144.88,1990,2023,NA,NA,NA,NA,NA,NA
"TX00004",336,31,76.08,79.52,87.435,98.2,100.105,104.3,143.19,1990,2023,NA,NA,NA,NA,NA,NA
"TX00004",337,31,76.06,79.55,87.38,98.15,100.075,104.16,141.52,1990,2023,NA,NA,NA,NA,NA,NA
"TX00004",338,31,76.06,79.61,87.33,98.13,100.045,104.07,139.78,1990,2023,NA,NA,NA,NA,NA,NA
"TX00004",339,31,76.08,79.65,87.28,98.09,100.165,103.98,138,1990,2023,NA,NA,NA,NA,NA,NA
"TX00004",340,31,76.06,79.7,87.25,98.05,100.32,103.54,136.24,1990,2023,NA,NA,NA,NA,NA,NA
"TX00004",341,31,76.03,79.76,87.215,98,100.465,103.34,134.52,1990,2023,NA,NA,NA,NA,NA,NA
"TX00004",342,31,76.01,79.85,87.17,97.96,100.575,103.61,132.69,1990,2023,NA,NA,NA,NA,NA,NA
"TX00004",343,31,75.99,79.87,87.12,97.9,100.64,103.45,130.87,1990,2023,NA,NA,NA,NA,NA,NA
"TX00004",344,31,75.97,79.89,87.1,97.82,100.57,103.34,129,1990,2023,NA,NA,NA,NA,NA,NA
"TX00004",345,31,75.97,79.93,87.08,97.78,100.53,103.56,127.07,1990,2023,NA,NA,NA,NA,NA,NA
"TX00004",346,31,75.96,79.98,87.06,97.73,100.485,104.03,125.13,1990,2023,NA,NA,NA,NA,NA,NA
"TX00004",347,31,75.94,80.04,87.04,97.71,100.57,104.36,123.19,1990,2023,NA,NA,NA,NA,NA,NA
"TX00004",348,31,75.94,80.1,87.025,97.67,100.565,104.68,121.17,1990,2023,NA,NA,NA,NA,NA,NA
"TX00004",349,31,75.92,80.13,87,97.67,100.57,104.99,119.14,1990,2023,NA,NA,NA,NA,NA,NA
"TX00004",350,31,75.88,80.12,86.975,97.61,100.51,105.3,117.11,1990,2023,NA,NA,NA,NA,NA,NA
"TX00004",351,31,75.87,80.21,86.945,97.64,100.54,105.19,115.13,1990,2023,NA,NA,NA,NA,NA,NA
"TX00004",352,31,75.87,80.25,86.995,97.58,100.585,104.94,113.13,1990,2023,NA,NA,NA,NA,NA,NA
"TX00004",353,31,75.87,80.28,87.715,97.58,100.615,104.18,111.12,1990,2023,NA,NA,NA,NA,NA,NA
"TX00004",354,31,75.83,80.32,91.075,97.53,100.675,103.06,109.1,1990,2023,NA,NA,NA,NA,NA,NA
"TX00004",355,31,75.79,80.32,91.085,97.54,100.7,103.39,121.33,1990,2023,NA,NA,NA,NA,NA,NA
"TX00004",356,31,75.78,80.4,91.08,97.51,100.67,103.03,140.66,1990,2023,NA,NA,NA,NA,NA,NA
"TX00004",357,31,75.74,80.42,91.075,97.48,100.635,102.73,146.2,1990,2023,NA,NA,NA,NA,NA,NA
"TX00004",358,31,75.67,80.51,91.03,97.62,100.595,102.35,149.42,1990,2023,NA,NA,NA,NA,NA,NA
"TX00004",359,31,75.61,80.47,90.99,97.55,100.56,102.02,151.61,1990,2023,NA,NA,NA,NA,NA,NA
"TX00004",360,31,75.59,80.49,90.955,97.49,100.625,101.89,153.5,1990,2023,NA,NA,NA,NA,NA,NA
"TX00004",361,31,75.58,80.51,90.925,97.47,100.635,101.76,154.48,1990,2023,NA,NA,NA,NA,NA,NA
"TX00004",362,32,75.59,80.655,91.89,98.495,100.5725,101.758,153.85,1990,2023,NA,NA,NA,NA,NA,NA
"TX00004",363,32,75.56,80.735,91.8375,98.51,100.6775,101.682,152.81,1990,2023,NA,NA,NA,NA,NA,NA
"TX00004",364,32,75.54,80.765,91.81,98.505,100.6375,101.689,151.61,1990,2023,NA,NA,NA,NA,NA,NA
"TX00004",365,32,75.49,80.791,91.81,98.515,100.585,101.248,150.33,1990,2023,NA,NA,NA,NA,NA,NA
"TX00004",366,8,77.87,80.642,87.1475,100.11,100.5075,100.704,100.9,1990,2023,NA,NA,NA,NA,NA,NA
