"site","julian","date2","mean_depth_ft","month","day_month","min","flow10","flow25","flow50","flow75","flow90","max","Nobs","startYr","endYr","date"
5758203,"1","2022-01-01",58.465,"Jan","01-01",58.44,58.46,58.6275,58.9,59.9375,65.08,75.885,11,2011,2022,"01-01"
5758203,"32","2022-02-01",58.465,"Feb","02-01",58.445,58.465,58.7162,58.875,60.0375,65.826,76.96,12,2011,2022,"02-01"
5758203,"60","2022-03-01",58.48,"Mar","03-01",58.46,58.476,58.81,58.895,61,69.564,78.12,9,2011,2022,"03-01"
5758203,"61",NA,NA,NA,NA,58.45,58.505,58.5875,58.725,59.2475,59.561,59.77,3,2011,2022,"03-02"
5758203,"91",NA,NA,NA,NA,58.48,58.7145,58.8562,59.31,63.945,73.4325,81.185,8,2011,2022,"04-01"
5758203,"92",NA,NA,NA,NA,58.455,58.492,58.5475,58.64,59.2075,59.548,59.775,3,2011,2022,"04-02"
5758203,"121",NA,NA,NA,NA,58.475,58.7235,58.8637,59.3125,64.0575,73.185,80.115,8,2011,2022,"05-01"
5758203,"122",NA,NA,NA,NA,58.46,58.487,58.5275,58.595,59.185,59.539,59.775,3,2011,2022,"05-02"
5758203,"152",NA,NA,NA,NA,58.48,58.7285,58.8763,59.32,64.6712,73.3,79.705,8,2011,2022,"06-01"
5758203,"153",NA,NA,NA,NA,58.465,58.499,58.55,58.635,59.2325,59.591,59.83,3,2011,2022,"06-02"
5758203,"182",NA,NA,NA,NA,58.475,58.7375,58.88,59.3225,65.1375,72.7635,75.035,8,2011,2022,"07-01"
5758203,"183",NA,NA,NA,NA,58.465,58.503,58.56,58.655,59.2725,59.643,59.89,3,2011,2022,"07-02"
5758203,"213",NA,NA,NA,NA,58.465,58.731,58.8825,59.3275,64.6525,70.0585,73.415,8,2011,2022,"08-01"
5758203,"214",NA,NA,NA,NA,58.465,58.508,58.5725,58.68,59.305,59.68,59.93,3,2011,2022,"08-02"
5758203,"244",NA,NA,NA,NA,58.47,58.7395,58.885,59.3675,63.87,67.335,73.705,8,2011,2022,"09-01"
5758203,"245",NA,NA,NA,NA,58.465,58.514,58.5875,58.71,59.335,59.71,59.96,3,2011,2022,"09-02"
5758203,"274",NA,NA,NA,NA,58.475,58.5275,58.7862,59.3275,61.7825,67.8515,75.17,8,2011,2022,"10-01"
5758203,"275",NA,NA,NA,NA,58.47,58.523,58.6025,58.735,59.355,59.727,59.975,3,2011,2022,"10-02"
5758203,"305",NA,NA,NA,NA,58.435,58.4595,58.7738,59.315,60.8512,67.8585,76.36,8,2011,2022,"11-01"
5758203,"306",NA,NA,NA,NA,58.465,58.521,58.605,58.745,59.3425,59.701,59.94,3,2011,2022,"11-02"
5758203,"335",NA,NA,NA,NA,58.435,58.4595,58.7775,59.06,61.0362,67.961,75.045,8,2011,2022,"12-01"
5758203,"336",NA,NA,NA,NA,58.46,58.522,58.615,58.77,59.45,59.858,60.13,3,2011,2022,"12-02"
5758402,"1","2022-01-01",184.67,"Jan","01-01",154.05,159.095,170.2763,176.325,180.0525,183.3375,184.67,16,2007,2022,"01-01"
5758402,"32","2022-02-01",184.01,"Feb","02-01",152.75,159.845,170.385,175.9575,180.0012,183.0375,184.01,16,2007,2022,"02-01"
5758402,"60","2022-03-01",184.915,"Mar","03-01",158.835,162.1155,170.0962,173.7775,181.8388,183.8975,184.915,12,2007,2022,"03-01"
5758402,"61",NA,NA,NA,NA,152.75,159.8825,170.5813,176.845,177.2375,177.368,177.455,4,2007,2022,"03-02"
5758402,"91",NA,NA,NA,NA,159.375,162.4,169.585,172.99,180.5575,182.235,184.765,11,2007,2022,"04-01"
5758402,"92",NA,NA,NA,NA,153.3,160.2915,170.7788,176.7075,176.88,177.006,177.09,4,2007,2022,"04-02"
5758402,"121",NA,NA,NA,NA,159.29,165.5,169.49,173.46,179.96,182.36,184.795,11,2007,2022,"05-01"
5758402,"122",NA,NA,NA,NA,153.7,160.3795,170.3988,176.61,177.3562,177.5385,177.66,4,2007,2022,"05-02"
5758402,"152",NA,NA,NA,NA,158.915,164.675,169.94,173.295,180.0575,182,184.17,11,2007,2022,"06-01"
5758402,"153",NA,NA,NA,NA,155.1,161.37,170.775,176.8875,178.0312,178.4925,178.8,4,2007,2022,"06-02"
5758402,"182",NA,NA,NA,NA,158.21,166.675,170.545,174.345,180.205,183.1,184.28,11,2007,2022,"07-01"
5758402,"183",NA,NA,NA,NA,155.85,161.976,171.165,177.2125,178.7312,179.7685,180.46,4,2007,2022,"07-02"
5758402,"213",NA,NA,NA,NA,157.4,168.81,171.525,175.6,181.2375,184.1,185.445,11,2007,2022,"08-01"
5758402,"214",NA,NA,NA,NA,156.3,162.1995,171.0487,177.8825,180.415,181.522,182.26,4,2007,2022,"08-02"
5758402,"244",NA,NA,NA,NA,156.4,169.295,171.6275,177.25,181.2325,183.845,185.755,11,2007,2022,"09-01"
5758402,"245",NA,NA,NA,NA,157.175,162.7265,171.0537,177.86,180.4188,181.1005,181.555,4,2007,2022,"09-02"
5758402,"274",NA,NA,NA,NA,156,169.02,172.6125,177.295,181.3425,185.37,185.985,11,2007,2022,"10-01"
5758402,"275",NA,NA,NA,NA,157.8,162.975,170.7375,177.3075,180.145,181.189,181.885,4,2007,2022,"10-02"
5758402,"305",NA,NA,NA,NA,155.135,169.165,172.2925,176.785,180.895,183.565,185.055,11,2007,2022,"11-01"
5758402,"306",NA,NA,NA,NA,158,162.8735,170.1838,177.0825,180.7188,182.1565,183.115,4,2007,2022,"11-02"
5758402,"335",NA,NA,NA,NA,153.8,169.4,172.2825,177.085,180.4525,183.09,184.945,11,2007,2022,"12-01"
5758402,"336",NA,NA,NA,NA,158.8667,163.2507,169.8267,176.59,180.54,182.052,183.06,4,2007,2022,"12-02"
6801314,"1","2022-01-01",177.255,"Jan","01-01",96.275,109.2477,123.5163,143.6625,158.945,167.2105,177.255,20,2000,2022,"01-01"
6801314,"32","2022-02-01",175.745,"Feb","02-01",97.545,101.4467,128.025,148.265,161.915,170.302,175.745,19,2000,2022,"02-01"
6801314,"60","2022-03-01",176.205,"Mar","03-01",95.81,104.952,125.95,148.54,159.88,168.143,176.205,15,2000,2022,"03-01"
6801314,"61",NA,NA,NA,NA,99.125,112.013,131.345,150.185,161.3963,166.9965,170.73,4,2000,2022,"03-02"
6801314,"91",NA,NA,NA,NA,94.6333,116.622,122.105,148.795,156.5,161.973,173.84,13,2000,2022,"04-01"
6801314,"92",NA,NA,NA,NA,106.51,117.367,133.6525,151.41,162.0012,165.3875,167.645,4,2000,2022,"04-02"
6801314,"121",NA,NA,NA,NA,96.08,111.74,122.91,150.4,155.175,159.479,176.185,13,2000,2022,"05-01"
6801314,"122",NA,NA,NA,NA,110.4,122.2815,140.1037,155.39,161.3113,162.2765,162.92,4,2000,2022,"05-02"
6801314,"152",NA,NA,NA,NA,101.05,106.758,128.725,146.255,163.56,168.475,177.125,13,2000,2022,"06-01"
6801314,"153",NA,NA,NA,NA,120.02,129.5705,143.8962,157.725,163.8712,164.3685,164.7,4,2000,2022,"06-02"
6801314,"182",NA,NA,NA,NA,95.37,112.327,134.125,153.73,169.31,174.699,176.615,13,2000,2022,"07-01"
6801314,"183",NA,NA,NA,NA,122.665,132.268,146.6725,157.685,163.2675,167.898,170.985,4,2000,2022,"07-02"
6801314,"213",NA,NA,NA,NA,86.535,120.861,138.065,156.535,171.625,176.961,177.875,13,2000,2022,"08-01"
6801314,"214",NA,NA,NA,NA,127.53,135.969,148.6275,161.28,168.2437,170.6625,172.275,4,2000,2022,"08-02"
6801314,"244",NA,NA,NA,NA,80.215,120.2297,137.07,157.575,164.415,170.148,174.49,13,2000,2022,"09-01"
6801314,"245",NA,NA,NA,NA,129.78,137.3385,148.6762,160.6775,166.6875,167.241,167.61,4,2000,2022,"09-02"
6801314,"274",NA,NA,NA,NA,85.91,119.6597,134.275,152.615,160.33,165.598,175.31,13,2000,2022,"10-01"
6801314,"275",NA,NA,NA,NA,131.37,136.3485,143.8162,155.94,164.3587,165.1575,165.69,4,2000,2022,"10-02"
6801314,"305",NA,NA,NA,NA,91.99,111.8288,131.0162,149.9025,159.4062,166.464,176.09,14,2000,2022,"11-01"
6801314,"306",NA,NA,NA,NA,131.29,136.9795,145.5137,153.7725,159.71,164.066,166.97,4,2000,2022,"11-02"
6801314,"335",NA,NA,NA,NA,94.225,106.1445,131.1763,147.905,159.6187,160.878,177.285,14,2000,2022,"12-01"
6801314,"336",NA,NA,NA,NA,108.58,117.184,130.09,149.69,160.205,163.508,165.71,5,2000,2022,"12-02"
6801608,"1","2022-01-01",55.465,"Jan","01-01",52.39,54.542,55.39,55.55,55.66,55.686,55.765,13,2009,2022,"01-01"
6801608,"32","2022-02-01",55.5,"Feb","02-01",52.75,54.131,55.12,55.5,55.645,55.712,55.77,13,2009,2022,"02-01"
6801608,"60","2022-03-01",55.54,"Mar","03-01",53.66,54.0065,54.5475,55.515,55.725,55.792,55.855,10,2009,2022,"03-01"
6801608,"61",NA,NA,NA,NA,54.985,55.077,55.215,55.445,55.45,55.453,55.455,3,2009,2022,"03-02"
6801608,"91",NA,NA,NA,NA,53.195,54.091,54.625,55.47,55.8,55.826,55.85,9,2009,2022,"04-01"
6801608,"92",NA,NA,NA,NA,54.11,54.382,54.79,55.47,55.48,55.486,55.49,3,2009,2022,"04-02"
6801608,"121",NA,NA,NA,NA,51.6,52.6,54.035,55.425,55.575,55.699,55.795,9,2009,2022,"05-01"
6801608,"122",NA,NA,NA,NA,50.305,51.322,52.8475,55.39,55.46,55.502,55.53,3,2009,2022,"05-02"
6801608,"152",NA,NA,NA,NA,48.76,52.56,53.75,55.195,55.62,55.667,55.775,9,2009,2022,"06-01"
6801608,"153",NA,NA,NA,NA,48.405,49.827,51.96,55.515,55.6075,55.663,55.7,3,2009,2022,"06-02"
6801608,"182",NA,NA,NA,NA,49.53,53.018,54.565,55.5,55.67,55.931,56.755,9,2009,2022,"07-01"
6801608,"183",NA,NA,NA,NA,50.58,51.569,53.0525,55.525,55.5875,55.625,55.65,3,2009,2022,"07-02"
6801608,"213",NA,NA,NA,NA,53.29,54.4735,54.9338,55.585,55.7508,55.796,55.805,10,2009,2022,"08-01"
6801608,"214",NA,NA,NA,NA,52.595,53.196,54.0975,55.6,55.6375,55.66,55.675,3,2009,2022,"08-02"
6801608,"244",NA,NA,NA,NA,54.43,54.619,55.1712,55.4825,55.7225,55.73,55.73,10,2009,2022,"09-01"
6801608,"245",NA,NA,NA,NA,54.54,54.757,55.0825,55.625,55.6275,55.629,55.63,3,2009,2022,"09-02"
6801608,"274",NA,NA,NA,NA,55.005,55.0365,55.0838,55.445,55.5837,55.7565,55.77,10,2009,2022,"10-01"
6801608,"275",NA,NA,NA,NA,54.41,54.647,55.0025,55.595,55.635,55.659,55.675,3,2009,2022,"10-02"
6801608,"305",NA,NA,NA,NA,54.91,55.027,55.185,55.4175,55.5913,55.6225,55.735,10,2009,2022,"11-01"
6801608,"306",NA,NA,NA,NA,55.015,55.138,55.3225,55.63,55.645,55.654,55.66,3,2009,2022,"11-02"
6801608,"335",NA,NA,NA,NA,54.525,54.8175,55.27,55.58,55.6075,55.6255,55.675,10,2009,2022,"12-01"
6801608,"336",NA,NA,NA,NA,54.94,55.089,55.3125,55.685,55.7325,55.761,55.78,3,2009,2022,"12-02"
6802302,"1","2022-01-01",220.265,"Jan","01-01",220.265,220.923,221.91,223.555,226.415,228.131,229.275,3,2020,2022,"01-01"
6802302,"32","2022-02-01",221.425,"Feb","02-01",221.425,221.773,222.295,223.165,225.0525,226.185,226.94,3,2020,2022,"02-01"
6802302,"60","2022-03-01",223.39,"Mar","03-01",223.39,223.657,224.0575,224.725,225.3925,225.793,226.06,2,2020,2022,"03-01"
6802302,"61",NA,NA,NA,NA,221.285,221.285,221.285,221.285,221.285,221.285,221.285,1,2020,2022,"03-02"
6802302,"91",NA,NA,NA,NA,226.24,226.24,226.24,226.24,226.24,226.24,226.24,1,2020,2022,"04-01"
6802302,"92",NA,NA,NA,NA,219.665,219.665,219.665,219.665,219.665,219.665,219.665,1,2020,2022,"04-02"
6802302,"121",NA,NA,NA,NA,223.17,223.17,223.17,223.17,223.17,223.17,223.17,1,2020,2022,"05-01"
6802302,"122",NA,NA,NA,NA,223.45,223.45,223.45,223.45,223.45,223.45,223.45,1,2020,2022,"05-02"
6802302,"152",NA,NA,NA,NA,225.31,225.31,225.31,225.31,225.31,225.31,225.31,1,2020,2022,"06-01"
6802302,"153",NA,NA,NA,NA,222.51,222.51,222.51,222.51,222.51,222.51,222.51,1,2020,2022,"06-02"
6802302,"182",NA,NA,NA,NA,221.48,221.48,221.48,221.48,221.48,221.48,221.48,1,2020,2022,"07-01"
6802302,"183",NA,NA,NA,NA,231.625,231.625,231.625,231.625,231.625,231.625,231.625,1,2020,2022,"07-02"
6802302,"213",NA,NA,NA,NA,222.695,222.695,222.695,222.695,222.695,222.695,222.695,1,2020,2022,"08-01"
6802302,"214",NA,NA,NA,NA,234.625,234.625,234.625,234.625,234.625,234.625,234.625,1,2020,2022,"08-02"
6802302,"244",NA,NA,NA,NA,224.035,224.035,224.035,224.035,224.035,224.035,224.035,1,2020,2022,"09-01"
6802302,"245",NA,NA,NA,NA,233.075,233.075,233.075,233.075,233.075,233.075,233.075,1,2020,2022,"09-02"
6802302,"274",NA,NA,NA,NA,222.105,222.105,222.105,222.105,222.105,222.105,222.105,1,2020,2022,"10-01"
6802302,"275",NA,NA,NA,NA,235.11,235.11,235.11,235.11,235.11,235.11,235.11,1,2020,2022,"10-02"
6802302,"305",NA,NA,NA,NA,218.935,218.935,218.935,218.935,218.935,218.935,218.935,1,2020,2022,"11-01"
6802302,"306",NA,NA,NA,NA,232.68,232.68,232.68,232.68,232.68,232.68,232.68,1,2020,2022,"11-02"
6802302,"335",NA,NA,NA,NA,219.985,219.985,219.985,219.985,219.985,219.985,219.985,1,2020,2022,"12-01"
6802302,"336",NA,NA,NA,NA,230.025,230.025,230.025,230.025,230.025,230.025,230.025,1,2020,2022,"12-02"
6802406,"1","2022-01-01",277.63,"Jan","01-01",232.95,251.926,258.9,265.225,275.285,276.472,278.5,17,2005,2022,"01-01"
6802406,"32","2022-02-01",278.31,"Feb","02-01",235.6,255.714,260.765,265,273.49,276.498,279.8,17,2005,2022,"02-01"
6802406,"60","2022-03-01",280.73,"Mar","03-01",242.665,253.279,260.5,263.6,272.66,279.424,280.875,13,2005,2022,"03-01"
6802406,"61",NA,NA,NA,NA,234.4,242.4925,254.6312,264.245,268.3525,270.58,272.065,4,2005,2022,"03-02"
6802406,"91",NA,NA,NA,NA,243.125,251.8635,259.065,264.3275,271.9325,277.277,281.195,12,2005,2022,"04-01"
6802406,"92",NA,NA,NA,NA,238.9,245.7175,255.9437,264.255,268.2712,270.7665,272.43,4,2005,2022,"04-02"
6802406,"121",NA,NA,NA,NA,245.5,248.796,258.8212,266.1175,271.4375,274.841,286.075,12,2005,2022,"05-01"
6802406,"122",NA,NA,NA,NA,242.85,248.1735,256.1588,265.2875,270.3637,271.0545,271.515,4,2005,2022,"05-02"
6802406,"152",NA,NA,NA,NA,244.5,248.165,258.6688,268.0325,273.8325,275.112,283.205,12,2005,2022,"06-01"
6802406,"153",NA,NA,NA,NA,247.8,251.406,256.815,266.1025,273.13,274.471,275.365,4,2005,2022,"06-02"
6802406,"182",NA,NA,NA,NA,240.415,250.8515,260.5138,269.9525,276.165,277.6965,279.805,12,2005,2022,"07-01"
6802406,"183",NA,NA,NA,NA,252.5,255.3065,259.5162,267.245,274.7525,278.564,281.105,4,2005,2022,"07-02"
6802406,"213",NA,NA,NA,NA,238.7,255.3975,264.7013,270.31,278.8175,279.0845,279.935,12,2005,2022,"08-01"
6802406,"214",NA,NA,NA,NA,255.75,257.9895,261.3488,269.2575,277.4275,281.257,283.81,4,2005,2022,"08-02"
6802406,"244",NA,NA,NA,NA,235.1,257.265,263.0063,272.085,278.5888,279.9845,281.34,12,2005,2022,"09-01"
6802406,"245",NA,NA,NA,NA,262.85,262.8545,262.8613,269.6375,277.7188,280.0745,281.645,4,2005,2022,"09-02"
6802406,"274",NA,NA,NA,NA,234.05,259.1305,264.9287,269.7,278.7712,279.222,279.84,12,2005,2022,"10-01"
6802406,"275",NA,NA,NA,NA,260.6,261.098,261.845,268.535,277.2162,281.5475,284.435,4,2005,2022,"10-02"
6802406,"305",NA,NA,NA,NA,234.1,257.313,264.9038,269.12,277.6812,278.6255,280.2,12,2005,2022,"11-01"
6802406,"306",NA,NA,NA,NA,260.3,260.4425,260.6562,267.6025,276.8725,281.269,284.2,4,2005,2022,"11-02"
6802406,"335",NA,NA,NA,NA,233.2,256.5525,263.3663,267.7,276.1825,276.739,277.2,12,2005,2022,"12-01"
6802406,"336",NA,NA,NA,NA,259.125,259.3775,259.7562,266.6208,275.5862,279.7465,282.52,4,2005,2022,"12-02"
6802407,"1","2022-01-01",365.625,"Jan","01-01",313.1,341.802,346.9175,357.45,362.5175,366.714,369.605,15,2007,2022,"01-01"
6802407,"32","2022-02-01",366.08,"Feb","02-01",318.25,338.727,344.6675,353.7,360.61,364.606,370.14,15,2007,2022,"02-01"
6802407,"60","2022-03-01",368.625,"Mar","03-01",333.49,340.5,347.525,349.7,359.8825,368.625,370.515,11,2007,2022,"03-01"
6802407,"61",NA,NA,NA,NA,324,329.0175,336.5438,347.2625,354.2737,355.1265,355.695,4,2007,2022,"03-02"
6802407,"91",NA,NA,NA,NA,332.79,340.422,343.1688,352.5025,358.7587,365.4715,374.125,10,2007,2022,"04-01"
6802407,"92",NA,NA,NA,NA,327.25,331.57,338.05,347.795,354.4188,355.2805,355.855,4,2007,2022,"04-02"
6802407,"121",NA,NA,NA,NA,337.625,340.946,343.595,355.385,358.7675,366.6585,374.16,10,2007,2022,"05-01"
6802407,"122",NA,NA,NA,NA,336.1,336.6325,337.4312,346.4925,355.8425,357.161,358.04,4,2007,2022,"05-02"
6802407,"152",NA,NA,NA,NA,338.75,339.101,344.3225,358.725,363.8887,367.343,381.455,10,2007,2022,"06-01"
6802407,"153",NA,NA,NA,NA,336,339.99,345.975,355.1625,362.3262,364.6685,366.23,4,2007,2022,"06-02"
6802407,"182",NA,NA,NA,NA,338.23,344.2375,346.2925,363.475,368.955,371.119,382.675,10,2007,2022,"07-01"
6802407,"183",NA,NA,NA,NA,340.15,343.075,347.4625,356.785,366.865,372.616,376.45,4,2007,2022,"07-02"
6802407,"213",NA,NA,NA,NA,345.275,349.8695,352.375,368.14,372.265,373.363,374.56,10,2007,2022,"08-01"
6802407,"214",NA,NA,NA,NA,346.13,346.811,347.8325,357.7,370.3288,376.3205,380.315,4,2007,2022,"08-02"
6802407,"244",NA,NA,NA,NA,312.25,343.7,354.16,362.21,371.5725,372.04,372.57,11,2007,2022,"09-01"
6802407,"245",NA,NA,NA,NA,346.49,347.618,349.31,358.255,368.3662,372.1575,374.685,4,2007,2022,"09-02"
6802407,"274",NA,NA,NA,NA,314.65,344.98,353.4225,359,369.8425,371.21,371.75,11,2007,2022,"10-01"
6802407,"275",NA,NA,NA,NA,345.685,346.9345,348.8088,355.9475,366.0437,373.2415,378.04,4,2007,2022,"10-02"
6802407,"305",NA,NA,NA,NA,314.55,344.97,350.865,358.035,365.905,368.895,371.215,11,2007,2022,"11-01"
6802407,"306",NA,NA,NA,NA,343.845,345.5715,348.1613,354.9625,364.3137,371.4935,376.28,4,2007,2022,"11-02"
6802407,"335",NA,NA,NA,NA,313.55,343.775,351.325,355.8,363.4925,366.075,369.15,11,2007,2022,"12-01"
6802407,"336",NA,NA,NA,NA,342.36,344.672,348.14,355.0658,363.39,369.375,373.365,4,2007,2022,"12-02"
6802508,"1","2022-01-01",112.7,"Jan","01-01",67.65,85.9625,88.4,96.95,104.8625,110.2,115.6,16,2007,2022,"01-01"
6802508,"32","2022-02-01",118.9,"Feb","02-01",69.95,83.0075,86.775,95.775,100.9125,110.65,121.3,16,2007,2022,"02-01"
6802508,"60","2022-03-01",116.5,"Mar","03-01",79.9,81.6425,87.0875,96.45,101.25,114.99,121.9,12,2007,2022,"03-01"
6802508,"61",NA,NA,NA,NA,72.65,76.64,82.625,90.55,96.7875,99.735,101.7,4,2007,2022,"03-02"
6802508,"91",NA,NA,NA,NA,76.96,80,86.13,94,102.3,104.95,122.7,11,2007,2022,"04-01"
6802508,"92",NA,NA,NA,NA,77,80.09,84.725,91.225,96.3625,98.545,100,4,2007,2022,"04-02"
6802508,"121",NA,NA,NA,NA,73.79,83.05,84.15,93.7,102.725,103.4,116.9,11,2007,2022,"05-01"
6802508,"122",NA,NA,NA,NA,81.45,81.48,81.525,89.575,100.0338,104.4145,107.335,4,2007,2022,"05-02"
6802508,"152",NA,NA,NA,NA,70.875,80.5,85.025,100.85,107.025,112.8,114.8,11,2007,2022,"06-01"
6802508,"153",NA,NA,NA,NA,76.6,80.185,85.5625,95.405,103.11,104.64,105.66,4,2007,2022,"06-02"
6802508,"182",NA,NA,NA,NA,67.21,83,88.0425,104.65,115.75,119.3,119.85,11,2007,2022,"07-01"
6802508,"183",NA,NA,NA,NA,83,85.46,89.15,100,110.0125,112.195,113.65,4,2007,2022,"07-02"
6802508,"213",NA,NA,NA,NA,64.3,90,95.25,105.8,118.9,122.35,127.7,11,2007,2022,"08-01"
6802508,"214",NA,NA,NA,NA,90.7,91.42,92.5,105.9325,119.3988,120.5395,121.3,4,2007,2022,"08-02"
6802508,"244",NA,NA,NA,NA,61.65,91.3,95.675,104.415,115.575,117.65,127.6,11,2007,2022,"09-01"
6802508,"245",NA,NA,NA,NA,90.7,92.32,94.75,105.775,116.5625,118.565,119.9,4,2007,2022,"09-02"
6802508,"274",NA,NA,NA,NA,64.75,94,99.375,102.775,109.95,121.35,121.435,11,2007,2022,"10-01"
6802508,"275",NA,NA,NA,NA,90.7,91.78,93.4,100.825,110.4125,115.925,119.6,4,2007,2022,"10-02"
6802508,"305",NA,NA,NA,NA,65.95,93.25,96.75,99.5,106.85,115.365,118.5,11,2007,2022,"11-01"
6802508,"306",NA,NA,NA,NA,89.6,90.8,92.6,99.1,108.85,116.5,121.6,4,2007,2022,"11-02"
6802508,"335",NA,NA,NA,NA,66.55,91.7,93.1,99.8,106.525,110.5,110.6,11,2007,2022,"12-01"
6802508,"336",NA,NA,NA,NA,86.9,88.95,92.025,98.2167,106.5625,113.515,118.15,4,2007,2022,"12-02"
6802609,"1","2022-01-01",156.08,"Jan","01-01",62.505,83.7585,103.1542,119.7425,132.3088,141.142,156.08,22,2000,2022,"01-01"
6802609,"32","2022-02-01",167.78,"Feb","02-01",62.935,80.296,105.7675,117.1975,126.5975,137.3085,167.78,22,2000,2022,"02-01"
6802609,"60","2022-03-01",163.695,"Mar","03-01",59.03,68.236,102.305,116.705,127.2,142.24,163.695,17,2000,2022,"03-01"
6802609,"61",NA,NA,NA,NA,82.84,89.76,98.8363,110.685,120.3025,129.935,138.155,6,2000,2022,"03-02"
6802609,"91",NA,NA,NA,NA,59.745,71.785,99.9825,113.4525,127.9112,133.6725,155.82,16,2000,2022,"04-01"
6802609,"92",NA,NA,NA,NA,71.8,88.15,107.29,116.035,122.74,131.49,138.13,6,2000,2022,"04-02"
6802609,"121",NA,NA,NA,NA,69.56,82.29,99.1338,114.3475,131.5975,136.05,150.99,16,2000,2022,"05-01"
6802609,"122",NA,NA,NA,NA,63.585,86.865,110.5225,113.08,129.3325,139.035,143.795,6,2000,2022,"05-02"
6802609,"152",NA,NA,NA,NA,81.51,89.1625,104.4,115.66,137.3688,143.5825,151.17,16,2000,2022,"06-01"
6802609,"153",NA,NA,NA,NA,69.14,87.275,106.9838,116.415,132.8025,140.7875,144.88,6,2000,2022,"06-02"
6802609,"182",NA,NA,NA,NA,79.11,90.745,101.005,120.27,145.1388,152.9,158.545,16,2000,2022,"07-01"
6802609,"183",NA,NA,NA,NA,70.015,95.585,121.1688,124.5025,140.0612,149.6475,155.145,6,2000,2022,"07-02"
6802609,"213",NA,NA,NA,NA,73.785,90.785,108.7762,128.5925,144.525,156.13,158.845,16,2000,2022,"08-01"
6802609,"214",NA,NA,NA,NA,75.975,98.9825,123.7275,130.0275,149.7525,159.285,162.605,6,2000,2022,"08-02"
6802609,"244",NA,NA,NA,NA,83.52,100.235,114.0925,134.445,150.515,156.313,159.425,15,2000,2022,"09-01"
6802609,"245",NA,NA,NA,NA,81.19,102.3925,124.4575,128.355,146.3487,156.2325,160.555,6,2000,2022,"09-02"
6802609,"274",NA,NA,NA,NA,85.72,97.417,111.285,132.91,143.9825,150.697,158.01,15,2000,2022,"10-01"
6802609,"275",NA,NA,NA,NA,79.005,97.5825,118.71,127.095,137.8125,149.765,158.39,6,2000,2022,"10-02"
6802609,"305",NA,NA,NA,NA,86.64,91.834,107.105,131.15,137.7925,147.186,149.725,15,2000,2022,"11-01"
6802609,"306",NA,NA,NA,NA,65.42,80.335,102.2538,124.4325,134.8363,148.3275,158.74,6,2000,2022,"11-02"
6802609,"335",NA,NA,NA,NA,82.545,88.067,109.715,124.105,135.42,142.242,146.715,15,2000,2022,"12-01"
6802609,"336",NA,NA,NA,NA,59.46,71.9167,92.4688,122.3375,133.2862,143.3125,151.55,6,2000,2022,"12-02"
6802807,"1","2022-01-01",191.535,"Jan","01-01",111,154.7175,170.7013,175.73,183.6025,188.595,193.19,16,2000,2022,"01-01"
6802807,"32","2022-02-01",193.445,"Feb","02-01",86.8,118.353,141.775,170.2,180.3787,182.237,193.445,22,2000,2022,"02-01"
6802807,"60","2022-03-01",194.695,"Mar","03-01",162.725,168.62,170.2,173.195,180.93,194.49,194.695,11,2000,2022,"03-01"
6802807,"61",NA,NA,NA,NA,149.35,154.8445,163.0863,172.6275,178.375,179.788,180.73,4,2000,2022,"03-02"
6802807,"91",NA,NA,NA,NA,161.365,165.7975,168.6675,175.575,181.2812,185.007,196.86,10,2000,2022,"04-01"
6802807,"92",NA,NA,NA,NA,152.9,157.1645,163.5612,172.7125,179.305,181.096,182.29,4,2000,2022,"04-02"
6802807,"121",NA,NA,NA,NA,163.28,165.413,168.945,176.9475,182.8112,187.0235,195.11,10,2000,2022,"05-01"
6802807,"122",NA,NA,NA,NA,156,158.7915,162.9787,173.8975,183.6938,185.8605,187.305,4,2000,2022,"05-02"
6802807,"152",NA,NA,NA,NA,164.57,166.982,169.475,180.17,187.005,188.5065,194.325,10,2000,2022,"06-01"
6802807,"153",NA,NA,NA,NA,164.75,164.885,165.0875,175.6125,187.2812,189.5425,191.05,4,2000,2022,"06-02"
6802807,"182",NA,NA,NA,NA,167.785,170.1655,171.14,183.905,190.865,192.4895,193.835,10,2000,2022,"07-01"
6802807,"183",NA,NA,NA,NA,170.525,170.5325,170.5437,179.2625,189.9837,193.5995,196.01,4,2000,2022,"07-02"
6802807,"213",NA,NA,NA,NA,171.535,173.587,175.6962,186.2725,193.425,195.066,197.325,10,2000,2022,"08-01"
6802807,"214",NA,NA,NA,NA,172.85,173.615,174.7625,184.215,195.4638,199.8445,202.765,4,2000,2022,"08-02"
6802807,"244",NA,NA,NA,NA,130.9,171.225,177.825,182.91,195.4425,196.06,196.225,11,2000,2022,"09-01"
6802807,"245",NA,NA,NA,NA,173.5,173.9665,174.6662,184.8725,196.7475,200.451,202.92,4,2000,2022,"09-02"
6802807,"274",NA,NA,NA,NA,133.75,170.26,178.2575,185.95,189.4675,191.92,194.075,11,2000,2022,"10-01"
6802807,"275",NA,NA,NA,NA,173.75,173.954,174.26,182.1975,192.7287,197.7035,201.02,4,2000,2022,"10-02"
6802807,"305",NA,NA,NA,NA,133.95,170.635,177.2675,184.395,188.3525,192.035,192.71,11,2000,2022,"11-01"
6802807,"306",NA,NA,NA,NA,171.745,172.1815,172.8362,180.37,190.5,195.828,199.38,4,2000,2022,"11-02"
6802807,"335",NA,NA,NA,NA,134.9,169.495,175.2475,180.2,185.735,189.92,191.575,11,2000,2022,"12-01"
6802807,"336",NA,NA,NA,NA,169.385,170.6895,172.6463,179.7667,188.3363,192.9015,195.945,4,2000,2022,"12-02"
6803109,"1","2022-01-01",53.89,"Jan","01-01",36.325,37.8,42.62,52.37,54.87,59.755,65.1,15,2007,2022,"01-01"
6803109,"32","2022-02-01",54.135,"Feb","02-01",34.8,36.787,45.975,49.06,55.815,58.707,59.535,15,2007,2022,"02-01"
6803109,"60","2022-03-01",57.005,"Mar","03-01",34.425,39.47,43.815,49.955,55.5825,58.605,60.05,11,2007,2022,"03-01"
6803109,"61",NA,NA,NA,NA,38.35,38.53,38.8,42.525,47.025,48.69,49.8,4,2007,2022,"03-02"
6803109,"91",NA,NA,NA,NA,35.37,41.742,42.7887,47.3025,53.9412,60.207,64.95,10,2007,2022,"04-01"
6803109,"92",NA,NA,NA,NA,37.46,37.862,38.465,41.3,44.8962,46.8695,48.185,4,2007,2022,"04-02"
6803109,"121",NA,NA,NA,NA,34.79,38.993,41.8425,47.5525,56.9362,59.2705,75.25,10,2007,2022,"05-01"
6803109,"122",NA,NA,NA,NA,33.95,37.235,42.1625,46.4125,49.1362,51.3165,52.77,4,2007,2022,"05-02"
6803109,"152",NA,NA,NA,NA,33.22,43.318,45.4212,49.795,59.65,65.164,87.7,10,2007,2022,"06-01"
6803109,"153",NA,NA,NA,NA,34.17,38.484,44.955,51.88,56.3875,58.507,59.92,4,2007,2022,"06-02"
6803109,"182",NA,NA,NA,NA,40.365,42.0525,50.0475,51.6125,64.645,71.7185,82.55,10,2007,2022,"07-01"
6803109,"183",NA,NA,NA,NA,41,46.553,54.8825,60.08,61.1163,61.9555,62.515,4,2007,2022,"07-02"
6803109,"213",NA,NA,NA,NA,46.695,46.794,53.19,60.4575,68.5638,76.718,77.6,10,2007,2022,"08-01"
6803109,"214",NA,NA,NA,NA,49.48,51.406,54.295,58.055,62.0425,65.341,67.54,4,2007,2022,"08-02"
6803109,"244",NA,NA,NA,NA,32.55,51.425,52.5225,59.415,63.925,74.295,74.38,11,2007,2022,"09-01"
6803109,"245",NA,NA,NA,NA,52.55,53.282,54.38,56.9275,59.5787,60.8635,61.72,4,2007,2022,"09-02"
6803109,"274",NA,NA,NA,NA,39.65,44.43,53.535,56.71,62.475,66.7,72.385,11,2007,2022,"10-01"
6803109,"275",NA,NA,NA,NA,54.73,56.293,58.6375,60.21,61.8975,64.449,66.15,4,2007,2022,"10-02"
6803109,"305",NA,NA,NA,NA,35.25,44.965,46.535,54.36,58.8725,65.3,66.03,11,2007,2022,"11-01"
6803109,"306",NA,NA,NA,NA,46.225,48.7345,52.4988,57.49,60.5925,60.957,61.2,4,2007,2022,"11-02"
6803109,"335",NA,NA,NA,NA,36.15,38.5,44.8725,53.35,56.6575,64.85,65.2,11,2007,2022,"12-01"
6803109,"336",NA,NA,NA,NA,43.78,46.483,50.5375,55.4783,58.3762,58.7535,59.005,4,2007,2022,"12-02"
6803305,"1","2022-01-01",234.475,"Jan","01-01",206.505,217.54,229.6162,233.6075,236.155,246.235,255.755,6,2016,2022,"01-01"
6803305,"32","2022-02-01",235.255,"Feb","02-01",204.77,215.6475,227.5625,232.965,237.3625,243.7575,249.45,6,2016,2022,"02-01"
6803305,"60","2022-03-01",239.9,"Mar","03-01",203.385,211.825,224.485,239.9,240.425,242.723,244.255,5,2016,2022,"03-01"
6803305,"61",NA,NA,NA,NA,234.235,234.235,234.235,234.235,234.235,234.235,234.235,1,2016,2022,"03-02"
6803305,"91",NA,NA,NA,NA,221.28,221.7375,222.4237,232.8975,243.4413,244.2535,244.795,4,2016,2022,"04-01"
6803305,"92",NA,NA,NA,NA,238.625,238.625,238.625,238.625,238.625,238.625,238.625,1,2016,2022,"04-02"
6803305,"121",NA,NA,NA,NA,219.33,223.458,229.65,237.425,243.5037,246.6425,248.735,4,2016,2022,"05-01"
6803305,"122",NA,NA,NA,NA,239.695,239.695,239.695,239.695,239.695,239.695,239.695,1,2016,2022,"05-02"
6803305,"152",NA,NA,NA,NA,224.255,227.1215,231.4213,238.4775,246.5513,252.6825,256.77,4,2016,2022,"06-01"
6803305,"153",NA,NA,NA,NA,240.125,240.125,240.125,240.125,240.125,240.125,240.125,1,2016,2022,"06-02"
6803305,"182",NA,NA,NA,NA,227.615,230.846,235.6925,238.6975,244.6012,254.6655,261.375,4,2016,2022,"07-01"
6803305,"183",NA,NA,NA,NA,257.4,257.4,257.4,257.4,257.4,257.4,257.4,1,2016,2022,"07-02"
6803305,"213",NA,NA,NA,NA,234.055,237.97,243.8425,254.055,261.5825,262.622,263.315,4,2016,2022,"08-01"
6803305,"214",NA,NA,NA,NA,258.545,258.545,258.545,258.545,258.545,258.545,258.545,1,2016,2022,"08-02"
6803305,"244",NA,NA,NA,NA,243.41,244.745,246.7475,248.17,251.6137,257.2545,261.015,4,2016,2022,"09-01"
6803305,"245",NA,NA,NA,NA,260.505,260.505,260.505,260.505,260.505,260.505,260.505,1,2016,2022,"09-02"
6803305,"274",NA,NA,NA,NA,240.205,241.714,243.9775,246.5575,249.8138,253.2945,255.615,4,2016,2022,"10-01"
6803305,"275",NA,NA,NA,NA,259.365,259.365,259.365,259.365,259.365,259.365,259.365,1,2016,2022,"10-02"
6803305,"305",NA,NA,NA,NA,235.19,236.5985,238.7113,241.7275,243.8438,244.3365,244.665,4,2016,2022,"11-01"
6803305,"306",NA,NA,NA,NA,212.54,216.824,223.25,233.96,244.67,251.096,255.38,2,2016,2022,"11-02"
6803305,"335",NA,NA,NA,NA,234.77,235.19,235.82,236.2875,237.0838,238.3055,239.12,4,2016,2022,"12-01"
6803305,"336",NA,NA,NA,NA,208.775,213.0745,219.5238,230.2725,241.0213,247.4705,251.77,2,2016,2022,"12-02"
6803406,"1","2022-01-01",241.955,"Jan","01-01",189.355,193.845,205.95,231.795,234.25,241.955,246.545,11,2011,2022,"01-01"
6803406,"32","2022-02-01",240.42,"Feb","02-01",183.795,190.12,203.5,225.815,228.7,240.42,247.185,11,2011,2022,"02-01"
6803406,"60","2022-03-01",242.33,"Mar","03-01",181.61,187.7945,206.84,221.3325,232.4,244.724,250.31,8,2011,2022,"03-01"
6803406,"61",NA,NA,NA,NA,192.745,198.325,206.695,220.645,222.8275,224.137,225.01,3,2011,2022,"03-02"
6803406,"91",NA,NA,NA,NA,180.345,187.818,202.015,218.17,231.5525,241.024,253.27,7,2011,2022,"04-01"
6803406,"92",NA,NA,NA,NA,191.845,197.355,205.62,219.395,223.565,226.067,227.735,3,2011,2022,"04-02"
6803406,"121",NA,NA,NA,NA,183.92,188.453,197.0975,224.93,234.0425,242.433,249.585,7,2011,2022,"05-01"
6803406,"122",NA,NA,NA,NA,188.525,195.303,205.47,222.415,230.495,235.343,238.575,3,2011,2022,"05-02"
6803406,"152",NA,NA,NA,NA,187.905,190.5825,193.2225,235.1825,241.7063,243.4425,244.3,8,2011,2022,"06-01"
6803406,"153",NA,NA,NA,NA,184.35,192.884,205.685,227.02,237.2975,243.464,247.575,3,2011,2022,"06-02"
6803406,"182",NA,NA,NA,NA,193.495,195.4025,196.985,238.0875,247.4338,249.821,252.775,8,2011,2022,"07-01"
6803406,"183",NA,NA,NA,NA,192.3,200.284,212.26,232.22,243.6125,250.448,255.005,3,2011,2022,"07-02"
6803406,"213",NA,NA,NA,NA,201.195,203.5505,210.0162,244.1725,254.5337,255.6325,257.505,8,2011,2022,"08-01"
6803406,"214",NA,NA,NA,NA,204.58,212.64,224.73,244.88,251.24,255.056,257.6,3,2011,2022,"08-02"
6803406,"244",NA,NA,NA,NA,212.68,212.904,222.6675,246.0375,250.3025,256.292,258.49,8,2011,2022,"09-01"
6803406,"245",NA,NA,NA,NA,204.765,213.508,226.6225,248.48,252.03,254.16,255.58,3,2011,2022,"09-02"
6803406,"274",NA,NA,NA,NA,214.095,215.4985,221.3875,237.645,246.7663,251.9015,253.48,8,2011,2022,"10-01"
6803406,"275",NA,NA,NA,NA,204.77,212.2,223.345,241.92,249.2225,253.604,256.525,3,2011,2022,"10-02"
6803406,"305",NA,NA,NA,NA,208.78,209.3715,215.4263,233.715,244.6213,245.7035,246.925,8,2011,2022,"11-01"
6803406,"306",NA,NA,NA,NA,201.25,209.349,221.4975,241.745,248.5625,252.653,255.38,3,2011,2022,"11-02"
6803406,"335",NA,NA,NA,NA,202.38,202.751,212.6187,230.985,239.38,243.0355,244.145,8,2011,2022,"12-01"
6803406,"336",NA,NA,NA,NA,194.525,203.255,216.35,238.175,244.1675,247.763,250.16,3,2011,2022,"12-02"
6803804,"1","2022-01-01",249.875,"Jan","01-01",156.65,187.897,200.025,220.26,246.66,251.249,259.95,17,2005,2022,"01-01"
6803804,"32","2022-02-01",251.105,"Feb","02-01",158.2,181.133,199.6,218.685,240.91,249.779,266.62,17,2005,2022,"02-01"
6803804,"60","2022-03-01",249.175,"Mar","03-01",173.115,189.063,198.85,220.27,242.92,248.943,252.425,13,2005,2022,"03-01"
6803804,"61",NA,NA,NA,NA,158.1,170.394,188.835,211.8925,230.9025,242.058,249.495,4,2005,2022,"03-02"
6803804,"91",NA,NA,NA,NA,173.825,185.155,200.5337,223.0475,238.4812,255.966,262.4,12,2005,2022,"04-01"
6803804,"92",NA,NA,NA,NA,170.01,180.3015,195.7387,213.7075,230.1275,242.777,251.21,4,2005,2022,"04-02"
6803804,"121",NA,NA,NA,NA,171.76,179.551,204.655,222.8025,248.1275,260.294,262.71,12,2005,2022,"05-01"
6803804,"122",NA,NA,NA,NA,179.15,188.4155,202.3138,213.8475,227.8775,246.269,258.53,4,2005,2022,"05-02"
6803804,"152",NA,NA,NA,NA,174.79,179.3135,212.7612,226.3225,251.8112,262.513,289.44,12,2005,2022,"06-01"
6803804,"153",NA,NA,NA,NA,195.75,201.555,210.2625,221.02,238.0337,258.0025,271.315,4,2005,2022,"06-02"
6803804,"182",NA,NA,NA,NA,163.5,183.467,215.495,238.5875,257.985,275.688,300.965,12,2005,2022,"07-01"
6803804,"183",NA,NA,NA,NA,203.3,210.623,221.6075,231.065,251.8025,283.091,303.95,4,2005,2022,"07-02"
6803804,"213",NA,NA,NA,NA,162.6,203.906,208.5462,252.1125,272.2025,286.955,297.7,12,2005,2022,"08-01"
6803804,"214",NA,NA,NA,NA,199.25,214.529,237.4475,250.855,266.2338,292.7005,310.345,4,2005,2022,"08-02"
6803804,"244",NA,NA,NA,NA,152.4,191.903,212.0525,256.5675,273.5625,283.998,284.82,12,2005,2022,"09-01"
6803804,"245",NA,NA,NA,NA,202.35,215.7675,235.8937,248.27,258.72,275.379,286.485,4,2005,2022,"09-02"
6803804,"274",NA,NA,NA,NA,160.15,190.0925,212.15,253.9575,268.7162,273.955,276.85,12,2005,2022,"10-01"
6803804,"275",NA,NA,NA,NA,203.45,212.603,226.3325,241.17,256.8,271.956,282.06,4,2005,2022,"10-02"
6803804,"305",NA,NA,NA,NA,158.35,187.919,205.525,237.425,261.525,265.275,272.85,13,2005,2022,"11-01"
6803804,"306",NA,NA,NA,NA,203,211.181,223.4525,236.5225,249.745,262.291,270.655,4,2005,2022,"11-02"
6803804,"335",NA,NA,NA,NA,156.15,185.157,199.86,232.7,250.995,253.845,259.645,13,2005,2022,"12-01"
6803804,"336",NA,NA,NA,NA,202.7333,210.2128,221.4321,231.2675,242.7425,256.913,266.36,4,2005,2022,"12-02"
6804214,"1","2022-01-01",171.35,"Jan","01-01",117.725,146.822,158.5612,172.775,206.4237,221.3285,222.125,10,2012,2022,"01-01"
6804214,"32","2022-02-01",171.035,"Feb","02-01",137.3,149.8505,155.4275,172.1025,208.54,215.1495,222.93,10,2012,2022,"02-01"
6804214,"60","2022-03-01",171.075,"Mar","03-01",148.81,152.5795,166.855,183.0075,204.4638,210.8635,211.245,8,2012,2022,"03-01"
6804214,"61",NA,NA,NA,NA,136.45,139.4155,143.8637,151.2775,158.6913,163.1395,166.105,2,2012,2022,"03-02"
6804214,"91",NA,NA,NA,NA,149.035,153.163,165.465,199.955,216.33,225.745,231.265,7,2012,2022,"04-01"
6804214,"92",NA,NA,NA,NA,128.595,132.599,138.605,148.615,158.625,164.631,168.635,2,2012,2022,"04-02"
6804214,"121",NA,NA,NA,NA,146.075,160.949,173.27,178.27,213.0375,225.677,228.725,7,2012,2022,"05-01"
6804214,"122",NA,NA,NA,NA,98.665,105.7735,116.4362,134.2075,151.9787,162.6415,169.75,2,2012,2022,"05-02"
6804214,"152",NA,NA,NA,NA,107.7,131.232,160.3925,185.935,204.23,222.313,235.915,7,2012,2022,"06-01"
6804214,"153",NA,NA,NA,NA,81.085,89.8285,102.9438,124.8025,146.6613,159.7765,168.52,2,2012,2022,"06-02"
6804214,"182",NA,NA,NA,NA,131.055,148.812,166.575,196.6,224.25,238.878,246.63,7,2012,2022,"07-01"
6804214,"183",NA,NA,NA,NA,113.895,120.3755,130.0962,146.2975,162.4987,172.2195,178.7,2,2012,2022,"07-02"
6804214,"213",NA,NA,NA,NA,160.295,167.063,176.36,208.27,234.245,249.477,251.415,7,2012,2022,"08-01"
6804214,"214",NA,NA,NA,NA,128.39,133.303,140.6725,152.955,165.2375,172.607,177.52,2,2012,2022,"08-02"
6804214,"244",NA,NA,NA,NA,162.31,163.666,168.81,208.8,228.3825,244.839,248.655,7,2012,2022,"09-01"
6804214,"245",NA,NA,NA,NA,135.715,139.555,145.315,154.915,164.515,170.275,174.115,2,2012,2022,"09-02"
6804214,"274",NA,NA,NA,NA,161.71,167.854,175.685,180.03,205.755,224.239,240.085,7,2012,2022,"10-01"
6804214,"275",NA,NA,NA,NA,166.605,167.212,168.1225,169.64,171.1575,172.068,172.675,2,2012,2022,"10-02"
6804214,"305",NA,NA,NA,NA,145.345,155.518,162.8975,171.515,202.395,214.003,225.385,7,2012,2022,"11-01"
6804214,"306",NA,NA,NA,NA,157.115,161.127,167.145,177.175,198.115,210.679,219.055,3,2012,2022,"11-02"
6804214,"335",NA,NA,NA,NA,125.26,148.252,164.335,170.84,199.9475,212.863,222.055,7,2012,2022,"12-01"
6804214,"336",NA,NA,NA,NA,158.25,161.665,166.7875,175.325,194.1775,205.489,213.03,3,2012,2022,"12-02"
6804312,"1","2022-01-01",133.3,"Jan","01-01",110.37,111.969,116.4225,126.085,133.3575,135.498,137.37,15,2007,2022,"01-01"
6804312,"32","2022-02-01",134.36,"Feb","02-01",110.96,112.086,114.875,126.34,133.525,134.618,134.9,15,2007,2022,"02-01"
6804312,"60","2022-03-01",136.415,"Mar","03-01",110.62,113,118.1225,130.54,133.6025,136.415,138.43,11,2007,2022,"03-01"
6804312,"61",NA,NA,NA,NA,111.33,113.511,116.7825,121.89,126.7338,129.5305,131.395,4,2007,2022,"03-02"
6804312,"91",NA,NA,NA,NA,110.7,111.393,116.1913,128.92,133.49,137.0695,140.71,10,2007,2022,"04-01"
6804312,"92",NA,NA,NA,NA,110.48,113.696,118.52,123.45,126.9388,129.1685,130.655,4,2007,2022,"04-02"
6804312,"121",NA,NA,NA,NA,109.005,110.5755,115.4362,128.5825,134.0088,135.711,139.095,10,2007,2022,"05-01"
6804312,"122",NA,NA,NA,NA,106.42,111.529,119.1925,124.555,126.6788,128.5125,129.735,4,2007,2022,"05-02"
6804312,"152",NA,NA,NA,NA,109.63,113.446,114.6375,130.5125,134.795,135.723,137.55,10,2007,2022,"06-01"
6804312,"153",NA,NA,NA,NA,102.84,108.945,118.1025,125.07,127.77,129.246,130.23,4,2007,2022,"06-02"
6804312,"182",NA,NA,NA,NA,112.03,112.273,117.0488,132.33,135.3538,137.603,138.08,10,2007,2022,"07-01"
6804312,"183",NA,NA,NA,NA,106.75,112.6015,121.3788,127.7525,129.7463,130.6395,131.235,4,2007,2022,"07-02"
6804312,"213",NA,NA,NA,NA,114.465,115.365,117.62,134.44,138.2812,140.964,143.79,10,2007,2022,"08-01"
6804312,"214",NA,NA,NA,NA,109.04,114.911,123.7175,129.355,131.2512,133.3235,134.705,4,2007,2022,"08-02"
6804312,"244",NA,NA,NA,NA,101.6,114.8,117.32,133.39,137.2125,138.585,140.425,11,2007,2022,"09-01"
6804312,"245",NA,NA,NA,NA,109.89,115.596,124.155,130.53,132.7513,133.8335,134.555,4,2007,2022,"09-02"
6804312,"274",NA,NA,NA,NA,104.6,115.06,118.7,125.345,134.655,135.225,138.3,11,2007,2022,"10-01"
6804312,"275",NA,NA,NA,NA,110.695,116.425,125.02,130.6075,131.94,132.876,133.5,4,2007,2022,"10-02"
6804312,"305",NA,NA,NA,NA,108.15,115.165,118.255,124.24,131.5125,136.71,138.22,11,2007,2022,"11-01"
6804312,"306",NA,NA,NA,NA,111.73,117.481,126.1075,131.77,133.13,134.012,134.6,4,2007,2022,"11-02"
6804312,"335",NA,NA,NA,NA,109.45,111.4,118.6725,124.755,130.68,135.675,139.285,11,2007,2022,"12-01"
6804312,"336",NA,NA,NA,NA,111.99,117.852,126.645,132.6575,134.1637,134.8455,135.3,4,2007,2022,"12-02"
6804313,"1","2022-01-01",157.35,"Jan","01-01",127.75,132.27,137.49,151.7,161.5,164.942,179.7,15,2007,2022,"01-01"
6804313,"32","2022-02-01",158.75,"Feb","02-01",130.95,132.13,134.8,153.85,160.9675,161.72,162.55,15,2007,2022,"02-01"
6804313,"60","2022-03-01",162.4,"Mar","03-01",128.15,131.4,137.69,155.4,161.775,162.4,163.05,11,2007,2022,"03-01"
6804313,"61",NA,NA,NA,NA,131.95,132.505,133.3375,142.45,152.9875,156.385,158.65,4,2007,2022,"03-02"
6804313,"91",NA,NA,NA,NA,127.15,131.02,136.1875,156.45,162.5,164.49,165.75,10,2007,2022,"04-01"
6804313,"92",NA,NA,NA,NA,130.3,132.13,134.875,143.315,151.885,154.864,156.85,4,2007,2022,"04-02"
6804313,"121",NA,NA,NA,NA,127.015,127.4515,138.2262,154.125,161.9212,163.6145,164.6,10,2007,2022,"05-01"
6804313,"122",NA,NA,NA,NA,126.6,130.245,135.7125,144.8,152.1237,154.4165,155.945,4,2007,2022,"05-02"
6804313,"152",NA,NA,NA,NA,127.45,128.152,136.825,155.8025,160.175,163.8595,163.9,10,2007,2022,"06-01"
6804313,"153",NA,NA,NA,NA,121.6,127.81,137.125,145.8,151.3988,155.1765,157.695,4,2007,2022,"06-02"
6804313,"182",NA,NA,NA,NA,128.68,130.273,139.225,157.735,162.5875,165.0215,165.215,10,2007,2022,"07-01"
6804313,"183",NA,NA,NA,NA,124.9,130.705,139.4125,147.425,152.6775,156.417,158.91,4,2007,2022,"07-02"
6804313,"213",NA,NA,NA,NA,134.165,134.6465,140.875,159.125,163.6875,164.665,167.95,10,2007,2022,"08-01"
6804313,"214",NA,NA,NA,NA,127.75,132.955,140.7625,150.375,156.7925,158.849,160.22,4,2007,2022,"08-02"
6804313,"244",NA,NA,NA,NA,117.35,131.235,139.7,158.9,161.63,165.65,167.7,11,2007,2022,"09-01"
6804313,"245",NA,NA,NA,NA,130.35,135.495,143.2125,150.875,155.9812,159.0975,161.175,4,2007,2022,"09-02"
6804313,"274",NA,NA,NA,NA,120.2,132.03,142.175,151.95,159.9175,163.05,168.2,11,2007,2022,"10-01"
6804313,"275",NA,NA,NA,NA,131.75,136.895,144.6125,152.225,156.3375,157.755,158.7,4,2007,2022,"10-02"
6804313,"305",NA,NA,NA,NA,123.25,133.68,140.375,148.05,159.85,161.775,168.1,11,2007,2022,"11-01"
6804313,"306",NA,NA,NA,NA,134.7,139.29,146.175,153.55,157.9375,159.445,160.45,4,2007,2022,"11-02"
6804313,"335",NA,NA,NA,NA,124.55,132.475,139.215,150.5,159.1725,161.4,168.4,11,2007,2022,"12-01"
6804313,"336",NA,NA,NA,NA,134.6,139.43,146.675,154.3,158.725,160.21,161.2,4,2007,2022,"12-02"
6804705,"1","2022-01-01",189.925,"Jan","01-01",178.8,179.094,183.55,187.985,188.695,189.594,189.925,17,2005,2022,"01-01"
6804705,"32","2022-02-01",189.685,"Feb","02-01",174.33,178.576,183.2,187.945,188.825,189.391,190.045,17,2005,2022,"02-01"
6804705,"60","2022-03-01",189.375,"Mar","03-01",177.545,179.008,182.15,187.715,188.915,189.347,189.64,13,2005,2022,"03-01"
6804705,"61",NA,NA,NA,NA,180.9,182.814,185.685,187.7125,188.25,188.439,188.565,4,2005,2022,"03-02"
6804705,"91",NA,NA,NA,NA,178.95,179.8665,184.17,187.545,188.9375,189.332,189.89,12,2005,2022,"04-01"
6804705,"92",NA,NA,NA,NA,179.6,181.9475,185.4688,187.7325,188.26,188.656,188.92,4,2005,2022,"04-02"
6804705,"121",NA,NA,NA,NA,179.2,180.3085,184.5962,187.8325,188.9912,189.568,189.805,12,2005,2022,"05-01"
6804705,"122",NA,NA,NA,NA,178.9,181.1245,184.4612,187.2375,188.3425,188.671,188.89,4,2005,2022,"05-02"
6804705,"152",NA,NA,NA,NA,178.42,179.676,184.415,187.71,188.4,189.839,190.04,13,2005,2022,"06-01"
6804705,"153",NA,NA,NA,NA,178.9,181.0675,184.3187,187.3925,188.9038,189.3425,189.635,4,2005,2022,"06-02"
6804705,"182",NA,NA,NA,NA,179.085,179.925,185.1975,188.0075,189.1262,189.598,190.29,12,2005,2022,"07-01"
6804705,"183",NA,NA,NA,NA,178.9,181.084,184.36,187.4375,189.0163,189.5945,189.98,4,2005,2022,"07-02"
6804705,"213",NA,NA,NA,NA,179.6,180.1585,185.455,188.49,189.14,190.2815,190.67,12,2005,2022,"08-01"
6804705,"214",NA,NA,NA,NA,178.85,181.082,184.43,187.695,189.255,189.534,189.72,4,2005,2022,"08-02"
6804705,"244",NA,NA,NA,NA,179.335,183.6885,185.5012,188.5575,189.1125,190.2255,190.43,12,2005,2022,"09-01"
6804705,"245",NA,NA,NA,NA,178.85,181.2725,184.9063,187.995,189.3587,189.8875,190.24,4,2005,2022,"09-02"
6804705,"274",NA,NA,NA,NA,178.415,183.49,185.92,188.73,189.1812,189.7835,190.34,12,2005,2022,"10-01"
6804705,"275",NA,NA,NA,NA,178.9,181.3615,185.0538,187.9725,189.1687,189.7605,190.155,4,2005,2022,"10-02"
6804705,"305",NA,NA,NA,NA,178.165,179.01,183.05,188.675,188.78,189.451,190.125,13,2005,2022,"11-01"
6804705,"306",NA,NA,NA,NA,179,181.43,185.075,187.9925,189.175,189.697,190.045,4,2005,2022,"11-02"
6804705,"335",NA,NA,NA,NA,178.67,179.285,183.5,188.405,188.78,189.233,189.945,13,2005,2022,"12-01"
6804705,"336",NA,NA,NA,NA,178.9333,181.4673,185.2683,188.1175,189.1062,189.5585,189.86,4,2005,2022,"12-02"
6804706,"1","2022-01-01",248.425,"Jan","01-01",215.35,220.72,224.325,230.65,251.8275,257.28,267.505,15,2007,2022,"01-01"
6804706,"32","2022-02-01",246.87,"Feb","02-01",215.35,221.54,226.65,233.05,260.385,267.263,276.125,15,2007,2022,"02-01"
6804706,"60","2022-03-01",246.065,"Mar","03-01",219.8,223.16,225.715,229.635,260.085,277.77,310.175,11,2007,2022,"03-01"
6804706,"61",NA,NA,NA,NA,215.5,218.74,223.6,236.495,250.7937,258.1805,263.105,4,2007,2022,"03-02"
6804706,"91",NA,NA,NA,NA,219.575,221.2625,223.9562,229.6475,265.6712,270.511,277.72,10,2007,2022,"04-01"
6804706,"92",NA,NA,NA,NA,215.8,218.95,223.675,233.7375,246.6025,256.372,262.885,4,2007,2022,"04-02"
6804706,"121",NA,NA,NA,NA,219.61,220.816,227.2613,234.445,260.5638,265.457,274.475,10,2007,2022,"05-01"
6804706,"122",NA,NA,NA,NA,215.85,218.985,223.6875,232.63,246.965,261.374,270.98,4,2007,2022,"05-02"
6804706,"152",NA,NA,NA,NA,219.705,225.1005,227.2038,239.44,260.0362,279.1355,317.39,10,2007,2022,"06-01"
6804706,"153",NA,NA,NA,NA,217.5,220.254,224.385,232.34,247.7013,265.1635,276.805,4,2007,2022,"06-02"
6804706,"182",NA,NA,NA,NA,219.945,221.2095,228.2237,236.25,256.7587,276.045,278.25,10,2007,2022,"07-01"
6804706,"183",NA,NA,NA,NA,217.9,220.6225,224.7062,234.905,253.1475,271.71,284.085,4,2007,2022,"07-02"
6804706,"213",NA,NA,NA,NA,220.325,221.3375,228.8312,236.0225,258.795,274.7685,290.235,10,2007,2022,"08-01"
6804706,"214",NA,NA,NA,NA,217.8,220.701,225.0525,238.01,256.7275,271.447,281.26,4,2007,2022,"08-02"
6804706,"244",NA,NA,NA,NA,214.2,220.93,224.395,235.65,253.6375,275.12,297.84,11,2007,2022,"09-01"
6804706,"245",NA,NA,NA,NA,218.15,220.9625,225.1812,246.5325,271.0988,281.1045,287.775,4,2007,2022,"09-02"
6804706,"274",NA,NA,NA,NA,214.6,220.279,223.14,232.3675,259.8475,269.195,277.79,10,2007,2022,"10-01"
6804706,"275",NA,NA,NA,NA,219.1,221.59,225.325,245.395,269.4638,280.3965,287.685,4,2007,2022,"10-02"
6804706,"305",NA,NA,NA,NA,215.3,220.9,224.45,232.31,256.3725,269.99,273.52,11,2007,2022,"11-01"
6804706,"306",NA,NA,NA,NA,220.5,222.558,225.645,254.74,284.0975,287.657,290.03,4,2007,2022,"11-02"
6804706,"335",NA,NA,NA,NA,214.65,220.56,224.3875,233.275,253.4525,260.16,274.38,11,2007,2022,"12-01"
6804706,"336",NA,NA,NA,NA,220.7,222.665,225.6125,240.0825,258.3275,268.07,274.565,4,2007,2022,"12-02"
6804804,"1","2022-01-01",72.96,"Jan","01-01",60.74,66.36,72.005,81.055,85.16,87.3,89.98,11,2011,2022,"01-01"
6804804,"32","2022-02-01",76.325,"Feb","02-01",65.585,66.925,70.1975,83.205,85.17,87.89,89.83,11,2011,2022,"02-01"
6804804,"60","2022-03-01",78.8,"Mar","03-01",65.28,68.512,72.455,83.3833,84.465,86.965,88.325,9,2011,2022,"03-01"
6804804,"61",NA,NA,NA,NA,68.675,71.454,75.6225,82.57,82.875,83.058,83.18,3,2011,2022,"03-02"
6804804,"91",NA,NA,NA,NA,68.955,69.788,71.195,84.335,85.325,87.677,89.035,8,2011,2022,"04-01"
6804804,"92",NA,NA,NA,NA,65.67,67.009,69.0175,72.365,77.3525,80.345,82.34,3,2011,2022,"04-02"
6804804,"121",NA,NA,NA,NA,59.965,62.114,69.485,84.32,85.26,87.786,88.955,8,2011,2022,"05-01"
6804804,"122",NA,NA,NA,NA,60.22,62.671,66.3475,72.475,76.82,79.427,81.165,3,2011,2022,"05-02"
6804804,"152",NA,NA,NA,NA,59.19,64.4925,67.1438,79.45,84.8662,85.497,86.085,8,2011,2022,"06-01"
6804804,"153",NA,NA,NA,NA,61.515,63.531,66.555,71.595,74.72,76.595,77.845,3,2011,2022,"06-02"
6804804,"182",NA,NA,NA,NA,67.815,68.8825,69.7413,81.58,84.1163,85.4895,85.815,8,2011,2022,"07-01"
6804804,"183",NA,NA,NA,NA,68.175,70.203,73.245,78.315,80.355,81.579,82.395,3,2011,2022,"07-02"
6804804,"213",NA,NA,NA,NA,70.28,70.903,71.7062,82.34,84.9338,86.859,89.295,8,2011,2022,"08-01"
6804804,"214",NA,NA,NA,NA,71.315,73.476,76.7175,82.12,82.935,83.424,83.75,3,2011,2022,"08-02"
6804804,"244",NA,NA,NA,NA,71.9,72.1905,72.6225,78.9925,85.005,86.5185,89,8,2011,2022,"09-01"
6804804,"245",NA,NA,NA,NA,71.175,72.47,74.4125,77.65,81.1225,83.206,84.595,3,2011,2022,"09-02"
6804804,"274",NA,NA,NA,NA,55.5,60.967,74.1662,81.3825,85.8825,87.249,89.09,8,2011,2022,"10-01"
6804804,"275",NA,NA,NA,NA,69.985,71.652,74.1525,78.32,81.7,83.728,85.08,3,2011,2022,"10-02"
6804804,"305",NA,NA,NA,NA,61.55,62.8975,66.8725,81.895,85.095,87.7635,89.615,8,2011,2022,"11-01"
6804804,"306",NA,NA,NA,NA,72.035,74.063,77.105,82.175,83.8125,84.795,85.45,3,2011,2022,"11-02"
6804804,"335",NA,NA,NA,NA,61.36,65.7875,70.4525,79.3825,84.8738,87.9285,89.78,8,2011,2022,"12-01"
6804804,"336",NA,NA,NA,NA,69.9,72.574,76.585,83.27,84.515,85.262,85.76,3,2011,2022,"12-02"
6804806,"1","2022-01-01",258.2,"Jan","01-01",133.4,168.74,191.675,209.2,236.65,255.58,258.2,15,2007,2022,"01-01"
6804806,"32","2022-02-01",257.55,"Feb","02-01",134.2,167.65,193.7,216,238.725,254.53,259.9,15,2007,2022,"02-01"
6804806,"60","2022-03-01",257.35,"Mar","03-01",160.6,166.9,196.925,208.6,235.3,257.35,257.35,11,2007,2022,"03-01"
6804806,"61",NA,NA,NA,NA,135.6,151.41,175.125,201.2,222.5875,237.865,248.05,4,2007,2022,"03-02"
6804806,"91",NA,NA,NA,NA,161.25,164.985,192.775,206.8,230.4,240.5565,256.95,10,2007,2022,"04-01"
6804806,"92",NA,NA,NA,NA,136.95,152.46,175.725,201.475,222.875,238.31,248.6,4,2007,2022,"04-02"
6804806,"121",NA,NA,NA,NA,131.875,159.7,177.35,206.2,229.45,238.7,257.35,11,2007,2022,"05-01"
6804806,"122",NA,NA,NA,NA,137.2,152.995,176.6875,201.725,222.7875,239.325,250.35,4,2007,2022,"05-02"
6804806,"152",NA,NA,NA,NA,130.375,160.45,180.025,206.1,231.85,240.9,257.25,11,2007,2022,"06-01"
6804806,"153",NA,NA,NA,NA,141,157.1325,181.3313,204.6125,223.85,240.77,252.05,4,2007,2022,"06-02"
6804806,"182",NA,NA,NA,NA,129.46,162.55,181.575,208.065,235.85,243,257.95,11,2007,2022,"07-01"
6804806,"183",NA,NA,NA,NA,141.55,157.675,181.8625,206.45,227.225,244.55,256.1,4,2007,2022,"07-02"
6804806,"213",NA,NA,NA,NA,136.25,163.9,184.725,210.15,238,246.6,258.25,11,2007,2022,"08-01"
6804806,"214",NA,NA,NA,NA,142.5,158.67,182.925,209.85,231.975,247.59,258,4,2007,2022,"08-02"
6804806,"244",NA,NA,NA,NA,131.2,165.14,186.55,211.2,239.1,251.125,261.15,11,2007,2022,"09-01"
6804806,"245",NA,NA,NA,NA,143.4,160.11,185.175,211.725,232.6375,247.555,257.5,4,2007,2022,"09-02"
6804806,"274",NA,NA,NA,NA,131.6,164.35,186.45,211.46,238.95,253.8,260.1,11,2007,2022,"10-01"
6804806,"275",NA,NA,NA,NA,145.55,161.195,184.6625,211.55,233.65,248.5,258.4,4,2007,2022,"10-02"
6804806,"305",NA,NA,NA,NA,133.3,164.95,187.65,211.05,238.74,253.6,259,11,2007,2022,"11-01"
6804806,"306",NA,NA,NA,NA,146.7,162.015,184.9875,211.75,234.1125,249.165,259.2,4,2007,2022,"11-02"
6804806,"335",NA,NA,NA,NA,133.8,165,188.45,209.9,237.475,252.35,258.6,11,2007,2022,"12-01"
6804806,"336",NA,NA,NA,NA,153.4667,166.8417,186.9042,211.475,233.3625,248.595,258.75,4,2007,2022,"12-02"
6804809,"1","2022-01-01",70.145,"Jan","01-01",65.19,66.674,68.835,71.425,72.005,72.548,75.225,17,2005,2022,"01-01"
6804809,"32","2022-02-01",72.105,"Feb","02-01",61.45,65.826,67.765,71.6,72.205,72.675,75.56,17,2005,2022,"02-01"
6804809,"60","2022-03-01",71.36,"Mar","03-01",63.625,65.556,67.985,71.445,72.27,72.738,73.25,13,2005,2022,"03-01"
6804809,"61",NA,NA,NA,NA,66.53,66.6605,66.8562,69.1575,71.415,71.532,71.61,4,2005,2022,"03-02"
6804809,"91",NA,NA,NA,NA,63.25,67.0115,67.7675,71.995,72.725,73.3565,74.835,12,2005,2022,"04-01"
6804809,"92",NA,NA,NA,NA,64.58,65.537,66.9725,69.55,71.3975,71.519,71.6,4,2005,2022,"04-02"
6804809,"121",NA,NA,NA,NA,61.455,63.4895,65.6525,71.46,72.0325,72.547,73.6,12,2005,2022,"05-01"
6804809,"122",NA,NA,NA,NA,60.17,62.513,66.0275,68.5525,69.8187,71.0675,71.9,4,2005,2022,"05-02"
6804809,"152",NA,NA,NA,NA,62.33,65.819,67.38,71.51,72.5,72.798,73.9,13,2005,2022,"06-01"
6804809,"153",NA,NA,NA,NA,61.605,63.729,66.915,69.085,70.3762,71.9805,73.05,4,2005,2022,"06-02"
6804809,"182",NA,NA,NA,NA,62.71,67.3745,69.1362,71.9525,72.7225,73.0495,74,12,2005,2022,"07-01"
6804809,"183",NA,NA,NA,NA,68.68,69.385,70.4425,71.1475,71.6862,72.4445,72.95,4,2005,2022,"07-02"
6804809,"213",NA,NA,NA,NA,63.41,68.9315,70.04,72.0725,72.7925,73.487,74.2,12,2005,2022,"08-01"
6804809,"214",NA,NA,NA,NA,69.09,69.828,70.935,71.8525,72.2038,72.2915,72.35,4,2005,2022,"08-02"
6804809,"244",NA,NA,NA,NA,65.3,67.1565,69.0863,72.105,73.0663,73.55,74.42,12,2005,2022,"09-01"
6804809,"245",NA,NA,NA,NA,68.9,69.158,69.545,70.8125,71.9488,72.0995,72.2,4,2005,2022,"09-02"
6804809,"274",NA,NA,NA,NA,63.675,65.1155,67.5388,72.3425,73.3275,75.306,75.58,12,2005,2022,"10-01"
6804809,"275",NA,NA,NA,NA,68.485,69.3565,70.6638,71.5075,71.7812,72.0625,72.25,4,2005,2022,"10-02"
6804809,"305",NA,NA,NA,NA,66,66.179,67.32,70.82,72.075,73.349,75.815,13,2005,2022,"11-01"
6804809,"306",NA,NA,NA,NA,69.98,70.5155,71.3188,72.2675,72.8275,72.931,73,4,2005,2022,"11-02"
6804809,"335",NA,NA,NA,NA,64.925,66.736,68.975,71.38,72.14,72.763,73.29,13,2005,2022,"12-01"
6804809,"336",NA,NA,NA,NA,67.86,69.087,70.9275,72.5083,73.1175,73.209,73.27,4,2005,2022,"12-02"
6804916,"1","2022-01-01",248.4,"Jan","01-01",96.2,114.77,158.8,199.41,220.15,240.989,248.4,17,2005,2022,"01-01"
6804916,"32","2022-02-01",247.775,"Feb","02-01",95.67,114.116,152.35,195.255,219.5,239.9,248.9,17,2005,2022,"02-01"
6804916,"60","2022-03-01",246.7,"Mar","03-01",98.75,114.64,150.25,197.875,219.425,242.258,247.54,13,2005,2022,"03-01"
6804916,"61",NA,NA,NA,NA,118.85,136.8005,163.7263,191.645,211.845,224.877,233.565,4,2005,2022,"03-02"
6804916,"91",NA,NA,NA,NA,101.625,111.594,148.8,194.7875,212.0525,224.615,248.005,12,2005,2022,"04-01"
6804916,"92",NA,NA,NA,NA,120.9,139.185,166.6125,193.335,211.7025,224.091,232.35,4,2005,2022,"04-02"
6804916,"121",NA,NA,NA,NA,103.585,112.7865,152.055,196.67,213.88,222.721,248.055,12,2005,2022,"05-01"
6804916,"122",NA,NA,NA,NA,120.85,139.717,168.0175,193.795,211.6063,225.5675,234.875,4,2005,2022,"05-02"
6804916,"152",NA,NA,NA,NA,110,110.802,154.4,192.24,213.325,226.129,247.645,13,2005,2022,"06-01"
6804916,"153",NA,NA,NA,NA,140.35,154.441,175.5775,195.85,213.72,230.532,241.74,4,2005,2022,"06-02"
6804916,"182",NA,NA,NA,NA,110.46,119.3175,165.75,198.275,221.225,230.135,248.505,12,2005,2022,"07-01"
6804916,"183",NA,NA,NA,NA,138.15,152.94,175.125,197.1,216.45,233.91,245.55,4,2005,2022,"07-02"
6804916,"213",NA,NA,NA,NA,114.085,121.7775,168.6188,201.1625,222.6538,233.0615,260.26,12,2005,2022,"08-01"
6804916,"214",NA,NA,NA,NA,136.45,152.905,177.5875,201.6375,220.4237,235.6315,245.77,4,2005,2022,"08-02"
6804916,"244",NA,NA,NA,NA,115.175,120.685,168.3438,203.4575,223.1375,235.7015,250.485,12,2005,2022,"09-01"
6804916,"245",NA,NA,NA,NA,137.75,154.4735,179.5588,202.38,219.78,235.107,245.325,4,2005,2022,"09-02"
6804916,"274",NA,NA,NA,NA,112.165,122.027,167.4875,203.1225,222.5238,237.2845,249.125,12,2005,2022,"10-01"
6804916,"275",NA,NA,NA,NA,137.5,153.4975,177.4937,201.2,220.2075,235.746,246.105,4,2005,2022,"10-02"
6804916,"305",NA,NA,NA,NA,94.545,113.546,155.15,199.29,220.88,235.43,249.42,13,2005,2022,"11-01"
6804916,"306",NA,NA,NA,NA,141.6,156.369,178.5225,202.0025,221.6275,236.842,246.985,4,2005,2022,"11-02"
6804916,"335",NA,NA,NA,NA,93.165,112.792,153.4,199.315,219.925,235.173,248.76,13,2005,2022,"12-01"
6804916,"336",NA,NA,NA,NA,140.6333,156.3448,179.9121,202.3225,220.5775,236.665,247.39,4,2005,2022,"12-02"
6809303,"1","2022-01-01",789.58,"Jan","01-01",732.61,746.804,766.22,768,780.32,785.402,789.58,17,2005,2022,"01-01"
6809303,"32","2022-02-01",791.545,"Feb","02-01",733.045,744.59,765.8,770.7,780.5,783.97,791.545,17,2005,2022,"02-01"
6809303,"60","2022-03-01",785.875,"Mar","03-01",735.32,743.662,765.5,771.535,779.55,785.79,787.59,13,2005,2022,"03-01"
6809303,"61",NA,NA,NA,NA,746.9,753.125,762.4625,768.2675,770.97,774.723,777.225,4,2005,2022,"03-02"
6809303,"91",NA,NA,NA,NA,737.035,743.51,767.15,772.1325,779.9625,783.255,789.81,12,2005,2022,"04-01"
6809303,"92",NA,NA,NA,NA,747.65,752.735,760.3625,766.8175,773.0925,780.396,785.265,4,2005,2022,"04-02"
6809303,"121",NA,NA,NA,NA,743.9,746.375,767.3938,771.065,784.04,785.936,788.085,12,2005,2022,"05-01"
6809303,"122",NA,NA,NA,NA,749.5,753.88,760.45,768.9325,775.9012,779.7465,782.31,4,2005,2022,"05-02"
6809303,"152",NA,NA,NA,NA,741.83,744.266,749.915,772.1,783.4,792.542,806.55,13,2005,2022,"06-01"
6809303,"153",NA,NA,NA,NA,753.75,754.74,756.225,767.745,779.89,782.5,784.24,4,2005,2022,"06-02"
6809303,"182",NA,NA,NA,NA,744.1,745.286,764.87,779.375,785.3387,787.99,800.235,12,2005,2022,"07-01"
6809303,"183",NA,NA,NA,NA,755.55,758.985,764.1375,776.9425,787.0838,787.4415,787.68,4,2005,2022,"07-02"
6809303,"213",NA,NA,NA,NA,747.6,749.9565,770.9212,781.79,791.02,793.843,805.96,12,2005,2022,"08-01"
6809303,"214",NA,NA,NA,NA,760.9,761.92,763.45,778.15,793.64,796.592,798.56,4,2005,2022,"08-02"
6809303,"244",NA,NA,NA,NA,747.46,752.31,768.6788,782.315,789.5375,792.065,806.25,12,2005,2022,"09-01"
6809303,"245",NA,NA,NA,NA,767.45,768.095,769.0625,780.08,791.2687,792.5445,793.395,4,2005,2022,"09-02"
6809303,"274",NA,NA,NA,NA,742.035,753.425,769.7037,776.4275,789.5713,792.794,796.9,12,2005,2022,"10-01"
6809303,"275",NA,NA,NA,NA,763.3,765.16,767.95,778.7,789.6,792.66,794.7,4,2005,2022,"10-02"
6809303,"305",NA,NA,NA,NA,731.875,747.198,769.605,772.2,786.61,790.016,792.16,13,2005,2022,"11-01"
6809303,"306",NA,NA,NA,NA,764.2,765.19,766.675,778.125,790.3262,793.1635,795.055,4,2005,2022,"11-02"
6809303,"335",NA,NA,NA,NA,731.335,745.714,763.245,769.665,784.6,788.402,789.77,13,2005,2022,"12-01"
6809303,"336",NA,NA,NA,NA,760.1667,762.3067,765.5167,775.6,786.0163,789.8255,792.365,4,2005,2022,"12-02"
6810405,"1","2022-01-01",157.78,"Jan","01-01",153.8,156.7003,156.8058,157.585,157.835,158.171,158.195,12,2010,2022,"01-01"
6810405,"32","2022-02-01",157.73,"Feb","02-01",153.845,156.3175,156.7,157.5225,157.7763,158.1625,158.25,12,2010,2022,"02-01"
6810405,"60","2022-03-01",157.945,"Mar","03-01",154.425,155.897,156.86,157.785,157.945,158.206,158.27,9,2010,2022,"03-01"
6810405,"61",NA,NA,NA,NA,156.335,156.569,156.92,157.505,157.555,157.585,157.605,3,2010,2022,"03-02"
6810405,"91",NA,NA,NA,NA,154.91,155.33,156.3313,157.5925,158.1075,158.361,158.725,8,2010,2022,"04-01"
6810405,"92",NA,NA,NA,NA,156.68,156.818,157.025,157.37,157.4625,157.518,157.555,3,2010,2022,"04-02"
6810405,"121",NA,NA,NA,NA,153.41,154.502,156.32,157.6225,158.4675,159.3435,161.335,8,2010,2022,"05-01"
6810405,"122",NA,NA,NA,NA,156.36,156.571,156.8875,157.415,157.47,157.503,157.525,3,2010,2022,"05-02"
6810405,"152",NA,NA,NA,NA,153.03,154.283,156.3575,157.9975,158.2387,159.009,159.73,8,2010,2022,"06-01"
6810405,"153",NA,NA,NA,NA,152.75,153.696,155.115,157.48,157.7425,157.9,158.005,3,2010,2022,"06-02"
6810405,"182",NA,NA,NA,NA,153.365,155.003,156.8562,157.95,158.3812,159.021,159.77,8,2010,2022,"07-01"
6810405,"183",NA,NA,NA,NA,153.01,153.92,155.285,157.56,158.0425,158.332,158.525,3,2010,2022,"07-02"
6810405,"213",NA,NA,NA,NA,153.615,155.652,157.11,157.7875,158.2862,159.0025,159.755,8,2010,2022,"08-01"
6810405,"214",NA,NA,NA,NA,155.825,156.15,156.6375,157.45,157.98,158.298,158.51,3,2010,2022,"08-02"
6810405,"244",NA,NA,NA,NA,154.025,155.992,157.2437,157.65,158.1937,158.538,158.86,8,2010,2022,"09-01"
6810405,"245",NA,NA,NA,NA,157.55,157.64,157.775,158,158.135,158.216,158.27,3,2010,2022,"09-02"
6810405,"274",NA,NA,NA,NA,154.9,155.523,156.9038,157.66,157.8963,158.0545,158.1,8,2010,2022,"10-01"
6810405,"275",NA,NA,NA,NA,157.51,157.6,157.735,157.96,158.1225,158.22,158.285,3,2010,2022,"10-02"
6810405,"305",NA,NA,NA,NA,153.7,154.876,155.95,157.435,157.94,158.131,158.435,9,2010,2022,"11-01"
6810405,"306",NA,NA,NA,NA,156.275,156.541,156.94,157.605,157.935,158.133,158.265,3,2010,2022,"11-02"
6810405,"335",NA,NA,NA,NA,153.8,155.824,156.59,157.505,157.775,158.013,158.185,9,2010,2022,"12-01"
6810405,"336",NA,NA,NA,NA,156.315,156.573,156.96,157.605,157.875,158.037,158.145,3,2010,2022,"12-02"
6810616,"1","2022-01-01",394.21,"Jan","01-01",348.31,354.8065,370.4375,381.8,413.835,430.582,434.8,14,2009,2022,"01-01"
6810616,"32","2022-02-01",376.615,"Feb","02-01",343.935,359.0555,370.195,376.195,418.2737,426.013,431.295,14,2009,2022,"02-01"
6810616,"60","2022-03-01",393.15,"Mar","03-01",343.51,353.025,370.25,382.625,408.965,422.52,428.065,11,2009,2022,"03-01"
6810616,"61",NA,NA,NA,NA,361.155,364.304,369.0275,376.9,398.695,411.772,420.49,3,2009,2022,"03-02"
6810616,"91",NA,NA,NA,NA,350.805,350.985,372.3238,382.385,411.2025,429.7515,456.945,10,2009,2022,"04-01"
6810616,"92",NA,NA,NA,NA,372.285,373.65,375.6975,379.11,414.3225,435.45,449.535,3,2009,2022,"04-02"
6810616,"121",NA,NA,NA,NA,341.355,359.148,365.8462,387.945,409.7387,438.946,473.515,10,2009,2022,"05-01"
6810616,"122",NA,NA,NA,NA,353.545,360.457,370.825,388.105,422.98,443.905,457.855,3,2009,2022,"05-02"
6810616,"152",NA,NA,NA,NA,337.685,356.864,374.3613,396.8925,431.88,466.249,477.535,10,2009,2022,"06-01"
6810616,"153",NA,NA,NA,NA,357.795,370.343,389.165,420.535,447.435,463.575,474.335,3,2009,2022,"06-02"
6810616,"182",NA,NA,NA,NA,367.055,383.156,391.1375,415.645,442.72,471.7745,481.04,10,2009,2022,"07-01"
6810616,"183",NA,NA,NA,NA,390.04,404.418,425.985,461.93,469.265,473.666,476.6,3,2009,2022,"07-02"
6810616,"213",NA,NA,NA,NA,394.44,409.2675,420.9825,436.4925,462.27,471.82,481.765,10,2009,2022,"08-01"
6810616,"214",NA,NA,NA,NA,392.82,406.912,428.05,463.28,472.0575,477.324,480.835,3,2009,2022,"08-02"
6810616,"244",NA,NA,NA,NA,398.645,412.946,418.9863,433.8125,450.445,464.8,479.605,10,2009,2022,"09-01"
6810616,"245",NA,NA,NA,NA,381.68,397.086,420.195,458.71,469.395,475.806,480.08,3,2009,2022,"09-02"
6810616,"274",NA,NA,NA,NA,400.545,405.6615,409.5925,425.955,432.2688,443.317,473.8,10,2009,2022,"10-01"
6810616,"275",NA,NA,NA,NA,383.66,399.53,423.335,463.01,465.0925,466.342,467.175,3,2009,2022,"10-02"
6810616,"305",NA,NA,NA,NA,380.55,384.8655,389.7538,401.5225,430.385,437.795,458.135,10,2009,2022,"11-01"
6810616,"306",NA,NA,NA,NA,364.93,375.783,392.0625,419.195,440.3675,453.071,461.54,3,2009,2022,"11-02"
6810616,"335",NA,NA,NA,NA,360.4,371.4745,375.0962,392.5825,414.34,429.5785,441.805,10,2009,2022,"12-01"
6810616,"336",NA,NA,NA,NA,354.53,361.428,371.775,389.02,418.2525,435.792,447.485,3,2009,2022,"12-02"
6810626,"1","2022-01-01",381.04,"Jan","01-01",326.25,341.075,350.1675,365.385,376.395,393.841,413.33,15,2007,2022,"01-01"
6810626,"32","2022-02-01",373.215,"Feb","02-01",334.3,335.946,351.665,357.935,374.7425,386.325,404.57,15,2007,2022,"02-01"
6810626,"60","2022-03-01",374.49,"Mar","03-01",334.495,336.1,344.9275,361.46,379.595,380.34,394.05,11,2007,2022,"03-01"
6810626,"61",NA,NA,NA,NA,336,341.1375,348.8438,358.04,365.2775,369.458,372.245,4,2007,2022,"03-02"
6810626,"91",NA,NA,NA,NA,337.63,339.358,342.57,363.4,380.0075,399.64,407.695,10,2007,2022,"04-01"
6810626,"92",NA,NA,NA,NA,348.6,349.644,351.21,360.7525,374.3875,383.32,389.275,4,2007,2022,"04-02"
6810626,"121",NA,NA,NA,NA,332.53,336.454,352.765,363.235,388.2912,394.7825,424.55,10,2007,2022,"05-01"
6810626,"122",NA,NA,NA,NA,346.725,347.5425,348.7688,354.0175,368.32,385.843,397.525,4,2007,2022,"05-02"
6810626,"152",NA,NA,NA,NA,329.115,339.339,365.1475,369.7925,395.5563,429.9175,435.295,10,2007,2022,"06-01"
6810626,"153",NA,NA,NA,NA,345.11,357.647,376.4525,391.105,402.8538,416.4325,425.485,4,2007,2022,"06-02"
6810626,"182",NA,NA,NA,NA,347.695,358.9495,373.285,387.02,429.575,436.072,436.99,10,2007,2022,"07-01"
6810626,"183",NA,NA,NA,NA,369.945,378.2115,390.6112,414.6,431.9575,432.421,432.73,4,2007,2022,"07-02"
6810626,"213",NA,NA,NA,NA,371.38,391.1395,400.0675,409.205,430.2325,438.236,438.605,10,2007,2022,"08-01"
6810626,"214",NA,NA,NA,NA,387.105,391.1685,397.2637,415.8625,432.5613,435.2365,437.02,4,2007,2022,"08-02"
6810626,"244",NA,NA,NA,NA,332.4,382.86,389.4075,405.86,418.9575,432.665,436.56,11,2007,2022,"09-01"
6810626,"245",NA,NA,NA,NA,373.825,379.2175,387.3062,413.105,434.6187,434.9945,435.245,4,2007,2022,"09-02"
6810626,"274",NA,NA,NA,NA,338.9,375.87,381.885,392.565,410.2025,417.075,422.015,11,2007,2022,"10-01"
6810626,"275",NA,NA,NA,NA,376.19,381.668,389.885,407.6125,425.0375,432.71,437.825,4,2007,2022,"10-02"
6810626,"305",NA,NA,NA,NA,338,359.945,371.45,379.05,387.5425,408.47,422.115,11,2007,2022,"11-01"
6810626,"306",NA,NA,NA,NA,360.94,369.838,383.185,391.4775,403.4438,423.4035,436.71,4,2007,2022,"11-02"
6810626,"335",NA,NA,NA,NA,330.65,352.665,358.3,371.1,381.5775,392.315,421.03,11,2007,2022,"12-01"
6810626,"336",NA,NA,NA,NA,349.245,356.0175,366.1762,378.06,394.4525,412.727,424.91,4,2007,2022,"12-02"
6810813,"1","2022-01-01",496.85,"Jan","01-01",433.555,477.5825,492.9713,501.895,511.2288,519.575,554.18,18,2004,2022,"01-01"
6810813,"32","2022-02-01",498.25,"Feb","02-01",431.015,475.211,489.1225,499.695,510.3738,538.819,556.215,18,2004,2022,"02-01"
6810813,"60","2022-03-01",505.8,"Mar","03-01",427.475,471.578,493.5613,504.2,510.9375,541.629,554.935,14,2004,2022,"03-01"
6810813,"61",NA,NA,NA,NA,481.55,486.86,494.825,499.675,501.2238,503.2465,504.595,4,2004,2022,"03-02"
6810813,"91",NA,NA,NA,NA,427.39,471.265,492.3,512.325,514.165,541.614,554.84,13,2004,2022,"04-01"
6810813,"92",NA,NA,NA,NA,487.45,490.951,496.2025,500.2525,505.6,513.187,518.245,4,2004,2022,"04-02"
6810813,"121",NA,NA,NA,NA,427.225,472.915,487.94,506.15,518.025,552.577,564.69,13,2004,2022,"05-01"
6810813,"122",NA,NA,NA,NA,490.45,492.4285,495.3962,502.5725,515.3425,528.379,537.07,4,2004,2022,"05-02"
6810813,"152",NA,NA,NA,NA,429.805,486.323,502.535,517.855,530.825,547.348,572.45,13,2004,2022,"06-01"
6810813,"153",NA,NA,NA,NA,498.45,499.788,501.795,508.9925,524.6625,541.92,553.425,4,2004,2022,"06-02"
6810813,"182",NA,NA,NA,NA,443.18,486.552,509.195,521.35,526.28,553.276,572.205,13,2004,2022,"07-01"
6810813,"183",NA,NA,NA,NA,500.4,505.497,513.1425,526.12,540.3112,550.1415,556.695,4,2004,2022,"07-02"
6810813,"213",NA,NA,NA,NA,446.47,488.28,513.5,525.97,543.15,558.592,564.665,13,2004,2022,"08-01"
6810813,"214",NA,NA,NA,NA,435.22,459.072,494.85,519.73,545.4,555.78,562.7,5,2004,2022,"08-02"
6810813,"244",NA,NA,NA,NA,447.975,484.632,515.55,529.565,545.16,557.686,561.835,13,2004,2022,"09-01"
6810813,"245",NA,NA,NA,NA,435.22,458.892,494.4,516.785,532.85,550.58,562.4,5,2004,2022,"09-02"
6810813,"274",NA,NA,NA,NA,448.35,487.342,512.5,527.015,537.785,548.005,561.195,13,2004,2022,"10-01"
6810813,"275",NA,NA,NA,NA,434.18,459.508,497.5,527.625,541.2,552.924,560.74,5,2004,2022,"10-02"
6810813,"305",NA,NA,NA,NA,475.46,485.427,508.1,515.69,533.255,545.589,548.355,13,2004,2022,"11-01"
6810813,"306",NA,NA,NA,NA,434.1,459.14,496.7,509.91,537.5,551.249,560.415,5,2004,2022,"11-02"
6810813,"335",NA,NA,NA,NA,474.29,480.958,501.95,509.4,519.655,525.465,535.17,13,2004,2022,"12-01"
6810813,"336",NA,NA,NA,NA,435.56,460.9893,499.1333,506.44,523.4,544.94,559.3,5,2004,2022,"12-02"
6810912,"1","2022-01-01",453.76,"Jan","01-01",433.035,436.574,438.1425,445,449.2525,452.746,454.445,15,2007,2022,"01-01"
6810912,"32","2022-02-01",454.56,"Feb","02-01",433.565,435.554,438.0025,444,447.5775,451.199,454.56,15,2007,2022,"02-01"
6810912,"60","2022-03-01",453.905,"Mar","03-01",436.84,438.4,440.665,447.37,451.0575,453.9,453.905,11,2007,2022,"03-01"
6810912,"61",NA,NA,NA,NA,431.7,433.2435,435.5588,438.0225,439.7537,440.7505,441.415,4,2007,2022,"03-02"
6810912,"91",NA,NA,NA,NA,431,432.755,441.94,450.1975,452.3912,455.961,463.71,10,2007,2022,"04-01"
6810912,"92",NA,NA,NA,NA,431.215,432.934,435.5125,438.8725,440.8675,440.989,441.07,4,2007,2022,"04-02"
6810912,"121",NA,NA,NA,NA,430.055,435.698,439.7188,452,455.1,460.427,465.62,10,2007,2022,"05-01"
6810912,"122",NA,NA,NA,NA,432.135,433.722,436.1025,437.7125,439.7125,442.795,444.85,4,2007,2022,"05-02"
6810912,"152",NA,NA,NA,NA,432.33,436.236,442.7025,452.32,455.1175,461.742,465,10,2007,2022,"06-01"
6810912,"153",NA,NA,NA,NA,437.565,437.691,437.88,438.4775,440.79,444.066,446.25,4,2007,2022,"06-02"
6810912,"182",NA,NA,NA,NA,434.51,440.8235,444.715,454.325,458.2587,465.5705,471.65,10,2007,2022,"07-01"
6810912,"183",NA,NA,NA,NA,443.95,444.9505,446.4513,448.17,450.1412,452.0965,453.4,4,2007,2022,"07-02"
6810912,"213",NA,NA,NA,NA,443.95,446.1775,447.9088,453.2625,457.5025,460.253,474.95,10,2007,2022,"08-01"
6810912,"214",NA,NA,NA,NA,445.66,448.762,453.415,457.46,458.9538,459.0145,459.055,4,2007,2022,"08-02"
6810912,"244",NA,NA,NA,NA,434.4,444.02,447.4525,453.565,460.8175,461.81,474.19,11,2007,2022,"09-01"
6810912,"245",NA,NA,NA,NA,444.07,447.274,452.08,455.66,457.7038,459.7445,461.105,4,2007,2022,"09-02"
6810912,"274",NA,NA,NA,NA,436.6,444.035,448.4325,452.55,457.3175,463.1,466.25,11,2007,2022,"10-01"
6810912,"275",NA,NA,NA,NA,450.6,452.58,455.55,457.5,458.0338,458.4545,458.735,4,2007,2022,"10-02"
6810912,"305",NA,NA,NA,NA,437.15,443.65,447.53,451.275,454.8025,458.3,462.405,11,2007,2022,"11-01"
6810912,"306",NA,NA,NA,NA,453.66,453.891,454.2375,454.715,455.83,457.324,458.32,4,2007,2022,"11-02"
6810912,"335",NA,NA,NA,NA,436.85,439.45,442.455,447.23,454.06,455.385,455.6,11,2007,2022,"12-01"
6810912,"336",NA,NA,NA,NA,450.71,451.1165,451.7262,453.82,456.6562,458.6025,459.9,4,2007,2022,"12-02"
6810913,"1","2022-01-01",34.935,"Jan","01-01",29.14,32.4963,33.7771,35.1975,36.375,36.9,36.98,12,2010,2022,"01-01"
6810913,"32","2022-02-01",35.36,"Feb","02-01",31.61,31.996,34.0675,35.3725,35.9375,36.3455,37.19,12,2010,2022,"02-01"
6810913,"60","2022-03-01",35.515,"Mar","03-01",33.17,33.694,33.91,35.515,36.4,36.623,36.715,9,2010,2022,"03-01"
6810913,"61",NA,NA,NA,NA,31.9,32.348,33.02,34.14,34.9575,35.448,35.775,3,2010,2022,"03-02"
6810913,"91",NA,NA,NA,NA,33.7,34.0465,34.21,35.9725,36.37,36.5155,36.82,8,2010,2022,"04-01"
6810913,"92",NA,NA,NA,NA,31.68,31.908,32.25,32.82,34.2825,35.16,35.745,3,2010,2022,"04-02"
6810913,"121",NA,NA,NA,NA,26.965,29.0755,33.8875,35.8375,36.2712,36.4505,36.51,8,2010,2022,"05-01"
6810913,"122",NA,NA,NA,NA,25.745,27.539,30.23,34.715,34.9925,35.159,35.27,3,2010,2022,"05-02"
6810913,"152",NA,NA,NA,NA,25.605,28.139,31.2163,35.8125,36.2425,36.517,36.545,8,2010,2022,"06-01"
6810913,"153",NA,NA,NA,NA,25.47,27.154,29.68,33.89,35.0725,35.782,36.255,3,2010,2022,"06-02"
6810913,"182",NA,NA,NA,NA,28.47,28.6555,31.2625,36.22,36.6312,36.764,36.925,8,2010,2022,"07-01"
6810913,"183",NA,NA,NA,NA,31.125,32.138,33.6575,36.19,36.2225,36.242,36.255,3,2010,2022,"07-02"
6810913,"213",NA,NA,NA,NA,28.57,32.266,35.4062,36.1375,36.46,36.985,37.16,8,2010,2022,"08-01"
6810913,"214",NA,NA,NA,NA,33.295,33.899,34.805,36.315,36.3325,36.343,36.35,3,2010,2022,"08-02"
6810913,"244",NA,NA,NA,NA,30.74,33.1165,35.35,36.085,36.5212,37.224,37.7,8,2010,2022,"09-01"
6810913,"245",NA,NA,NA,NA,33.065,33.639,34.5,35.935,36.06,36.135,36.185,3,2010,2022,"09-02"
6810913,"274",NA,NA,NA,NA,25.615,29.353,34.7725,36.29,36.6062,37.0165,37.055,8,2010,2022,"10-01"
6810913,"275",NA,NA,NA,NA,33.715,34.155,34.815,35.915,36.175,36.331,36.435,3,2010,2022,"10-02"
6810913,"305",NA,NA,NA,NA,27.61,29.858,33.735,36.29,36.815,37.916,40.5,9,2010,2022,"11-01"
6810913,"306",NA,NA,NA,NA,34.73,34.98,35.355,35.98,36.2,36.332,36.42,3,2010,2022,"11-02"
6810913,"335",NA,NA,NA,NA,30.89,31.034,33.955,34.64,36.48,36.63,37.09,9,2010,2022,"12-01"
6810913,"336",NA,NA,NA,NA,32.18,33.017,34.2725,36.365,36.3975,36.417,36.43,3,2010,2022,"12-02"
6811211,"1","2022-01-01",105.29,"Jan","01-01",100.875,101.5185,102.4838,103.5225,104.3412,104.9105,105.29,4,2018,2022,"01-01"
6811211,"32","2022-02-01",105.305,"Feb","02-01",101.335,101.629,102.07,103.2325,104.4388,104.9585,105.305,4,2018,2022,"02-01"
6811211,"60","2022-03-01",105.26,"Mar","03-01",101.37,101.99,102.92,104.47,104.865,105.102,105.26,3,2018,2022,"03-01"
6811211,"61",NA,NA,NA,NA,101.205,101.205,101.205,101.205,101.205,101.205,101.205,1,2018,2022,"03-02"
6811211,"91",NA,NA,NA,NA,101.375,101.7155,102.2262,103.0775,103.9288,104.4395,104.78,2,2018,2022,"04-01"
6811211,"92",NA,NA,NA,NA,101.64,101.64,101.64,101.64,101.64,101.64,101.64,1,2018,2022,"04-02"
6811211,"121",NA,NA,NA,NA,100.765,101.1915,101.8313,102.8975,103.9638,104.6035,105.03,2,2018,2022,"05-01"
6811211,"122",NA,NA,NA,NA,101.87,101.87,101.87,101.87,101.87,101.87,101.87,1,2018,2022,"05-02"
6811211,"152",NA,NA,NA,NA,100.165,100.676,101.4425,102.72,103.9975,104.764,105.275,2,2018,2022,"06-01"
6811211,"153",NA,NA,NA,NA,102.7,102.7,102.7,102.7,102.7,102.7,102.7,1,2018,2022,"06-02"
6811211,"182",NA,NA,NA,NA,99.68,100.238,101.075,102.47,103.865,104.702,105.26,2,2018,2022,"07-01"
6811211,"183",NA,NA,NA,NA,102.4,102.4,102.4,102.4,102.4,102.4,102.4,1,2018,2022,"07-02"
6811211,"213",NA,NA,NA,NA,99.63,100.191,101.0325,102.435,103.8375,104.679,105.24,2,2018,2022,"08-01"
6811211,"214",NA,NA,NA,NA,102.685,102.685,102.685,102.685,102.685,102.685,102.685,1,2018,2022,"08-02"
6811211,"244",NA,NA,NA,NA,99.76,100.3145,101.1463,102.5325,103.9188,104.7505,105.305,2,2018,2022,"09-01"
6811211,"245",NA,NA,NA,NA,103.05,103.05,103.05,103.05,103.05,103.05,103.05,1,2018,2022,"09-02"
6811211,"274",NA,NA,NA,NA,100.17,100.691,101.4725,102.775,104.0775,104.859,105.38,2,2018,2022,"10-01"
6811211,"275",NA,NA,NA,NA,103.3,103.3,103.3,103.3,103.3,103.3,103.3,1,2018,2022,"10-02"
6811211,"305",NA,NA,NA,NA,100.385,100.8815,101.6262,102.8675,104.1087,104.8535,105.35,2,2018,2022,"11-01"
6811211,"306",NA,NA,NA,NA,103.475,103.475,103.475,103.475,103.475,103.475,103.475,1,2018,2022,"11-02"
6811211,"335",NA,NA,NA,NA,100.505,101.164,102.1525,103.8,104.5325,104.972,105.265,3,2018,2022,"12-01"
6811211,"336",NA,NA,NA,NA,103.795,103.795,103.795,103.795,103.795,103.795,103.795,1,2018,2022,"12-02"
6811302,"1","2022-01-01",164.79,"Jan","01-01",159.7,160.171,164.79,165.21,166.4,167.73,172.79,17,2005,2022,"01-01"
6811302,"32","2022-02-01",164.85,"Feb","02-01",154.74,162.31,164.85,165.825,166.31,167.907,173.545,17,2005,2022,"02-01"
6811302,"60","2022-03-01",166.42,"Mar","03-01",149.375,162.037,163.9,166.42,167.71,168.442,170.06,13,2005,2022,"03-01"
6811302,"61",NA,NA,NA,NA,163.72,163.777,163.8625,164.51,165.32,165.698,165.95,4,2005,2022,"03-02"
6811302,"91",NA,NA,NA,NA,160.375,161.7415,163.8287,167.0175,169.5125,169.778,171.18,12,2005,2022,"04-01"
6811302,"92",NA,NA,NA,NA,160.22,161.657,163.8125,165.465,166.09,166.396,166.6,4,2005,2022,"04-02"
6811302,"121",NA,NA,NA,NA,151.45,158.3455,158.935,164.205,167.9425,169.561,169.7,12,2005,2022,"05-01"
6811302,"122",NA,NA,NA,NA,156.8,158.918,162.095,164.4375,165.2738,165.7395,166.05,4,2005,2022,"05-02"
6811302,"152",NA,NA,NA,NA,158.955,161.689,162.79,165.53,170.33,170.523,171.48,13,2005,2022,"06-01"
6811302,"153",NA,NA,NA,NA,159.325,161.068,163.6825,165.71,166.9263,168.0805,168.85,4,2005,2022,"06-02"
6811302,"182",NA,NA,NA,NA,148.33,164.3165,164.9938,165.44,170.075,171.185,171.96,12,2005,2022,"07-01"
6811302,"183",NA,NA,NA,NA,165.95,166.64,167.675,168.385,168.7625,169.199,169.49,4,2005,2022,"07-02"
6811302,"213",NA,NA,NA,NA,159.585,163.69,164.9462,167.025,170.2262,172.282,173.01,12,2005,2022,"08-01"
6811302,"214",NA,NA,NA,NA,165.41,165.542,165.74,167.925,170.375,171.05,171.5,4,2005,2022,"08-02"
6811302,"244",NA,NA,NA,NA,156.57,160.139,163.31,165.48,168.7088,170.9415,173.53,12,2005,2022,"09-01"
6811302,"245",NA,NA,NA,NA,162.955,163.222,163.6225,165.2225,167.5487,169.2565,170.395,4,2005,2022,"09-02"
6811302,"274",NA,NA,NA,NA,146.365,157.5455,163.3512,166.1975,167.9313,168.718,171.89,12,2005,2022,"10-01"
6811302,"275",NA,NA,NA,NA,164.565,164.7375,164.9962,165.73,166.465,166.726,166.9,4,2005,2022,"10-02"
6811302,"305",NA,NA,NA,NA,160.405,162.779,164.54,166.065,167.055,169.376,170.455,13,2005,2022,"11-01"
6811302,"306",NA,NA,NA,NA,164.955,165.285,165.78,166.5775,167.3187,167.7125,167.975,4,2005,2022,"11-02"
6811302,"335",NA,NA,NA,NA,159.865,161.417,164.815,165.9,167.125,168.346,171.125,13,2005,2022,"12-01"
6811302,"336",NA,NA,NA,NA,163.82,164.2685,164.9412,166.3242,167.6425,168.199,168.57,4,2005,2022,"12-02"
6811417,"1","2022-01-01",271.68,"Jan","01-01",247.795,258.005,262.0812,267.0583,271.5063,279.2625,301.94,18,2000,2022,"01-01"
6811417,"32","2022-02-01",266.225,"Feb","02-01",247.14,253.4695,260.795,263.465,269.8925,280.4445,307.08,18,2000,2022,"02-01"
6811417,"60","2022-03-01",265.925,"Mar","03-01",249.755,252.231,256.555,261.36,270.25,285.882,314.095,13,2000,2022,"03-01"
6811417,"61",NA,NA,NA,NA,247.98,253.082,260.735,263.635,267.05,273.656,278.06,5,2000,2022,"03-02"
6811417,"91",NA,NA,NA,NA,251.215,253.1955,254.8275,262.24,272.6913,286.909,315.835,12,2000,2022,"04-01"
6811417,"92",NA,NA,NA,NA,252.41,255.53,260.21,263.14,269.24,276.56,281.44,5,2000,2022,"04-02"
6811417,"121",NA,NA,NA,NA,250.49,250.8675,256.6388,263.3325,275.9937,286.6115,314.965,12,2000,2022,"05-01"
6811417,"122",NA,NA,NA,NA,257.64,258.382,259.495,270.335,274.96,279.102,281.8633,5,2000,2022,"05-02"
6811417,"152",NA,NA,NA,NA,246.115,252.35,256.0138,265.835,280.1975,288.806,304.45,12,2000,2022,"06-01"
6811417,"153",NA,NA,NA,NA,254.265,260.913,270.885,277.565,277.72,279.397,280.515,5,2000,2022,"06-02"
6811417,"182",NA,NA,NA,NA,246.7,253.5485,255.9388,274.4825,286.495,290.0665,294.42,12,2000,2022,"07-01"
6811417,"183",NA,NA,NA,NA,260.08,266.64,276.48,286.24,287.67,289.038,289.95,5,2000,2022,"07-02"
6811417,"213",NA,NA,NA,NA,251.175,258.2105,269.1612,281.3025,290.1025,292.603,296.795,12,2000,2022,"08-01"
6811417,"214",NA,NA,NA,NA,269.69,272.344,276.325,287.52,290.53,295.252,298.4,5,2000,2022,"08-02"
6811417,"244",NA,NA,NA,NA,249.625,266.457,275.1375,285.395,290.9463,291.961,298.265,12,2000,2022,"09-01"
6811417,"245",NA,NA,NA,NA,267.8,269.2505,271.4262,282.33,293.8225,297.058,299.215,4,2000,2022,"09-02"
6811417,"274",NA,NA,NA,NA,250.53,266.109,275.3813,283.3775,287.845,292.813,298.59,12,2000,2022,"10-01"
6811417,"275",NA,NA,NA,NA,267.37,269.8825,273.6512,282.14,291.6225,297.18,300.885,4,2000,2022,"10-02"
6811417,"305",NA,NA,NA,NA,252.03,266.629,275.49,276.79,280.785,284.471,298.58,13,2000,2022,"11-01"
6811417,"306",NA,NA,NA,NA,265.785,268.4715,272.5013,278.5425,286.9988,295.3755,300.96,4,2000,2022,"11-02"
6811417,"335",NA,NA,NA,NA,249.595,264.996,267.06,271.76,274.395,278.092,297.76,13,2000,2022,"12-01"
6811417,"336",NA,NA,NA,NA,258.39,259.206,260.43,273.245,274.0833,288.5953,298.27,5,2000,2022,"12-02"
6811418,"1","2022-01-01",442.69,"Jan","01-01",393.1,415.803,423.04,431.75,437,449.374,463.985,17,2005,2022,"01-01"
6811418,"32","2022-02-01",440,"Feb","02-01",395.15,410.055,422.795,427.295,433.985,444.748,461.18,17,2005,2022,"02-01"
6811418,"60","2022-03-01",444.05,"Mar","03-01",408.425,409.933,413.25,425.32,436.635,443.817,455.255,13,2005,2022,"03-01"
6811418,"61",NA,NA,NA,NA,399.2,407.087,418.9175,426.9575,430.0075,432.856,434.755,4,2005,2022,"03-02"
6811418,"91",NA,NA,NA,NA,410.545,411.8445,412.6575,432.7125,441.0275,456.4565,459.23,12,2005,2022,"04-01"
6811418,"92",NA,NA,NA,NA,410.85,416.106,423.99,428.505,431.7175,437.257,440.95,4,2005,2022,"04-02"
6811418,"121",NA,NA,NA,NA,405.835,408.574,413.59,432.105,446.6475,454.353,471.295,12,2005,2022,"05-01"
6811418,"122",NA,NA,NA,NA,423.26,424.082,425.315,430.7975,439.09,445.381,449.575,4,2005,2022,"05-02"
6811418,"152",NA,NA,NA,NA,403.79,405.1485,418.2412,432.33,463.6675,486.064,490.94,12,2005,2022,"06-01"
6811418,"153",NA,NA,NA,NA,418.66,426.964,439.42,448.77,457.0137,467.4785,474.455,4,2005,2022,"06-02"
6811418,"182",NA,NA,NA,NA,395.08,411.224,424.0738,447.16,472.5275,489.8915,498.33,12,2005,2022,"07-01"
6811418,"183",NA,NA,NA,NA,431.565,437.1705,445.5788,463.82,478.1925,479.637,480.6,4,2005,2022,"07-02"
6811418,"213",NA,NA,NA,NA,396.76,426.277,446.7325,460.405,483.2475,492.2715,494.555,12,2005,2022,"08-01"
6811418,"214",NA,NA,NA,NA,442.875,445.2675,448.8563,465.065,483.2938,490.5185,495.335,4,2005,2022,"08-02"
6811418,"244",NA,NA,NA,NA,392.55,437.372,448.7975,459.9925,463.83,482.73,485.305,12,2005,2022,"09-01"
6811418,"245",NA,NA,NA,NA,439.81,441.367,443.7025,465.1325,486.2088,487.9075,489.04,4,2005,2022,"09-02"
6811418,"274",NA,NA,NA,NA,396.7,440.5375,440.71,451.1275,457.6862,472.0075,475.485,12,2005,2022,"10-01"
6811418,"275",NA,NA,NA,NA,441.095,443.3465,446.7238,460.4575,476.8637,485.0515,490.51,4,2005,2022,"10-02"
6811418,"305",NA,NA,NA,NA,398.3,432.624,438.035,440.845,447.365,459.781,477.225,13,2005,2022,"11-01"
6811418,"306",NA,NA,NA,NA,432.705,436.7235,442.7513,452.7175,465.685,477.115,484.735,4,2005,2022,"11-02"
6811418,"335",NA,NA,NA,NA,395.3,426.9,427.815,436.105,441.125,447.785,471.285,13,2005,2022,"12-01"
6811418,"336",NA,NA,NA,NA,423.835,429.67,438.4225,443.9592,451.7275,464.497,473.01,4,2005,2022,"12-02"
6811509,"1","2022-01-01",320.16,"Jan","01-01",296.25,306.925,310.1,314.415,318.09,319.62,323.095,17,2005,2022,"01-01"
6811509,"32","2022-02-01",320.255,"Feb","02-01",296.8,307.56,308.915,313.77,318.125,319.811,323.04,17,2005,2022,"02-01"
6811509,"60","2022-03-01",321.98,"Mar","03-01",305.9,306.843,308.98,314.805,318.48,321.289,322.9,13,2005,2022,"03-01"
6811509,"61",NA,NA,NA,NA,298.1,302.5985,309.3463,314.09,316.2812,318.4345,319.87,4,2005,2022,"03-02"
6811509,"91",NA,NA,NA,NA,302,305.395,310.93,314.135,318.0188,319.857,323.21,12,2005,2022,"04-01"
6811509,"92",NA,NA,NA,NA,301.05,304.6455,310.0388,314.3875,316.9125,319.023,320.43,4,2005,2022,"04-02"
6811509,"121",NA,NA,NA,NA,304.25,305.2945,312.16,315.495,317.8875,321.3045,323.445,12,2005,2022,"05-01"
6811509,"122",NA,NA,NA,NA,307.2,308.9355,311.5388,314.8225,317.8875,320.097,321.57,4,2005,2022,"05-02"
6811509,"152",NA,NA,NA,NA,301.455,306.2025,313.6088,316.5575,317.6325,322.221,323.345,12,2005,2022,"06-01"
6811509,"153",NA,NA,NA,NA,309.5,310.328,311.57,315.27,319.3737,321.3425,322.655,4,2005,2022,"06-02"
6811509,"182",NA,NA,NA,NA,295.625,306.712,314.47,316.6,318.215,321.599,322.75,12,2005,2022,"07-01"
6811509,"183",NA,NA,NA,NA,308.8,310.2475,312.4188,316.2975,320.2088,322.4385,323.925,4,2005,2022,"07-02"
6811509,"213",NA,NA,NA,NA,290.3,309.8445,315.3937,316.58,319.1862,322.3295,323.405,12,2005,2022,"08-01"
6811509,"214",NA,NA,NA,NA,309.5,310.898,312.995,316.6925,320.5325,322.886,324.455,4,2005,2022,"08-02"
6811509,"244",NA,NA,NA,NA,290.85,308.1325,314.845,317.5425,319.9525,320.8495,322.12,12,2005,2022,"09-01"
6811509,"245",NA,NA,NA,NA,310.4,311.6465,313.5162,317,320.48,322.343,323.585,4,2005,2022,"09-02"
6811509,"274",NA,NA,NA,NA,296,308.539,313.6412,317.4025,318.7688,319.9755,321.53,12,2005,2022,"10-01"
6811509,"275",NA,NA,NA,NA,311.05,312.187,313.8925,316.8325,320.1937,322.6575,324.3,4,2005,2022,"10-02"
6811509,"305",NA,NA,NA,NA,294.85,303.497,311.085,316.14,318.19,319.016,321.09,13,2005,2022,"11-01"
6811509,"306",NA,NA,NA,NA,310.3,311.56,313.45,316.73,320.2688,322.6245,324.195,4,2005,2022,"11-02"
6811509,"335",NA,NA,NA,NA,296.7,303.615,310.125,315.49,318.1,318.843,320.255,13,2005,2022,"12-01"
6811509,"336",NA,NA,NA,NA,311.1667,312.3452,314.1129,316.6525,319.5113,321.8535,323.415,4,2005,2022,"12-02"
6811611,"1","2022-01-01",326.915,"Jan","01-01",305.53,309.762,315.9463,327.6825,334.6238,340.039,343.205,14,2008,2022,"01-01"
6811611,"32","2022-02-01",327.95,"Feb","02-01",297.075,308.2235,312.8213,327.055,331.4525,340.4145,341.015,14,2008,2022,"02-01"
6811611,"60","2022-03-01",331.29,"Mar","03-01",293.5,304.575,312.7625,330.155,334.9775,339.355,341.415,11,2008,2022,"03-01"
6811611,"61",NA,NA,NA,NA,313.395,315.331,318.235,323.075,325.99,327.739,328.905,3,2008,2022,"03-02"
6811611,"91",NA,NA,NA,NA,297.93,305.1615,313.1438,325.98,332.8887,340.513,344.14,10,2008,2022,"04-01"
6811611,"92",NA,NA,NA,NA,308.9,310.1825,312.1063,317.45,322.8875,324.98,326.375,4,2008,2022,"04-02"
6811611,"121",NA,NA,NA,NA,300.39,302.0055,315.45,326.455,336.2338,338.8345,344.41,10,2008,2022,"05-01"
6811611,"122",NA,NA,NA,NA,310.445,311.786,313.7975,318.925,323.8362,325.4585,326.54,4,2008,2022,"05-02"
6811611,"152",NA,NA,NA,NA,303.715,305.3125,315.025,324.115,335.6387,343.799,345.725,10,2008,2022,"06-01"
6811611,"153",NA,NA,NA,NA,310.88,314.216,319.22,324.475,328.1775,330.387,331.86,4,2008,2022,"06-02"
6811611,"182",NA,NA,NA,NA,308.6,310.2515,319.8712,326.585,339.6212,346.729,351.76,10,2008,2022,"07-01"
6811611,"183",NA,NA,NA,NA,314.27,317.384,322.055,327.57,333.1488,337.9345,341.125,4,2008,2022,"07-02"
6811611,"213",NA,NA,NA,NA,313.585,319.525,324.9913,332.7825,344.0238,350.448,353.04,10,2008,2022,"08-01"
6811611,"214",NA,NA,NA,NA,315.685,318.0445,321.5838,331.225,341.115,345.102,347.76,4,2008,2022,"08-02"
6811611,"244",NA,NA,NA,NA,312.3,325.2465,327.8312,333.1975,342.8862,347.9825,351.425,10,2008,2022,"09-01"
6811611,"245",NA,NA,NA,NA,320.85,321.495,322.4625,333.375,344.1812,344.9575,345.475,4,2008,2022,"09-02"
6811611,"274",NA,NA,NA,NA,311.05,319.3525,324.9688,330.69,339.4,341.897,349.835,10,2008,2022,"10-01"
6811611,"275",NA,NA,NA,NA,321.12,321.849,322.9425,331.1125,340.3812,343.4525,345.5,4,2008,2022,"10-02"
6811611,"305",NA,NA,NA,NA,312.475,316.39,322.2088,328.91,335.3,340.565,348.35,10,2008,2022,"11-01"
6811611,"306",NA,NA,NA,NA,316.5,318.27,320.925,329.4025,338.7537,342.9815,345.8,4,2008,2022,"11-02"
6811611,"335",NA,NA,NA,NA,312.8,313.6235,315.275,328.255,332.99,340.0925,346.595,10,2008,2022,"12-01"
6811611,"336",NA,NA,NA,NA,319.5667,319.6517,319.7792,327.6475,337.3725,340.842,343.155,4,2008,2022,"12-02"
6811708,"1","2022-01-01",239.78,"Jan","01-01",207.5,213.148,221.395,225.34,228.8975,237.714,255.67,15,2000,2022,"01-01"
6811708,"32","2022-02-01",228.755,"Feb","02-01",194.75,202.56,206.855,218.9,228.67,234.435,241.465,21,2000,2022,"02-01"
6811708,"60","2022-03-01",228.09,"Mar","03-01",196.3,212.17,219.585,228.09,233.325,235.455,240.26,11,2000,2022,"03-01"
6811708,"61",NA,NA,NA,NA,220.055,220.735,221.755,223.455,229.4675,233.075,235.48,3,2000,2022,"03-02"
6811708,"91",NA,NA,NA,NA,192.58,218.05,222.3138,229.87,240.5525,245.109,248.115,10,2000,2022,"04-01"
6811708,"92",NA,NA,NA,NA,218.355,219.331,220.795,223.235,225.63,227.067,228.025,3,2000,2022,"04-02"
6811708,"121",NA,NA,NA,NA,193.36,202.747,217.0737,230.0425,239.91,242.915,261.275,10,2000,2022,"05-01"
6811708,"122",NA,NA,NA,NA,210.95,216.301,224.3275,237.705,238.04,238.241,238.375,3,2000,2022,"05-02"
6811708,"152",NA,NA,NA,NA,205.755,207.2895,214.26,228.9225,240.4213,250.86,285.51,10,2000,2022,"06-01"
6811708,"153",NA,NA,NA,NA,232.22,236.236,242.26,252.3,254.4175,255.688,256.535,3,2000,2022,"06-02"
6811708,"182",NA,NA,NA,NA,195.925,231.016,237.1862,241.46,252.1637,259.6795,273.58,10,2000,2022,"07-01"
6811708,"183",NA,NA,NA,NA,240.285,242.712,246.3525,252.42,262.495,268.54,272.57,3,2000,2022,"07-02"
6811708,"213",NA,NA,NA,NA,205.35,226.1535,235.2625,243.305,253.0962,256.1165,261.665,10,2000,2022,"08-01"
6811708,"214",NA,NA,NA,NA,227.7,230.1075,233.7188,235.9425,247.3363,267.4535,280.865,4,2000,2022,"08-02"
6811708,"244",NA,NA,NA,NA,215.875,221.8915,234.1662,246.375,252.455,255.6095,269.735,10,2000,2022,"09-01"
6811708,"245",NA,NA,NA,NA,234.77,234.777,234.7875,234.805,244.575,250.437,254.345,3,2000,2022,"09-02"
6811708,"274",NA,NA,NA,NA,217.175,218.2415,225.5612,234.265,242.1912,249.4055,257.15,10,2000,2022,"10-01"
6811708,"275",NA,NA,NA,NA,230.325,231.066,232.1775,234.03,235.2825,236.034,236.535,3,2000,2022,"10-02"
6811708,"305",NA,NA,NA,NA,206.925,214.8945,219.11,228.8625,236.95,243.0295,258.325,10,2000,2022,"11-01"
6811708,"306",NA,NA,NA,NA,231.95,235.238,240.17,248.39,252.9,255.606,257.41,3,2000,2022,"11-02"
6811708,"335",NA,NA,NA,NA,212.665,213.2185,217.055,228.0375,235.1538,237.3515,241.1,10,2000,2022,"12-01"
6811708,"336",NA,NA,NA,NA,221.585,223.447,226.24,230.895,242.1475,248.899,253.4,3,2000,2022,"12-02"
6811814,"1","2022-01-01",234.45,"Jan","01-01",209.3,222.8,224.8,231.65,233.6975,234.6,235.5,15,2007,2022,"01-01"
6811814,"32","2022-02-01",234.4,"Feb","02-01",209.225,216.12,225.15,230.715,233.125,234.52,235.8,15,2007,2022,"02-01"
6811814,"60","2022-03-01",235.95,"Mar","03-01",212.6,221,226.845,232.45,235.55,235.95,236.9,11,2007,2022,"03-01"
6811814,"61",NA,NA,NA,NA,222.1,223.6,225.85,228.5,230.6,231.86,232.7,4,2007,2022,"03-02"
6811814,"91",NA,NA,NA,NA,213.6,220.62,225.8375,234.8725,237.3625,238.17,239.25,10,2007,2022,"04-01"
6811814,"92",NA,NA,NA,NA,220.55,222.62,225.725,229.825,232.4,232.76,233,4,2007,2022,"04-02"
6811814,"121",NA,NA,NA,NA,210.675,212.9835,217.9,231.775,235.825,237.1135,238,10,2007,2022,"05-01"
6811814,"122",NA,NA,NA,NA,210.9,215.73,222.975,227.57,229.5825,232.179,233.91,4,2007,2022,"05-02"
6811814,"152",NA,NA,NA,NA,211.2,214.395,221.3238,233.65,238.3375,240.6565,244.9,10,2007,2022,"06-01"
6811814,"153",NA,NA,NA,NA,211.8,218.085,227.5125,233.755,236.0575,238.393,239.95,4,2007,2022,"06-02"
6811814,"182",NA,NA,NA,NA,200,214.36,225.55,237.4,240.9475,241.34,242.89,11,2007,2022,"07-01"
6811814,"183",NA,NA,NA,NA,228,229.02,230.55,234.7325,238.4612,239.1745,239.65,4,2007,2022,"07-02"
6811814,"213",NA,NA,NA,NA,205.335,228.4,232.62,236.55,240.75,241.47,243.45,11,2007,2022,"08-01"
6811814,"214",NA,NA,NA,NA,224.65,226.495,229.2625,235.5,240.4625,240.935,241.25,4,2007,2022,"08-02"
6811814,"244",NA,NA,NA,NA,206.55,210.2,222.925,236.8,238.45,240.85,242.16,11,2007,2022,"09-01"
6811814,"245",NA,NA,NA,NA,228.6,229.89,231.825,234.7,237.375,238.95,240,4,2007,2022,"09-02"
6811814,"274",NA,NA,NA,NA,205.65,212.55,225.245,233.05,236.465,237.55,242.015,11,2007,2022,"10-01"
6811814,"275",NA,NA,NA,NA,232.65,232.86,233.175,234.025,235.925,238.13,239.6,4,2007,2022,"10-02"
6811814,"305",NA,NA,NA,NA,210.15,217.35,228.115,231.55,234.4325,236.365,238.8,11,2007,2022,"11-01"
6811814,"306",NA,NA,NA,NA,229.15,230.185,231.7375,233.95,236.275,238.03,239.2,4,2007,2022,"11-02"
6811814,"335",NA,NA,NA,NA,211.4,220.5,223.35,232.5,233.505,234.6,236.8,11,2007,2022,"12-01"
6811814,"336",NA,NA,NA,NA,222.55,225.225,229.2375,232.8083,234.8625,236.145,237,4,2007,2022,"12-02"
6812106,"1","2022-01-01",98.795,"Jan","01-01",87.595,92.968,93.93,100.225,101.555,102.704,103.32,17,2005,2022,"01-01"
6812106,"32","2022-02-01",99.48,"Feb","02-01",83.89,89.061,96.935,100.62,101.41,102.804,103.54,17,2005,2022,"02-01"
6812106,"60","2022-03-01",100.16,"Mar","03-01",81.685,90.144,93.63,101.015,101.68,103.437,103.915,13,2005,2022,"03-01"
6812106,"61",NA,NA,NA,NA,95.255,96.0935,97.3513,98.49,99.03,99.21,99.33,4,2005,2022,"03-02"
6812106,"91",NA,NA,NA,NA,86.83,91.567,93.4487,101.3425,101.8925,103.7315,104.06,12,2005,2022,"04-01"
6812106,"92",NA,NA,NA,NA,90.33,92.8005,96.5062,99.27,100.02,100.101,100.155,4,2005,2022,"04-02"
6812106,"121",NA,NA,NA,NA,81.29,85.5725,90.2975,98.67,102.1775,102.3275,103.315,12,2005,2022,"05-01"
6812106,"122",NA,NA,NA,NA,81.14,85.9205,93.0912,98.08,99.1262,99.2005,99.25,4,2005,2022,"05-02"
6812106,"152",NA,NA,NA,NA,85.18,86.852,93.0725,98.9575,102.325,102.8485,102.955,12,2005,2022,"06-01"
6812106,"153",NA,NA,NA,NA,80.875,86.1385,94.0338,99.36,100.4787,100.8005,101.015,4,2005,2022,"06-02"
6812106,"182",NA,NA,NA,NA,76.94,91.332,93.855,100.405,102.3,103.227,103.375,12,2005,2022,"07-01"
6812106,"183",NA,NA,NA,NA,88.46,92.081,97.5125,100.59,100.9475,101.483,101.84,4,2005,2022,"07-02"
6812106,"213",NA,NA,NA,NA,75.355,95.0185,96.385,101.1375,103.2037,103.671,103.715,12,2005,2022,"08-01"
6812106,"214",NA,NA,NA,NA,92.435,94.8695,98.5212,100.8475,101.54,102.251,102.725,4,2005,2022,"08-02"
6812106,"244",NA,NA,NA,NA,77.93,85.142,95.4612,99.1,102.8225,103.9565,104.225,12,2005,2022,"09-01"
6812106,"245",NA,NA,NA,NA,92.99,93.008,93.035,97.175,101.7225,102.483,102.99,4,2005,2022,"09-02"
6812106,"274",NA,NA,NA,NA,79.845,87.85,91.6412,97.935,102.41,103.7825,103.96,12,2005,2022,"10-01"
6812106,"275",NA,NA,NA,NA,95.35,96.3685,97.8963,100.235,101.945,102.341,102.605,4,2005,2022,"10-02"
6812106,"305",NA,NA,NA,NA,89.195,91.697,94.83,99.335,102.385,103.142,104.22,13,2005,2022,"11-01"
6812106,"306",NA,NA,NA,NA,96.58,97.6105,99.1562,100.9575,102.2775,102.957,103.41,4,2005,2022,"11-02"
6812106,"335",NA,NA,NA,NA,89.155,91.099,95.42,99.75,101.79,102.963,103.45,13,2005,2022,"12-01"
6812106,"336",NA,NA,NA,NA,95.245,96.8425,99.2388,101.36,102.5463,103.2595,103.735,4,2005,2022,"12-02"
6812413,"1","2022-01-01",213.25,"Jan","01-01",205.6,208.6,213.2,222.71,225.9,235.24,277.54,17,2005,2022,"01-01"
6812413,"32","2022-02-01",215.65,"Feb","02-01",203.9,208.15,215.42,223.54,226.15,231.33,235.6,17,2005,2022,"02-01"
6812413,"60","2022-03-01",219.3,"Mar","03-01",205.35,207.94,211.165,227.6,230,231.05,236.2,13,2005,2022,"03-01"
6812413,"61",NA,NA,NA,NA,211.65,213.36,215.925,219.25,222.5,224.93,226.55,4,2005,2022,"03-02"
6812413,"91",NA,NA,NA,NA,205.15,206.7425,209.2812,229.1775,232.3375,235.48,245.65,12,2005,2022,"04-01"
6812413,"92",NA,NA,NA,NA,209.65,213.1975,218.5187,221.5375,222.925,225.31,226.9,4,2005,2022,"04-02"
6812413,"121",NA,NA,NA,NA,206.9,207.9485,211.8875,230.74,234.8363,245.8845,246.545,12,2005,2022,"05-01"
6812413,"122",NA,NA,NA,NA,204.3,208.677,215.2425,222.245,226.8525,229.107,230.61,4,2005,2022,"05-02"
6812413,"152",NA,NA,NA,NA,207.25,208.39,209.425,227.025,235.4837,243.28,247.1,12,2005,2022,"06-01"
6812413,"153",NA,NA,NA,NA,204.3,210.075,218.7375,225.35,229.5,233.73,236.55,4,2005,2022,"06-02"
6812413,"182",NA,NA,NA,NA,206.83,211.782,213.675,230.8175,237.9375,246.921,247.9,12,2005,2022,"07-01"
6812413,"183",NA,NA,NA,NA,211.01,214.973,220.9175,226.61,231.025,234.67,237.1,4,2005,2022,"07-02"
6812413,"213",NA,NA,NA,NA,205.385,214.845,218.8313,229.8875,239.7125,245.84,251.4,12,2005,2022,"08-01"
6812413,"214",NA,NA,NA,NA,214.735,217.5295,221.7213,226.675,232.05,237,240.3,4,2005,2022,"08-02"
6812413,"244",NA,NA,NA,NA,207.45,215.3065,219.9288,229.225,234.405,239.769,251.8,12,2005,2022,"09-01"
6812413,"245",NA,NA,NA,NA,220.9,222.445,224.7625,228.95,232.95,234.93,236.25,4,2005,2022,"09-02"
6812413,"274",NA,NA,NA,NA,208.35,209.65,219.775,225.8025,229.575,236.1465,253.5,12,2005,2022,"10-01"
6812413,"275",NA,NA,NA,NA,222.8,223.82,225.35,228.05,230.9,232.7,233.9,4,2005,2022,"10-02"
6812413,"305",NA,NA,NA,NA,207,210.34,214.9,218.875,229.335,233.932,246.3,13,2005,2022,"11-01"
6812413,"306",NA,NA,NA,NA,218.6,220.64,223.7,226.95,229.2125,230.495,231.35,4,2005,2022,"11-02"
6812413,"335",NA,NA,NA,NA,206.6,209.58,210.75,219.415,228.015,233.728,241.1,13,2005,2022,"12-01"
6812413,"336",NA,NA,NA,NA,216.4,218.86,222.55,226.2,228.2375,229.025,229.55,4,2005,2022,"12-02"
6812507,"1","2022-01-01",272.19,"Jan","01-01",266.75,268.393,269.55,270.75,272.19,272.522,272.69,17,2005,2022,"01-01"
6812507,"32","2022-02-01",270.27,"Feb","02-01",266.7,268.549,269.555,270.27,270.86,272.726,273.335,17,2005,2022,"02-01"
6812507,"60","2022-03-01",270.66,"Mar","03-01",268.13,269.144,269.29,270.16,271.1,272.746,273.565,13,2005,2022,"03-01"
6812507,"61",NA,NA,NA,NA,267.4,267.76,268.3,269.5825,271.2038,272.3535,273.12,4,2005,2022,"03-02"
6812507,"91",NA,NA,NA,NA,267.995,268.835,269.6675,270.535,271.7962,272.334,272.79,12,2005,2022,"04-01"
6812507,"92",NA,NA,NA,NA,268,268.036,268.09,269.42,271.15,271.924,272.44,4,2005,2022,"04-02"
6812507,"121",NA,NA,NA,NA,267.51,268.667,269.0262,270.785,271.3875,272.535,272.845,12,2005,2022,"05-01"
6812507,"122",NA,NA,NA,NA,266.31,266.937,267.8775,269.0325,270.18,271.107,271.725,4,2005,2022,"05-02"
6812507,"152",NA,NA,NA,NA,267.615,268.015,269.62,271.42,272.365,272.764,272.84,13,2005,2022,"06-01"
6812507,"153",NA,NA,NA,NA,265.095,266.2365,267.9488,270.035,271.5375,272.199,272.64,4,2005,2022,"06-02"
6812507,"182",NA,NA,NA,NA,262.75,268.641,269.2425,271.655,273.2513,273.426,284.965,12,2005,2022,"07-01"
6812507,"183",NA,NA,NA,NA,267.695,268.1015,268.7112,269.9675,271.285,272.005,272.485,4,2005,2022,"07-02"
6812507,"213",NA,NA,NA,NA,267.275,268.469,269.06,271.53,272.7563,273.0765,273.54,12,2005,2022,"08-01"
6812507,"214",NA,NA,NA,NA,269.15,269.4875,269.9937,270.8025,271.5275,271.883,272.12,4,2005,2022,"08-02"
6812507,"244",NA,NA,NA,NA,265.75,268.7175,269.1487,271.005,272.2825,272.716,273.84,12,2005,2022,"09-01"
6812507,"245",NA,NA,NA,NA,266.67,267.729,269.3175,270.305,271.07,272.258,273.05,4,2005,2022,"09-02"
6812507,"274",NA,NA,NA,NA,265.45,267.259,269.2863,270.3625,272.5912,273.1575,273.885,12,2005,2022,"10-01"
6812507,"275",NA,NA,NA,NA,267.84,268.338,269.085,270.3775,271.92,273.117,273.915,4,2005,2022,"10-02"
6812507,"305",NA,NA,NA,NA,266.8,268.815,269.025,269.75,272.1,272.707,274.38,13,2005,2022,"11-01"
6812507,"306",NA,NA,NA,NA,267.65,268.295,269.2625,270.6925,271.9638,272.6455,273.1,4,2005,2022,"11-02"
6812507,"335",NA,NA,NA,NA,267.3,268.824,269.33,271.2,272.225,272.477,273.635,13,2005,2022,"12-01"
6812507,"336",NA,NA,NA,NA,268.17,268.779,269.6925,270.3225,270.9238,271.7855,272.36,4,2005,2022,"12-02"
6812509,"1","2022-01-01",234.49,"Jan","01-01",221.725,228.488,232.0775,234.49,235.16,235.524,235.9,15,2007,2022,"01-01"
6812509,"32","2022-02-01",235.015,"Feb","02-01",218.45,224.917,231.6075,234.815,235.32,235.998,252.925,15,2007,2022,"02-01"
6812509,"60","2022-03-01",235.685,"Mar","03-01",217.85,222.76,231.595,234.91,235.5975,235.725,236.09,11,2007,2022,"03-01"
6812509,"61",NA,NA,NA,NA,231.5,231.818,232.295,233.435,234.43,234.646,234.79,4,2007,2022,"03-02"
6812509,"91",NA,NA,NA,NA,221.05,228.0565,232.535,235.175,235.6963,236.301,236.445,10,2007,2022,"04-01"
6812509,"92",NA,NA,NA,NA,228.925,230.4025,232.6188,234.28,234.7887,234.9305,235.025,4,2007,2022,"04-02"
6812509,"121",NA,NA,NA,NA,223.355,224.534,229.6925,235.0325,235.3487,236.6275,237.325,10,2007,2022,"05-01"
6812509,"122",NA,NA,NA,NA,220.685,224.318,229.7675,233.0475,233.67,234.336,234.78,4,2007,2022,"05-02"
6812509,"152",NA,NA,NA,NA,225.185,225.6215,227.4112,235.2075,236.4863,237.3885,237.735,10,2007,2022,"06-01"
6812509,"153",NA,NA,NA,NA,218.28,223.041,230.1825,234.7825,235.5275,235.73,235.865,4,2007,2022,"06-02"
6812509,"182",NA,NA,NA,NA,228.375,230.265,230.7675,235.4875,236.9862,237.231,238.32,10,2007,2022,"07-01"
6812509,"183",NA,NA,NA,NA,222.385,225.9445,231.2837,234.885,236.76,238.992,240.48,4,2007,2022,"07-02"
6812509,"213",NA,NA,NA,NA,232.105,233.6935,233.975,235.6725,236.5987,236.968,237.58,10,2007,2022,"08-01"
6812509,"214",NA,NA,NA,NA,229.39,230.698,232.66,234.61,235.8737,236.6005,237.085,4,2007,2022,"08-02"
6812509,"244",NA,NA,NA,NA,214.3,232.985,234.205,235.02,236.135,236.17,237.425,11,2007,2022,"09-01"
6812509,"245",NA,NA,NA,NA,232.59,233.133,233.9475,234.8775,235.4425,235.6,235.705,4,2007,2022,"09-02"
6812509,"274",NA,NA,NA,NA,219.55,225.275,233.015,234.59,235.085,236.135,237.875,11,2007,2022,"10-01"
6812509,"275",NA,NA,NA,NA,234.36,234.447,234.5775,234.785,235.2013,235.7075,236.045,4,2007,2022,"10-02"
6812509,"305",NA,NA,NA,NA,224.96,226.8,231.5675,234.725,235.2075,235.415,236.18,11,2007,2022,"11-01"
6812509,"306",NA,NA,NA,NA,232.4,232.8275,233.4687,234.445,235.3438,235.8455,236.18,4,2007,2022,"11-02"
6812509,"335",NA,NA,NA,NA,226.53,227.65,230.995,233.775,234.9675,235.065,235.6,11,2007,2022,"12-01"
6812509,"336",NA,NA,NA,NA,234.005,234.1235,234.3013,234.7475,235.205,235.403,235.535,4,2007,2022,"12-02"
