"id","month","year","pcp_in","ndays"
"USC00410902",1,1990,1.3,31
"USC00410902",1,1991,4.17,31
"USC00410902",1,1992,4.6,31
"USC00410902",1,1993,2.64,31
"USC00410902",1,1994,2.78,31
"USC00410902",1,1995,0.32,31
"USC00410902",1,1996,0.03,31
"USC00410902",1,1997,1.74,31
"USC00410902",1,1998,2.35,31
"USC00410902",1,1999,0.05,31
"USC00410902",1,2000,1.08,31
"USC00410902",1,2001,4.68,31
"USC00410902",1,2002,0.6,31
"USC00410902",1,2003,1.3,31
"USC00410902",1,2004,3.18,31
"USC00410902",1,2005,2.73,31
"USC00410902",1,2006,0.75,31
"USC00410902",1,2007,6.7,31
"USC00410902",1,2008,0.49,31
"USC00410902",1,2009,0.66,31
"USC00410902",1,2010,4.46,31
"USC00410902",1,2011,1.66,31
"USC00410902",1,2012,1.71,31
"USC00410902",1,2013,3.27,31
"USC00410902",1,2014,0.13,31
"USC00410902",1,2015,4.36,31
"USC00410902",1,2016,1.11,31
"USC00410902",1,2017,3.3,31
"USC00410902",1,2018,0.62,31
"USC00410902",1,2019,1.74,31
"USC00410902",1,2020,3.51,31
"USC00410902",1,2021,1.59,31
"USC00410902",1,2022,0.54,31
"USC00410902",2,1990,2.28,28
"USC00410902",2,1991,2.32,28
"USC00410902",2,1992,7.77,29
"USC00410902",2,1993,2.55,28
"USC00410902",2,1994,2.96,28
"USC00410902",2,1995,1.03,28
"USC00410902",2,1996,0.27,29
"USC00410902",2,1997,5.83,28
"USC00410902",2,1998,6.86,28
"USC00410902",2,1999,0.03,28
"USC00410902",2,2000,1.62,29
"USC00410902",2,2001,2.08,28
"USC00410902",2,2002,0.71,28
"USC00410902",2,2003,4.06,28
"USC00410902",2,2004,3.18,29
"USC00410902",2,2005,3.7,28
"USC00410902",2,2006,0.84,28
"USC00410902",2,2007,0.04,28
"USC00410902",2,2008,0.27,29
"USC00410902",2,2009,0.26,28
"USC00410902",2,2010,5.15,28
"USC00410902",2,2011,0.53,28
"USC00410902",2,2012,3.23,29
"USC00410902",2,2013,0.19,28
"USC00410902",2,2014,0.45,28
"USC00410902",2,2015,0.9,28
"USC00410902",2,2016,0.98,29
"USC00410902",2,2017,2.83,28
"USC00410902",2,2018,2.2,28
"USC00410902",2,2019,0.68,28
"USC00410902",2,2020,2,29
"USC00410902",2,2021,1.46,28
"USC00410902",2,2022,0.64,28
"USC00410902",3,1990,6.53,31
"USC00410902",3,1991,1.45,31
"USC00410902",3,1992,5.91,31
"USC00410902",3,1993,2.25,31
"USC00410902",3,1994,4.97,31
"USC00410902",3,1995,2.04,31
"USC00410902",3,1996,1.33,31
"USC00410902",3,1997,3.44,31
"USC00410902",3,1998,6.93,31
"USC00410902",3,1999,3.32,31
"USC00410902",3,2000,0.99,31
"USC00410902",3,2001,3.34,31
"USC00410902",3,2002,2.18,31
"USC00410902",3,2003,1.51,31
"USC00410902",3,2004,2.43,31
"USC00410902",3,2005,2.44,31
"USC00410902",3,2006,2.35,31
"USC00410902",3,2007,10.34,31
"USC00410902",3,2008,1.76,31
"USC00410902",3,2009,2.62,31
"USC00410902",3,2010,1.9,31
"USC00410902",3,2011,0.01,31
"USC00410902",3,2012,4.18,31
"USC00410902",3,2013,0.64,31
"USC00410902",3,2014,0.65,31
"USC00410902",3,2015,2.89,31
"USC00410902",3,2016,3.64,31
"USC00410902",3,2017,1.67,31
"USC00410902",3,2018,2.76,31
"USC00410902",3,2019,0.66,31
"USC00410902",3,2020,2.02,31
"USC00410902",3,2021,1.51,31
"USC00410902",3,2022,NA,NA
"USC00410902",4,1990,4.66,30
"USC00410902",4,1991,3.5,30
"USC00410902",4,1992,1.75,30
"USC00410902",4,1993,2.8,30
"USC00410902",4,1994,2.92,30
"USC00410902",4,1995,2.63,30
"USC00410902",4,1996,1.6,30
"USC00410902",4,1997,6.63,30
"USC00410902",4,1998,0.57,30
"USC00410902",4,1999,1.5,30
"USC00410902",4,2000,1.19,30
"USC00410902",4,2001,1.51,30
"USC00410902",4,2002,2.03,30
"USC00410902",4,2003,0.22,30
"USC00410902",4,2004,9.47,30
"USC00410902",4,2005,1.06,30
"USC00410902",4,2006,2.85,30
"USC00410902",4,2007,1.58,30
"USC00410902",4,2008,0.68,30
"USC00410902",4,2009,2.29,30
"USC00410902",4,2010,3.12,30
"USC00410902",4,2011,0.17,30
"USC00410902",4,2012,0.11,30
"USC00410902",4,2013,2.29,30
"USC00410902",4,2014,0.44,30
"USC00410902",4,2015,4.22,30
"USC00410902",4,2016,6.63,30
"USC00410902",4,2017,3.52,30
"USC00410902",4,2018,0.88,30
"USC00410902",4,2019,4.59,30
"USC00410902",4,2020,2.01,30
"USC00410902",4,2021,1.32,30
"USC00410902",4,2022,NA,NA
"USC00410902",5,1990,2.6,31
"USC00410902",5,1991,4.43,31
"USC00410902",5,1992,12.53,31
"USC00410902",5,1993,3.34,31
"USC00410902",5,1994,6.3,31
"USC00410902",5,1995,7.88,31
"USC00410902",5,1996,4.1,31
"USC00410902",5,1997,5.92,31
"USC00410902",5,1998,0.75,31
"USC00410902",5,1999,2.35,31
"USC00410902",5,2000,6,31
"USC00410902",5,2001,4.55,31
"USC00410902",5,2002,3.62,31
"USC00410902",5,2003,0.13,31
"USC00410902",5,2004,2.05,31
"USC00410902",5,2005,4.74,31
"USC00410902",5,2006,3.56,31
"USC00410902",5,2007,10.23,31
"USC00410902",5,2008,1.58,31
"USC00410902",5,2009,3.25,31
"USC00410902",5,2010,5.75,31
"USC00410902",5,2011,1.23,31
"USC00410902",5,2012,3.95,31
"USC00410902",5,2013,6.28,31
"USC00410902",5,2014,8,31
"USC00410902",5,2015,15.97,31
"USC00410902",5,2016,8.32,31
"USC00410902",5,2017,2.34,31
"USC00410902",5,2018,3.48,31
"USC00410902",5,2019,4.7,31
"USC00410902",5,2020,9.73,31
"USC00410902",5,2021,12.32,31
"USC00410902",5,2022,NA,NA
"USC00410902",6,1990,0.09,30
"USC00410902",6,1991,4,30
"USC00410902",6,1992,7.15,30
"USC00410902",6,1993,3.25,30
"USC00410902",6,1994,2.46,30
"USC00410902",6,1995,4.06,30
"USC00410902",6,1996,2.54,30
"USC00410902",6,1997,16.48,30
"USC00410902",6,1998,3.22,30
"USC00410902",6,1999,4.77,30
"USC00410902",6,2000,5.45,30
"USC00410902",6,2001,0.31,30
"USC00410902",6,2002,2.22,30
"USC00410902",6,2003,6.53,30
"USC00410902",6,2004,8.61,30
"USC00410902",6,2005,1.68,30
"USC00410902",6,2006,2.68,30
"USC00410902",6,2007,7.34,30
"USC00410902",6,2008,0.46,30
"USC00410902",6,2009,0.86,30
"USC00410902",6,2010,2.03,30
"USC00410902",6,2011,1.12,30
"USC00410902",6,2012,1.15,30
"USC00410902",6,2013,1.74,30
"USC00410902",6,2014,2.14,30
"USC00410902",6,2015,4.41,30
"USC00410902",6,2016,4.49,30
"USC00410902",6,2017,2.3,30
"USC00410902",6,2018,0.45,30
"USC00410902",6,2019,6.72,30
"USC00410902",6,2020,1.8,30
"USC00410902",6,2021,3.4,30
"USC00410902",6,2022,NA,NA
"USC00410902",7,1990,11.56,31
"USC00410902",7,1991,0.82,31
"USC00410902",7,1992,4.85,31
"USC00410902",7,1993,0,31
"USC00410902",7,1994,0,31
"USC00410902",7,1995,1.06,31
"USC00410902",7,1996,0.29,31
"USC00410902",7,1997,0.31,31
"USC00410902",7,1998,1.12,31
"USC00410902",7,1999,3.3,31
"USC00410902",7,2000,0.55,31
"USC00410902",7,2001,0,31
"USC00410902",7,2002,28.36,31
"USC00410902",7,2003,5.73,31
"USC00410902",7,2004,1.53,31
"USC00410902",7,2005,1.97,31
"USC00410902",7,2006,1.27,31
"USC00410902",7,2007,9.51,31
"USC00410902",7,2008,2.18,31
"USC00410902",7,2009,1.32,31
"USC00410902",7,2010,4.99,31
"USC00410902",7,2011,0.31,31
"USC00410902",7,2012,2.33,31
"USC00410902",7,2013,1,31
"USC00410902",7,2014,2.57,31
"USC00410902",7,2015,0.59,31
"USC00410902",7,2016,0.51,31
"USC00410902",7,2017,0.99,31
"USC00410902",7,2018,5.42,31
"USC00410902",7,2019,0.49,31
"USC00410902",7,2020,0.71,31
"USC00410902",7,2021,6.1,31
"USC00410902",7,2022,NA,NA
"USC00410902",8,1990,2.38,31
"USC00410902",8,1991,1.84,31
"USC00410902",8,1992,4.51,31
"USC00410902",8,1993,0,31
"USC00410902",8,1994,0.74,31
"USC00410902",8,1995,2.12,31
"USC00410902",8,1996,3.2,31
"USC00410902",8,1997,2.5,31
"USC00410902",8,1998,6.98,31
"USC00410902",8,1999,0.68,31
"USC00410902",8,2000,1.94,31
"USC00410902",8,2001,14.61,31
"USC00410902",8,2002,1.22,31
"USC00410902",8,2003,1.29,31
"USC00410902",8,2004,7.49,31
"USC00410902",8,2005,3.68,31
"USC00410902",8,2006,0.72,31
"USC00410902",8,2007,7.76,31
"USC00410902",8,2008,4.99,31
"USC00410902",8,2009,0.58,31
"USC00410902",8,2010,0.19,31
"USC00410902",8,2011,0.03,31
"USC00410902",8,2012,2.03,31
"USC00410902",8,2013,0.58,31
"USC00410902",8,2014,0.85,31
"USC00410902",8,2015,0.69,31
"USC00410902",8,2016,4.87,31
"USC00410902",8,2017,3.01,31
"USC00410902",8,2018,1.19,31
"USC00410902",8,2019,0.59,31
"USC00410902",8,2020,2.34,31
"USC00410902",8,2021,3.63,31
"USC00410902",8,2022,NA,NA
"USC00410902",9,1990,3.87,30
"USC00410902",9,1991,5.13,30
"USC00410902",9,1992,3.67,30
"USC00410902",9,1993,2.84,30
"USC00410902",9,1994,3.19,30
"USC00410902",9,1995,4.1,30
"USC00410902",9,1996,3.54,30
"USC00410902",9,1997,0.61,30
"USC00410902",9,1998,2.43,30
"USC00410902",9,1999,0.21,30
"USC00410902",9,2000,1.93,30
"USC00410902",9,2001,4.7,30
"USC00410902",9,2002,7.46,30
"USC00410902",9,2003,3.57,30
"USC00410902",9,2004,2.8,30
"USC00410902",9,2005,0.51,30
"USC00410902",9,2006,2.47,30
"USC00410902",9,2007,2.82,30
"USC00410902",9,2008,0.09,30
"USC00410902",9,2009,5.23,30
"USC00410902",9,2010,11.97,30
"USC00410902",9,2011,1.89,30
"USC00410902",9,2012,7.75,30
"USC00410902",9,2013,5.95,30
"USC00410902",9,2014,4.73,30
"USC00410902",9,2015,0.5,30
"USC00410902",9,2016,2.32,30
"USC00410902",9,2017,3.51,30
"USC00410902",9,2018,14.11,30
"USC00410902",9,2019,0.48,30
"USC00410902",9,2020,5.63,30
"USC00410902",9,2021,3.39,30
"USC00410902",9,2022,NA,NA
"USC00410902",10,1990,3.14,31
"USC00410902",10,1991,1.24,31
"USC00410902",10,1992,1.4,31
"USC00410902",10,1993,2.28,31
"USC00410902",10,1994,8.31,31
"USC00410902",10,1995,0.47,31
"USC00410902",10,1996,1.41,31
"USC00410902",10,1997,3.87,31
"USC00410902",10,1998,8.51,31
"USC00410902",10,1999,1.85,31
"USC00410902",10,2000,15.07,31
"USC00410902",10,2001,4.68,31
"USC00410902",10,2002,8.18,31
"USC00410902",10,2003,2.85,31
"USC00410902",10,2004,6.68,31
"USC00410902",10,2005,1.42,31
"USC00410902",10,2006,2.49,31
"USC00410902",10,2007,NA,NA
"USC00410902",10,2008,1.54,31
"USC00410902",10,2009,10.28,31
"USC00410902",10,2010,0.51,31
"USC00410902",10,2011,4.36,31
"USC00410902",10,2012,2.75,31
"USC00410902",10,2013,2.8,31
"USC00410902",10,2014,2.98,31
"USC00410902",10,2015,8.83,31
"USC00410902",10,2016,0,31
"USC00410902",10,2017,0.42,31
"USC00410902",10,2018,5.94,31
"USC00410902",10,2019,3.49,31
"USC00410902",10,2020,0.28,31
"USC00410902",10,2021,4.32,31
"USC00410902",10,2022,NA,NA
"USC00410902",11,1990,3.37,30
"USC00410902",11,1991,1.99,30
"USC00410902",11,1992,7.12,30
"USC00410902",11,1993,0.9,30
"USC00410902",11,1994,2.22,30
"USC00410902",11,1995,3.62,30
"USC00410902",11,1996,3.44,30
"USC00410902",11,1997,1,30
"USC00410902",11,1998,4.65,30
"USC00410902",11,1999,0.42,30
"USC00410902",11,2000,8.07,30
"USC00410902",11,2001,9.63,30
"USC00410902",11,2002,1.6,30
"USC00410902",11,2003,0.77,30
"USC00410902",11,2004,12.47,30
"USC00410902",11,2005,1.09,30
"USC00410902",11,2006,2.3,30
"USC00410902",11,2007,0.73,30
"USC00410902",11,2008,0.06,30
"USC00410902",11,2009,2.82,30
"USC00410902",11,2010,0.33,30
"USC00410902",11,2011,2.06,30
"USC00410902",11,2012,0,30
"USC00410902",11,2013,3.39,30
"USC00410902",11,2014,4.66,30
"USC00410902",11,2015,4.35,30
"USC00410902",11,2016,3,30
"USC00410902",11,2017,0.63,30
"USC00410902",11,2018,0.72,30
"USC00410902",11,2019,1.28,30
"USC00410902",11,2020,NA,NA
"USC00410902",11,2021,1.72,30
"USC00410902",11,2022,NA,NA
"USC00410902",12,1990,0.26,31
"USC00410902",12,1991,16.86,31
"USC00410902",12,1992,2.5,31
"USC00410902",12,1993,0.8,31
"USC00410902",12,1994,3.81,31
"USC00410902",12,1995,0.71,31
"USC00410902",12,1996,2.57,31
"USC00410902",12,1997,3.87,31
"USC00410902",12,1998,1.04,31
"USC00410902",12,1999,0,31
"USC00410902",12,2000,1.97,31
"USC00410902",12,2001,3.39,31
"USC00410902",12,2002,3.79,31
"USC00410902",12,2003,0.11,31
"USC00410902",12,2004,0.19,31
"USC00410902",12,2005,0.06,31
"USC00410902",12,2006,1.68,31
"USC00410902",12,2007,0.52,31
"USC00410902",12,2008,0.31,31
"USC00410902",12,2009,2.14,31
"USC00410902",12,2010,1.32,31
"USC00410902",12,2011,4.14,31
"USC00410902",12,2012,0.3,31
"USC00410902",12,2013,0.37,31
"USC00410902",12,2014,1.08,31
"USC00410902",12,2015,1.96,31
"USC00410902",12,2016,3.44,31
"USC00410902",12,2017,3.92,31
"USC00410902",12,2018,4.7,31
"USC00410902",12,2019,0.54,31
"USC00410902",12,2020,0.71,31
"USC00410902",12,2021,0.34,31
"USC00410902",12,2022,NA,NA
"USC00411429",1,1990,1.65,31
"USC00411429",1,1991,5.49,31
"USC00411429",1,1992,4.74,31
"USC00411429",1,1993,2.26,31
"USC00411429",1,1994,1.25,31
"USC00411429",1,1995,0.43,31
"USC00411429",1,1996,0.03,31
"USC00411429",1,1997,0.83,31
"USC00411429",1,1998,2.86,31
"USC00411429",1,1999,NA,NA
"USC00411429",1,2000,2.28,31
"USC00411429",1,2001,3.59,31
"USC00411429",1,2002,0.81,31
"USC00411429",1,2003,1.84,31
"USC00411429",1,2004,3.33,31
"USC00411429",1,2005,2.71,31
"USC00411429",1,2006,0.85,31
"USC00411429",1,2007,7.53,31
"USC00411429",1,2008,1.06,31
"USC00411429",1,2009,0.5,31
"USC00411429",1,2010,3.85,31
"USC00411429",1,2011,3.47,31
"USC00411429",1,2012,3.91,31
"USC00411429",1,2013,2.99,31
"USC00411429",1,2014,0.27,31
"USC00411429",1,2015,5.04,31
"USC00411429",1,2016,0.22,31
"USC00411429",1,2017,1.31,31
"USC00411429",1,2018,0.33,31
"USC00411429",1,2019,1.67,31
"USC00411429",1,2020,1.19,31
"USC00411429",1,2021,0.3,31
"USC00411429",1,2022,0,31
"USC00411429",2,1990,2.57,28
"USC00411429",2,1991,2.83,28
"USC00411429",2,1992,5.14,29
"USC00411429",2,1993,1.6,28
"USC00411429",2,1994,1.71,28
"USC00411429",2,1995,0.87,28
"USC00411429",2,1996,0.03,29
"USC00411429",2,1997,3.85,28
"USC00411429",2,1998,6.36,28
"USC00411429",2,1999,0.02,28
"USC00411429",2,2000,2.26,29
"USC00411429",2,2001,1.55,28
"USC00411429",2,2002,0.67,28
"USC00411429",2,2003,4.34,28
"USC00411429",2,2004,3.09,29
"USC00411429",2,2005,3.65,28
"USC00411429",2,2006,0.97,28
"USC00411429",2,2007,0.1,28
"USC00411429",2,2008,0.38,29
"USC00411429",2,2009,0.9,28
"USC00411429",2,2010,3.49,28
"USC00411429",2,2011,0.91,28
"USC00411429",2,2012,2.76,29
"USC00411429",2,2013,0.48,28
"USC00411429",2,2014,0.66,28
"USC00411429",2,2015,0.39,28
"USC00411429",2,2016,1.12,29
"USC00411429",2,2017,1.4,28
"USC00411429",2,2018,1.44,28
"USC00411429",2,2019,0.32,28
"USC00411429",2,2020,1.89,29
"USC00411429",2,2021,1.03,28
"USC00411429",2,2022,0.15,28
"USC00411429",3,1990,4.87,31
"USC00411429",3,1991,1.82,31
"USC00411429",3,1992,5.05,31
"USC00411429",3,1993,3.11,31
"USC00411429",3,1994,2.9,31
"USC00411429",3,1995,1.95,31
"USC00411429",3,1996,1.82,31
"USC00411429",3,1997,2.41,31
"USC00411429",3,1998,3.39,31
"USC00411429",3,1999,2.77,31
"USC00411429",3,2000,1.9,31
"USC00411429",3,2001,4.1,31
"USC00411429",3,2002,1.6,31
"USC00411429",3,2003,1.11,31
"USC00411429",3,2004,1.89,31
"USC00411429",3,2005,5.2,31
"USC00411429",3,2006,3.2,31
"USC00411429",3,2007,7.11,31
"USC00411429",3,2008,2.6,31
"USC00411429",3,2009,2.97,31
"USC00411429",3,2010,3.24,31
"USC00411429",3,2011,0.06,31
"USC00411429",3,2012,4.19,31
"USC00411429",3,2013,1.23,31
"USC00411429",3,2014,1.24,31
"USC00411429",3,2015,3.93,31
"USC00411429",3,2016,3.44,31
"USC00411429",3,2017,0.28,31
"USC00411429",3,2018,3.27,31
"USC00411429",3,2019,0.24,31
"USC00411429",3,2020,2.19,31
"USC00411429",3,2021,1.05,31
"USC00411429",3,2022,NA,NA
"USC00411429",4,1990,3.37,30
"USC00411429",4,1991,6.8,30
"USC00411429",4,1992,2.58,30
"USC00411429",4,1993,2.7,30
"USC00411429",4,1994,2.18,30
"USC00411429",4,1995,3.99,30
"USC00411429",4,1996,3.85,30
"USC00411429",4,1997,6.34,30
"USC00411429",4,1998,0.35,30
"USC00411429",4,1999,1.21,30
"USC00411429",4,2000,1.63,30
"USC00411429",4,2001,2.48,30
"USC00411429",4,2002,1.9,30
"USC00411429",4,2003,0.31,30
"USC00411429",4,2004,6.28,30
"USC00411429",4,2005,0.84,30
"USC00411429",4,2006,3.54,30
"USC00411429",4,2007,3.11,30
"USC00411429",4,2008,1.56,30
"USC00411429",4,2009,5.15,30
"USC00411429",4,2010,1.42,30
"USC00411429",4,2011,0.08,30
"USC00411429",4,2012,0.55,30
"USC00411429",4,2013,1.42,30
"USC00411429",4,2014,0.56,30
"USC00411429",4,2015,5.01,30
"USC00411429",4,2016,7.64,30
"USC00411429",4,2017,1.5,30
"USC00411429",4,2018,0.59,30
"USC00411429",4,2019,3.45,30
"USC00411429",4,2020,4,30
"USC00411429",4,2021,2.33,30
"USC00411429",4,2022,NA,NA
"USC00411429",5,1990,NA,NA
"USC00411429",5,1991,3.95,31
"USC00411429",5,1992,4.07,31
"USC00411429",5,1993,7.54,31
"USC00411429",5,1994,4.19,31
"USC00411429",5,1995,7.61,31
"USC00411429",5,1996,0.89,31
"USC00411429",5,1997,6.36,31
"USC00411429",5,1998,0.62,31
"USC00411429",5,1999,2.69,31
"USC00411429",5,2000,4.34,31
"USC00411429",5,2001,6.35,31
"USC00411429",5,2002,2.16,31
"USC00411429",5,2003,0.13,31
"USC00411429",5,2004,2.43,31
"USC00411429",5,2005,3.42,31
"USC00411429",5,2006,2.94,31
"USC00411429",5,2007,9.56,31
"USC00411429",5,2008,1.05,31
"USC00411429",5,2009,1.42,31
"USC00411429",5,2010,4.81,31
"USC00411429",5,2011,0.62,31
"USC00411429",5,2012,6.01,31
"USC00411429",5,2013,7.09,31
"USC00411429",5,2014,8.26,31
"USC00411429",5,2015,12.02,31
"USC00411429",5,2016,5.36,31
"USC00411429",5,2017,1.44,31
"USC00411429",5,2018,1.8,31
"USC00411429",5,2019,5.32,31
"USC00411429",5,2020,NA,NA
"USC00411429",5,2021,10.77,31
"USC00411429",5,2022,NA,NA
"USC00411429",6,1990,1.68,30
"USC00411429",6,1991,4.05,30
"USC00411429",6,1992,6.29,30
"USC00411429",6,1993,NA,NA
"USC00411429",6,1994,1.53,30
"USC00411429",6,1995,2.69,30
"USC00411429",6,1996,4.93,30
"USC00411429",6,1997,12.04,30
"USC00411429",6,1998,1.51,30
"USC00411429",6,1999,6.45,30
"USC00411429",6,2000,6.58,30
"USC00411429",6,2001,3.23,30
"USC00411429",6,2002,6.84,30
"USC00411429",6,2003,6.27,30
"USC00411429",6,2004,10.14,30
"USC00411429",6,2005,0.66,30
"USC00411429",6,2006,2.98,30
"USC00411429",6,2007,10.03,30
"USC00411429",6,2008,1.55,30
"USC00411429",6,2009,0.53,30
"USC00411429",6,2010,5.86,30
"USC00411429",6,2011,1.97,30
"USC00411429",6,2012,0.46,30
"USC00411429",6,2013,1.73,30
"USC00411429",6,2014,1.16,30
"USC00411429",6,2015,6.73,30
"USC00411429",6,2016,5.25,30
"USC00411429",6,2017,0.38,30
"USC00411429",6,2018,0.3,30
"USC00411429",6,2019,4.05,30
"USC00411429",6,2020,0.89,30
"USC00411429",6,2021,2.83,30
"USC00411429",6,2022,NA,NA
"USC00411429",7,1990,7.11,31
"USC00411429",7,1991,1.45,31
"USC00411429",7,1992,2.4,31
"USC00411429",7,1993,0,31
"USC00411429",7,1994,0.08,31
"USC00411429",7,1995,1.15,31
"USC00411429",7,1996,0.64,31
"USC00411429",7,1997,0.2,31
"USC00411429",7,1998,3.89,31
"USC00411429",7,1999,1.6,31
"USC00411429",7,2000,0.9,31
"USC00411429",7,2001,0.16,31
"USC00411429",7,2002,16.42,31
"USC00411429",7,2003,3.59,31
"USC00411429",7,2004,0.5,31
"USC00411429",7,2005,4.82,31
"USC00411429",7,2006,2.79,31
"USC00411429",7,2007,12.96,31
"USC00411429",7,2008,5.12,31
"USC00411429",7,2009,1.03,31
"USC00411429",7,2010,5.43,31
"USC00411429",7,2011,0.44,31
"USC00411429",7,2012,3.03,31
"USC00411429",7,2013,4.15,31
"USC00411429",7,2014,0.76,31
"USC00411429",7,2015,0.01,31
"USC00411429",7,2016,3.08,31
"USC00411429",7,2017,0.25,31
"USC00411429",7,2018,1.86,31
"USC00411429",7,2019,0.5,31
"USC00411429",7,2020,0,31
"USC00411429",7,2021,2.96,31
"USC00411429",7,2022,NA,NA
"USC00411429",8,1990,0.25,31
"USC00411429",8,1991,2.09,31
"USC00411429",8,1992,2.29,31
"USC00411429",8,1993,0.03,31
"USC00411429",8,1994,0.92,31
"USC00411429",8,1995,3.13,31
"USC00411429",8,1996,6.91,31
"USC00411429",8,1997,1.15,31
"USC00411429",8,1998,NA,NA
"USC00411429",8,1999,0.51,31
"USC00411429",8,2000,0.64,31
"USC00411429",8,2001,4.88,31
"USC00411429",8,2002,1.2,31
"USC00411429",8,2003,4.1,31
"USC00411429",8,2004,2.21,31
"USC00411429",8,2005,1.77,31
"USC00411429",8,2006,0.69,31
"USC00411429",8,2007,5.54,31
"USC00411429",8,2008,3.84,31
"USC00411429",8,2009,1.13,31
"USC00411429",8,2010,0.14,31
"USC00411429",8,2011,0,31
"USC00411429",8,2012,1.81,31
"USC00411429",8,2013,0.19,31
"USC00411429",8,2014,0.2,31
"USC00411429",8,2015,0.79,31
"USC00411429",8,2016,8.44,31
"USC00411429",8,2017,9.25,31
"USC00411429",8,2018,0.65,31
"USC00411429",8,2019,0,31
"USC00411429",8,2020,1.5,31
"USC00411429",8,2021,0.94,31
"USC00411429",8,2022,NA,NA
"USC00411429",9,1990,2.4,30
"USC00411429",9,1991,6.09,30
"USC00411429",9,1992,0.87,30
"USC00411429",9,1993,0.7,30
"USC00411429",9,1994,3.51,30
"USC00411429",9,1995,3.3,30
"USC00411429",9,1996,3.13,30
"USC00411429",9,1997,1.6,30
"USC00411429",9,1998,5.49,30
"USC00411429",9,1999,0.09,30
"USC00411429",9,2000,1.14,30
"USC00411429",9,2001,3.97,30
"USC00411429",9,2002,5.06,30
"USC00411429",9,2003,3.64,30
"USC00411429",9,2004,1.44,30
"USC00411429",9,2005,0.74,30
"USC00411429",9,2006,3.1,30
"USC00411429",9,2007,2.28,30
"USC00411429",9,2008,0.17,30
"USC00411429",9,2009,8.63,30
"USC00411429",9,2010,10.48,30
"USC00411429",9,2011,1.31,30
"USC00411429",9,2012,7.11,30
"USC00411429",9,2013,4.71,30
"USC00411429",9,2014,4.76,30
"USC00411429",9,2015,2.09,30
"USC00411429",9,2016,1.53,30
"USC00411429",9,2017,3.11,30
"USC00411429",9,2018,9.46,30
"USC00411429",9,2019,0.16,30
"USC00411429",9,2020,5.97,30
"USC00411429",9,2021,0,30
"USC00411429",9,2022,NA,NA
"USC00411429",10,1990,3.66,31
"USC00411429",10,1991,1.93,31
"USC00411429",10,1992,0.49,31
"USC00411429",10,1993,3.45,31
"USC00411429",10,1994,8.2,31
"USC00411429",10,1995,0.62,31
"USC00411429",10,1996,0.47,31
"USC00411429",10,1997,3.49,31
"USC00411429",10,1998,24.27,31
"USC00411429",10,1999,1.89,31
"USC00411429",10,2000,6.45,31
"USC00411429",10,2001,2.68,31
"USC00411429",10,2002,7.7,31
"USC00411429",10,2003,3.21,31
"USC00411429",10,2004,10.66,31
"USC00411429",10,2005,2.82,31
"USC00411429",10,2006,3.12,31
"USC00411429",10,2007,3.86,31
"USC00411429",10,2008,0.69,31
"USC00411429",10,2009,11.36,31
"USC00411429",10,2010,0.22,31
"USC00411429",10,2011,5.39,31
"USC00411429",10,2012,0.87,31
"USC00411429",10,2013,13,31
"USC00411429",10,2014,0.55,31
"USC00411429",10,2015,18.69,31
"USC00411429",10,2016,0.03,31
"USC00411429",10,2017,0.36,31
"USC00411429",10,2018,3.97,31
"USC00411429",10,2019,4.72,31
"USC00411429",10,2020,0.12,31
"USC00411429",10,2021,11.16,31
"USC00411429",10,2022,NA,NA
"USC00411429",11,1990,3.09,30
"USC00411429",11,1991,1.2,30
"USC00411429",11,1992,5.37,30
"USC00411429",11,1993,0.82,30
"USC00411429",11,1994,1.23,30
"USC00411429",11,1995,4.34,30
"USC00411429",11,1996,2.98,30
"USC00411429",11,1997,2.38,30
"USC00411429",11,1998,4.84,30
"USC00411429",11,1999,0.03,30
"USC00411429",11,2000,10.94,30
"USC00411429",11,2001,4.89,30
"USC00411429",11,2002,3.24,30
"USC00411429",11,2003,0.59,30
"USC00411429",11,2004,13.56,30
"USC00411429",11,2005,0.47,30
"USC00411429",11,2006,1.22,30
"USC00411429",11,2007,1.05,30
"USC00411429",11,2008,0.75,30
"USC00411429",11,2009,3.04,30
"USC00411429",11,2010,0.4,30
"USC00411429",11,2011,2.89,30
"USC00411429",11,2012,0.03,30
"USC00411429",11,2013,1.55,30
"USC00411429",11,2014,6.25,30
"USC00411429",11,2015,3.7,30
"USC00411429",11,2016,3.3,30
"USC00411429",11,2017,1.03,30
"USC00411429",11,2018,1.77,30
"USC00411429",11,2019,0.94,30
"USC00411429",11,2020,NA,NA
"USC00411429",11,2021,1.06,30
"USC00411429",11,2022,NA,NA
"USC00411429",12,1990,0.44,31
"USC00411429",12,1991,13.75,31
"USC00411429",12,1992,3.37,31
"USC00411429",12,1993,0.6,31
"USC00411429",12,1994,4.06,31
"USC00411429",12,1995,0.58,31
"USC00411429",12,1996,2.04,31
"USC00411429",12,1997,3.21,31
"USC00411429",12,1998,1.05,31
"USC00411429",12,1999,0.43,31
"USC00411429",12,2000,2.54,31
"USC00411429",12,2001,4.11,31
"USC00411429",12,2002,4.5,31
"USC00411429",12,2003,0.5,31
"USC00411429",12,2004,0.09,31
"USC00411429",12,2005,0.25,31
"USC00411429",12,2006,3.1,31
"USC00411429",12,2007,0.33,31
"USC00411429",12,2008,0.5,31
"USC00411429",12,2009,2.81,31
"USC00411429",12,2010,0.91,31
"USC00411429",12,2011,5.32,31
"USC00411429",12,2012,0.28,31
"USC00411429",12,2013,0.91,31
"USC00411429",12,2014,1.44,31
"USC00411429",12,2015,0.92,31
"USC00411429",12,2016,3.88,31
"USC00411429",12,2017,4.14,31
"USC00411429",12,2018,2.59,31
"USC00411429",12,2019,0.29,31
"USC00411429",12,2020,0.03,31
"USC00411429",12,2021,0.07,31
"USC00411429",12,2022,NA,NA
"USC00411433",1,1990,NA,NA
"USC00411433",1,1991,NA,NA
"USC00411433",1,1992,NA,NA
"USC00411433",1,1993,NA,NA
"USC00411433",1,1994,NA,NA
"USC00411433",1,1995,NA,NA
"USC00411433",1,1996,NA,NA
"USC00411433",1,1997,NA,NA
"USC00411433",1,1998,NA,NA
"USC00411433",1,1999,NA,NA
"USC00411433",1,2000,NA,NA
"USC00411433",1,2001,NA,NA
"USC00411433",1,2002,NA,NA
"USC00411433",1,2003,NA,NA
"USC00411433",1,2004,NA,NA
"USC00411433",1,2005,3.25,31
"USC00411433",1,2006,0.59,31
"USC00411433",1,2007,5.72,31
"USC00411433",1,2008,0.56,31
"USC00411433",1,2009,0.7,31
"USC00411433",1,2010,6.02,31
"USC00411433",1,2011,1.87,31
"USC00411433",1,2012,4.73,31
"USC00411433",1,2013,3.26,31
"USC00411433",1,2014,0.19,31
"USC00411433",1,2015,4.08,31
"USC00411433",1,2016,0.95,31
"USC00411433",1,2017,4.13,31
"USC00411433",1,2018,0.21,31
"USC00411433",1,2019,2.35,31
"USC00411433",1,2020,2.28,31
"USC00411433",1,2021,NA,NA
"USC00411433",1,2022,1.3,31
"USC00411433",2,1990,NA,NA
"USC00411433",2,1991,NA,NA
"USC00411433",2,1992,NA,NA
"USC00411433",2,1993,NA,NA
"USC00411433",2,1994,NA,NA
"USC00411433",2,1995,NA,NA
"USC00411433",2,1996,NA,NA
"USC00411433",2,1997,NA,NA
"USC00411433",2,1998,NA,NA
"USC00411433",2,1999,NA,NA
"USC00411433",2,2000,NA,NA
"USC00411433",2,2001,NA,NA
"USC00411433",2,2002,NA,NA
"USC00411433",2,2003,NA,NA
"USC00411433",2,2004,NA,NA
"USC00411433",2,2005,2.46,28
"USC00411433",2,2006,0.49,28
"USC00411433",2,2007,0,28
"USC00411433",2,2008,0.31,29
"USC00411433",2,2009,0.3,28
"USC00411433",2,2010,4.37,28
"USC00411433",2,2011,0.6,28
"USC00411433",2,2012,2.8,29
"USC00411433",2,2013,0.12,28
"USC00411433",2,2014,0.42,28
"USC00411433",2,2015,0.52,28
"USC00411433",2,2016,1.09,29
"USC00411433",2,2017,3.51,28
"USC00411433",2,2018,1.22,28
"USC00411433",2,2019,0.61,28
"USC00411433",2,2020,1.74,29
"USC00411433",2,2021,1.35,28
"USC00411433",2,2022,0,28
"USC00411433",3,1990,NA,NA
"USC00411433",3,1991,NA,NA
"USC00411433",3,1992,NA,NA
"USC00411433",3,1993,NA,NA
"USC00411433",3,1994,NA,NA
"USC00411433",3,1995,NA,NA
"USC00411433",3,1996,NA,NA
"USC00411433",3,1997,NA,NA
"USC00411433",3,1998,NA,NA
"USC00411433",3,1999,NA,NA
"USC00411433",3,2000,NA,NA
"USC00411433",3,2001,NA,NA
"USC00411433",3,2002,NA,NA
"USC00411433",3,2003,NA,NA
"USC00411433",3,2004,1.54,31
"USC00411433",3,2005,3.32,31
"USC00411433",3,2006,1.98,31
"USC00411433",3,2007,17.61,31
"USC00411433",3,2008,1.82,31
"USC00411433",3,2009,3.38,31
"USC00411433",3,2010,2.06,31
"USC00411433",3,2011,0.05,31
"USC00411433",3,2012,6.03,31
"USC00411433",3,2013,0.65,31
"USC00411433",3,2014,1.18,31
"USC00411433",3,2015,2.88,31
"USC00411433",3,2016,2.37,31
"USC00411433",3,2017,2.04,31
"USC00411433",3,2018,4.29,31
"USC00411433",3,2019,0.32,31
"USC00411433",3,2020,2.11,31
"USC00411433",3,2021,2.26,31
"USC00411433",3,2022,NA,NA
"USC00411433",4,1990,NA,NA
"USC00411433",4,1991,NA,NA
"USC00411433",4,1992,NA,NA
"USC00411433",4,1993,NA,NA
"USC00411433",4,1994,NA,NA
"USC00411433",4,1995,NA,NA
"USC00411433",4,1996,NA,NA
"USC00411433",4,1997,NA,NA
"USC00411433",4,1998,NA,NA
"USC00411433",4,1999,NA,NA
"USC00411433",4,2000,NA,NA
"USC00411433",4,2001,NA,NA
"USC00411433",4,2002,NA,NA
"USC00411433",4,2003,NA,NA
"USC00411433",4,2004,6.26,30
"USC00411433",4,2005,1.49,30
"USC00411433",4,2006,2.13,30
"USC00411433",4,2007,2.82,30
"USC00411433",4,2008,1.26,30
"USC00411433",4,2009,2.08,30
"USC00411433",4,2010,1.89,30
"USC00411433",4,2011,0.11,30
"USC00411433",4,2012,0.18,30
"USC00411433",4,2013,1.92,30
"USC00411433",4,2014,0.68,30
"USC00411433",4,2015,2.4,30
"USC00411433",4,2016,5.93,30
"USC00411433",4,2017,3.62,30
"USC00411433",4,2018,0.61,30
"USC00411433",4,2019,4.58,30
"USC00411433",4,2020,3.24,30
"USC00411433",4,2021,2.27,30
"USC00411433",4,2022,NA,NA
"USC00411433",5,1990,NA,NA
"USC00411433",5,1991,NA,NA
"USC00411433",5,1992,NA,NA
"USC00411433",5,1993,NA,NA
"USC00411433",5,1994,NA,NA
"USC00411433",5,1995,NA,NA
"USC00411433",5,1996,NA,NA
"USC00411433",5,1997,NA,NA
"USC00411433",5,1998,NA,NA
"USC00411433",5,1999,NA,NA
"USC00411433",5,2000,NA,NA
"USC00411433",5,2001,NA,NA
"USC00411433",5,2002,NA,NA
"USC00411433",5,2003,NA,NA
"USC00411433",5,2004,2.03,31
"USC00411433",5,2005,4.38,31
"USC00411433",5,2006,3.34,31
"USC00411433",5,2007,5.33,31
"USC00411433",5,2008,1.24,31
"USC00411433",5,2009,0.54,31
"USC00411433",5,2010,4.41,31
"USC00411433",5,2011,0.57,31
"USC00411433",5,2012,5.09,31
"USC00411433",5,2013,8.33,31
"USC00411433",5,2014,7.54,31
"USC00411433",5,2015,19.23,31
"USC00411433",5,2016,8.65,31
"USC00411433",5,2017,1.18,31
"USC00411433",5,2018,3.38,31
"USC00411433",5,2019,5.86,31
"USC00411433",5,2020,NA,NA
"USC00411433",5,2021,6.3,31
"USC00411433",5,2022,NA,NA
"USC00411433",6,1990,NA,NA
"USC00411433",6,1991,NA,NA
"USC00411433",6,1992,NA,NA
"USC00411433",6,1993,NA,NA
"USC00411433",6,1994,NA,NA
"USC00411433",6,1995,NA,NA
"USC00411433",6,1996,NA,NA
"USC00411433",6,1997,NA,NA
"USC00411433",6,1998,NA,NA
"USC00411433",6,1999,NA,NA
"USC00411433",6,2000,NA,NA
"USC00411433",6,2001,NA,NA
"USC00411433",6,2002,NA,NA
"USC00411433",6,2003,NA,NA
"USC00411433",6,2004,11.88,30
"USC00411433",6,2005,0.72,30
"USC00411433",6,2006,0.92,30
"USC00411433",6,2007,5.54,30
"USC00411433",6,2008,0.2,30
"USC00411433",6,2009,1.42,30
"USC00411433",6,2010,1.14,30
"USC00411433",6,2011,1.5,30
"USC00411433",6,2012,0.69,30
"USC00411433",6,2013,3.51,30
"USC00411433",6,2014,2.18,30
"USC00411433",6,2015,3.15,30
"USC00411433",6,2016,6.73,30
"USC00411433",6,2017,1.55,30
"USC00411433",6,2018,0.29,30
"USC00411433",6,2019,5.23,30
"USC00411433",6,2020,0,30
"USC00411433",6,2021,3.62,30
"USC00411433",6,2022,NA,NA
"USC00411433",7,1990,NA,NA
"USC00411433",7,1991,NA,NA
"USC00411433",7,1992,NA,NA
"USC00411433",7,1993,NA,NA
"USC00411433",7,1994,NA,NA
"USC00411433",7,1995,NA,NA
"USC00411433",7,1996,NA,NA
"USC00411433",7,1997,NA,NA
"USC00411433",7,1998,NA,NA
"USC00411433",7,1999,NA,NA
"USC00411433",7,2000,NA,NA
"USC00411433",7,2001,NA,NA
"USC00411433",7,2002,NA,NA
"USC00411433",7,2003,NA,NA
"USC00411433",7,2004,1.86,31
"USC00411433",7,2005,2.66,31
"USC00411433",7,2006,3.85,31
"USC00411433",7,2007,8.85,31
"USC00411433",7,2008,3.13,31
"USC00411433",7,2009,0.9,31
"USC00411433",7,2010,4,31
"USC00411433",7,2011,0.37,31
"USC00411433",7,2012,4.03,31
"USC00411433",7,2013,1.76,31
"USC00411433",7,2014,2.54,31
"USC00411433",7,2015,0.25,31
"USC00411433",7,2016,1.36,31
"USC00411433",7,2017,0.71,31
"USC00411433",7,2018,2.57,31
"USC00411433",7,2019,0.45,31
"USC00411433",7,2020,0.2,31
"USC00411433",7,2021,3.77,31
"USC00411433",7,2022,NA,NA
"USC00411433",8,1990,NA,NA
"USC00411433",8,1991,NA,NA
"USC00411433",8,1992,NA,NA
"USC00411433",8,1993,NA,NA
"USC00411433",8,1994,NA,NA
"USC00411433",8,1995,NA,NA
"USC00411433",8,1996,NA,NA
"USC00411433",8,1997,NA,NA
"USC00411433",8,1998,NA,NA
"USC00411433",8,1999,NA,NA
"USC00411433",8,2000,NA,NA
"USC00411433",8,2001,NA,NA
"USC00411433",8,2002,NA,NA
"USC00411433",8,2003,NA,NA
"USC00411433",8,2004,1.45,31
"USC00411433",8,2005,2.19,31
"USC00411433",8,2006,1.5,31
"USC00411433",8,2007,4.79,31
"USC00411433",8,2008,5.22,31
"USC00411433",8,2009,1,31
"USC00411433",8,2010,0.22,31
"USC00411433",8,2011,0,31
"USC00411433",8,2012,2.09,31
"USC00411433",8,2013,0.65,31
"USC00411433",8,2014,0.14,31
"USC00411433",8,2015,0.38,31
"USC00411433",8,2016,5.43,31
"USC00411433",8,2017,6.45,31
"USC00411433",8,2018,0.95,31
"USC00411433",8,2019,0,31
"USC00411433",8,2020,1.17,31
"USC00411433",8,2021,9.04,31
"USC00411433",8,2022,NA,NA
"USC00411433",9,1990,NA,NA
"USC00411433",9,1991,NA,NA
"USC00411433",9,1992,NA,NA
"USC00411433",9,1993,NA,NA
"USC00411433",9,1994,NA,NA
"USC00411433",9,1995,NA,NA
"USC00411433",9,1996,NA,NA
"USC00411433",9,1997,NA,NA
"USC00411433",9,1998,NA,NA
"USC00411433",9,1999,NA,NA
"USC00411433",9,2000,NA,NA
"USC00411433",9,2001,NA,NA
"USC00411433",9,2002,NA,NA
"USC00411433",9,2003,NA,NA
"USC00411433",9,2004,0.89,30
"USC00411433",9,2005,2.14,30
"USC00411433",9,2006,2.68,30
"USC00411433",9,2007,2.51,30
"USC00411433",9,2008,0,30
"USC00411433",9,2009,5.75,30
"USC00411433",9,2010,9.24,30
"USC00411433",9,2011,3.27,30
"USC00411433",9,2012,7.29,30
"USC00411433",9,2013,4.99,30
"USC00411433",9,2014,7.49,30
"USC00411433",9,2015,0.75,30
"USC00411433",9,2016,4.6,30
"USC00411433",9,2017,3.1,30
"USC00411433",9,2018,15.13,30
"USC00411433",9,2019,0.66,30
"USC00411433",9,2020,3.67,30
"USC00411433",9,2021,4.61,30
"USC00411433",9,2022,NA,NA
"USC00411433",10,1990,NA,NA
"USC00411433",10,1991,NA,NA
"USC00411433",10,1992,NA,NA
"USC00411433",10,1993,NA,NA
"USC00411433",10,1994,NA,NA
"USC00411433",10,1995,NA,NA
"USC00411433",10,1996,NA,NA
"USC00411433",10,1997,NA,NA
"USC00411433",10,1998,NA,NA
"USC00411433",10,1999,NA,NA
"USC00411433",10,2000,NA,NA
"USC00411433",10,2001,NA,NA
"USC00411433",10,2002,NA,NA
"USC00411433",10,2003,NA,NA
"USC00411433",10,2004,8.1,31
"USC00411433",10,2005,1.72,31
"USC00411433",10,2006,2.92,31
"USC00411433",10,2007,1.38,31
"USC00411433",10,2008,0.38,31
"USC00411433",10,2009,11.9,31
"USC00411433",10,2010,0,31
"USC00411433",10,2011,2.97,31
"USC00411433",10,2012,1.71,31
"USC00411433",10,2013,7.22,31
"USC00411433",10,2014,1.78,31
"USC00411433",10,2015,15.15,31
"USC00411433",10,2016,0.14,31
"USC00411433",10,2017,0.34,31
"USC00411433",10,2018,6.24,31
"USC00411433",10,2019,2.39,31
"USC00411433",10,2020,0.07,31
"USC00411433",10,2021,6.33,31
"USC00411433",10,2022,NA,NA
"USC00411433",11,1990,NA,NA
"USC00411433",11,1991,NA,NA
"USC00411433",11,1992,NA,NA
"USC00411433",11,1993,NA,NA
"USC00411433",11,1994,NA,NA
"USC00411433",11,1995,NA,NA
"USC00411433",11,1996,NA,NA
"USC00411433",11,1997,NA,NA
"USC00411433",11,1998,NA,NA
"USC00411433",11,1999,NA,NA
"USC00411433",11,2000,NA,NA
"USC00411433",11,2001,NA,NA
"USC00411433",11,2002,NA,NA
"USC00411433",11,2003,NA,NA
"USC00411433",11,2004,9.96,30
"USC00411433",11,2005,0.24,30
"USC00411433",11,2006,0.85,30
"USC00411433",11,2007,0.74,30
"USC00411433",11,2008,0,30
"USC00411433",11,2009,3.79,30
"USC00411433",11,2010,0.45,30
"USC00411433",11,2011,2.41,30
"USC00411433",11,2012,0,30
"USC00411433",11,2013,2.08,30
"USC00411433",11,2014,5.32,30
"USC00411433",11,2015,3.12,30
"USC00411433",11,2016,3.6,30
"USC00411433",11,2017,0.77,30
"USC00411433",11,2018,0.69,30
"USC00411433",11,2019,0.63,30
"USC00411433",11,2020,NA,NA
"USC00411433",11,2021,1.82,30
"USC00411433",11,2022,NA,NA
"USC00411433",12,1990,NA,NA
"USC00411433",12,1991,NA,NA
"USC00411433",12,1992,NA,NA
"USC00411433",12,1993,NA,NA
"USC00411433",12,1994,NA,NA
"USC00411433",12,1995,NA,NA
"USC00411433",12,1996,NA,NA
"USC00411433",12,1997,NA,NA
"USC00411433",12,1998,NA,NA
"USC00411433",12,1999,NA,NA
"USC00411433",12,2000,NA,NA
"USC00411433",12,2001,NA,NA
"USC00411433",12,2002,NA,NA
"USC00411433",12,2003,NA,NA
"USC00411433",12,2004,0.27,31
"USC00411433",12,2005,0,31
"USC00411433",12,2006,2.34,31
"USC00411433",12,2007,0.56,31
"USC00411433",12,2008,0.32,31
"USC00411433",12,2009,2.38,31
"USC00411433",12,2010,1.06,31
"USC00411433",12,2011,3.29,31
"USC00411433",12,2012,0.54,31
"USC00411433",12,2013,0.66,31
"USC00411433",12,2014,1.68,31
"USC00411433",12,2015,1.62,31
"USC00411433",12,2016,3.66,31
"USC00411433",12,2017,3.7,31
"USC00411433",12,2018,3.78,31
"USC00411433",12,2019,0.71,31
"USC00411433",12,2020,1.08,31
"USC00411433",12,2021,0.36,31
"USC00411433",12,2022,NA,NA
"USC00411434",1,1990,NA,NA
"USC00411434",1,1991,NA,NA
"USC00411434",1,1992,NA,NA
"USC00411434",1,1993,NA,NA
"USC00411434",1,1994,NA,NA
"USC00411434",1,1995,NA,NA
"USC00411434",1,1996,NA,NA
"USC00411434",1,1997,NA,NA
"USC00411434",1,1998,NA,NA
"USC00411434",1,1999,NA,NA
"USC00411434",1,2000,NA,NA
"USC00411434",1,2001,NA,NA
"USC00411434",1,2002,NA,NA
"USC00411434",1,2003,NA,NA
"USC00411434",1,2004,NA,NA
"USC00411434",1,2005,NA,NA
"USC00411434",1,2006,NA,NA
"USC00411434",1,2007,NA,NA
"USC00411434",1,2008,NA,NA
"USC00411434",1,2009,NA,NA
"USC00411434",1,2010,4.89,31
"USC00411434",1,2011,2.05,31
"USC00411434",1,2012,4.26,31
"USC00411434",1,2013,3.24,31
"USC00411434",1,2014,0.26,31
"USC00411434",1,2015,4.41,31
"USC00411434",1,2016,1.18,31
"USC00411434",1,2017,4.73,31
"USC00411434",1,2018,0.44,31
"USC00411434",1,2019,1.51,31
"USC00411434",1,2020,2.25,31
"USC00411434",1,2021,1.61,31
"USC00411434",1,2022,NA,NA
"USC00411434",2,1990,NA,NA
"USC00411434",2,1991,NA,NA
"USC00411434",2,1992,NA,NA
"USC00411434",2,1993,NA,NA
"USC00411434",2,1994,NA,NA
"USC00411434",2,1995,NA,NA
"USC00411434",2,1996,NA,NA
"USC00411434",2,1997,NA,NA
"USC00411434",2,1998,NA,NA
"USC00411434",2,1999,NA,NA
"USC00411434",2,2000,NA,NA
"USC00411434",2,2001,NA,NA
"USC00411434",2,2002,NA,NA
"USC00411434",2,2003,NA,NA
"USC00411434",2,2004,NA,NA
"USC00411434",2,2005,NA,NA
"USC00411434",2,2006,NA,NA
"USC00411434",2,2007,NA,NA
"USC00411434",2,2008,NA,NA
"USC00411434",2,2009,NA,NA
"USC00411434",2,2010,3.17,28
"USC00411434",2,2011,0.7,28
"USC00411434",2,2012,3.55,29
"USC00411434",2,2013,0.49,28
"USC00411434",2,2014,0.45,28
"USC00411434",2,2015,0.89,28
"USC00411434",2,2016,1.05,29
"USC00411434",2,2017,3.81,28
"USC00411434",2,2018,2.2,28
"USC00411434",2,2019,0.87,28
"USC00411434",2,2020,2,29
"USC00411434",2,2021,NA,NA
"USC00411434",2,2022,NA,NA
"USC00411434",3,1990,NA,NA
"USC00411434",3,1991,NA,NA
"USC00411434",3,1992,NA,NA
"USC00411434",3,1993,NA,NA
"USC00411434",3,1994,NA,NA
"USC00411434",3,1995,NA,NA
"USC00411434",3,1996,NA,NA
"USC00411434",3,1997,NA,NA
"USC00411434",3,1998,NA,NA
"USC00411434",3,1999,NA,NA
"USC00411434",3,2000,NA,NA
"USC00411434",3,2001,NA,NA
"USC00411434",3,2002,NA,NA
"USC00411434",3,2003,NA,NA
"USC00411434",3,2004,NA,NA
"USC00411434",3,2005,NA,NA
"USC00411434",3,2006,NA,NA
"USC00411434",3,2007,NA,NA
"USC00411434",3,2008,NA,NA
"USC00411434",3,2009,3.45,31
"USC00411434",3,2010,2.84,31
"USC00411434",3,2011,0.08,31
"USC00411434",3,2012,4.72,31
"USC00411434",3,2013,0.75,31
"USC00411434",3,2014,1.16,31
"USC00411434",3,2015,3.29,31
"USC00411434",3,2016,2.41,31
"USC00411434",3,2017,2.68,31
"USC00411434",3,2018,4.39,31
"USC00411434",3,2019,0.39,31
"USC00411434",3,2020,2.9,31
"USC00411434",3,2021,NA,NA
"USC00411434",3,2022,NA,NA
"USC00411434",4,1990,NA,NA
"USC00411434",4,1991,NA,NA
"USC00411434",4,1992,NA,NA
"USC00411434",4,1993,NA,NA
"USC00411434",4,1994,NA,NA
"USC00411434",4,1995,NA,NA
"USC00411434",4,1996,NA,NA
"USC00411434",4,1997,NA,NA
"USC00411434",4,1998,NA,NA
"USC00411434",4,1999,NA,NA
"USC00411434",4,2000,NA,NA
"USC00411434",4,2001,NA,NA
"USC00411434",4,2002,NA,NA
"USC00411434",4,2003,NA,NA
"USC00411434",4,2004,NA,NA
"USC00411434",4,2005,NA,NA
"USC00411434",4,2006,NA,NA
"USC00411434",4,2007,NA,NA
"USC00411434",4,2008,NA,NA
"USC00411434",4,2009,3.08,30
"USC00411434",4,2010,1.84,30
"USC00411434",4,2011,0.12,30
"USC00411434",4,2012,0.11,30
"USC00411434",4,2013,1.93,30
"USC00411434",4,2014,0.45,30
"USC00411434",4,2015,3.6,30
"USC00411434",4,2016,6.14,30
"USC00411434",4,2017,4.11,30
"USC00411434",4,2018,0.59,30
"USC00411434",4,2019,4.05,30
"USC00411434",4,2020,NA,NA
"USC00411434",4,2021,NA,NA
"USC00411434",4,2022,NA,NA
"USC00411434",5,1990,NA,NA
"USC00411434",5,1991,NA,NA
"USC00411434",5,1992,NA,NA
"USC00411434",5,1993,NA,NA
"USC00411434",5,1994,NA,NA
"USC00411434",5,1995,NA,NA
"USC00411434",5,1996,NA,NA
"USC00411434",5,1997,NA,NA
"USC00411434",5,1998,NA,NA
"USC00411434",5,1999,NA,NA
"USC00411434",5,2000,NA,NA
"USC00411434",5,2001,NA,NA
"USC00411434",5,2002,NA,NA
"USC00411434",5,2003,NA,NA
"USC00411434",5,2004,NA,NA
"USC00411434",5,2005,NA,NA
"USC00411434",5,2006,NA,NA
"USC00411434",5,2007,NA,NA
"USC00411434",5,2008,NA,NA
"USC00411434",5,2009,0.65,31
"USC00411434",5,2010,5.02,31
"USC00411434",5,2011,0.86,31
"USC00411434",5,2012,6.67,31
"USC00411434",5,2013,7.84,31
"USC00411434",5,2014,8.68,31
"USC00411434",5,2015,17.19,31
"USC00411434",5,2016,7.08,31
"USC00411434",5,2017,1.04,31
"USC00411434",5,2018,2.91,31
"USC00411434",5,2019,5.85,31
"USC00411434",5,2020,NA,NA
"USC00411434",5,2021,NA,NA
"USC00411434",5,2022,NA,NA
"USC00411434",6,1990,NA,NA
"USC00411434",6,1991,NA,NA
"USC00411434",6,1992,NA,NA
"USC00411434",6,1993,NA,NA
"USC00411434",6,1994,NA,NA
"USC00411434",6,1995,NA,NA
"USC00411434",6,1996,NA,NA
"USC00411434",6,1997,NA,NA
"USC00411434",6,1998,NA,NA
"USC00411434",6,1999,NA,NA
"USC00411434",6,2000,NA,NA
"USC00411434",6,2001,NA,NA
"USC00411434",6,2002,NA,NA
"USC00411434",6,2003,NA,NA
"USC00411434",6,2004,NA,NA
"USC00411434",6,2005,NA,NA
"USC00411434",6,2006,NA,NA
"USC00411434",6,2007,NA,NA
"USC00411434",6,2008,NA,NA
"USC00411434",6,2009,0.81,30
"USC00411434",6,2010,1.56,30
"USC00411434",6,2011,1.52,30
"USC00411434",6,2012,0.75,30
"USC00411434",6,2013,2.03,30
"USC00411434",6,2014,1.58,30
"USC00411434",6,2015,4.28,30
"USC00411434",6,2016,5.53,30
"USC00411434",6,2017,1.23,30
"USC00411434",6,2018,0.67,30
"USC00411434",6,2019,6.27,30
"USC00411434",6,2020,NA,NA
"USC00411434",6,2021,NA,NA
"USC00411434",6,2022,NA,NA
"USC00411434",7,1990,NA,NA
"USC00411434",7,1991,NA,NA
"USC00411434",7,1992,NA,NA
"USC00411434",7,1993,NA,NA
"USC00411434",7,1994,NA,NA
"USC00411434",7,1995,NA,NA
"USC00411434",7,1996,NA,NA
"USC00411434",7,1997,NA,NA
"USC00411434",7,1998,NA,NA
"USC00411434",7,1999,NA,NA
"USC00411434",7,2000,NA,NA
"USC00411434",7,2001,NA,NA
"USC00411434",7,2002,NA,NA
"USC00411434",7,2003,NA,NA
"USC00411434",7,2004,NA,NA
"USC00411434",7,2005,NA,NA
"USC00411434",7,2006,NA,NA
"USC00411434",7,2007,NA,NA
"USC00411434",7,2008,NA,NA
"USC00411434",7,2009,1.28,31
"USC00411434",7,2010,5.23,31
"USC00411434",7,2011,0.68,31
"USC00411434",7,2012,4.11,31
"USC00411434",7,2013,1.88,31
"USC00411434",7,2014,1.26,31
"USC00411434",7,2015,0.05,31
"USC00411434",7,2016,1.49,31
"USC00411434",7,2017,0.31,31
"USC00411434",7,2018,2.61,31
"USC00411434",7,2019,0.73,31
"USC00411434",7,2020,NA,NA
"USC00411434",7,2021,NA,NA
"USC00411434",7,2022,NA,NA
"USC00411434",8,1990,NA,NA
"USC00411434",8,1991,NA,NA
"USC00411434",8,1992,NA,NA
"USC00411434",8,1993,NA,NA
"USC00411434",8,1994,NA,NA
"USC00411434",8,1995,NA,NA
"USC00411434",8,1996,NA,NA
"USC00411434",8,1997,NA,NA
"USC00411434",8,1998,NA,NA
"USC00411434",8,1999,NA,NA
"USC00411434",8,2000,NA,NA
"USC00411434",8,2001,NA,NA
"USC00411434",8,2002,NA,NA
"USC00411434",8,2003,NA,NA
"USC00411434",8,2004,NA,NA
"USC00411434",8,2005,NA,NA
"USC00411434",8,2006,NA,NA
"USC00411434",8,2007,NA,NA
"USC00411434",8,2008,NA,NA
"USC00411434",8,2009,1.77,31
"USC00411434",8,2010,0.53,31
"USC00411434",8,2011,0,31
"USC00411434",8,2012,0.81,31
"USC00411434",8,2013,0.66,31
"USC00411434",8,2014,0.55,31
"USC00411434",8,2015,0.2,31
"USC00411434",8,2016,5.21,31
"USC00411434",8,2017,6.75,31
"USC00411434",8,2018,1.21,31
"USC00411434",8,2019,0,31
"USC00411434",8,2020,NA,NA
"USC00411434",8,2021,10.45,31
"USC00411434",8,2022,NA,NA
"USC00411434",9,1990,NA,NA
"USC00411434",9,1991,NA,NA
"USC00411434",9,1992,NA,NA
"USC00411434",9,1993,NA,NA
"USC00411434",9,1994,NA,NA
"USC00411434",9,1995,NA,NA
"USC00411434",9,1996,NA,NA
"USC00411434",9,1997,NA,NA
"USC00411434",9,1998,NA,NA
"USC00411434",9,1999,NA,NA
"USC00411434",9,2000,NA,NA
"USC00411434",9,2001,NA,NA
"USC00411434",9,2002,NA,NA
"USC00411434",9,2003,NA,NA
"USC00411434",9,2004,NA,NA
"USC00411434",9,2005,NA,NA
"USC00411434",9,2006,NA,NA
"USC00411434",9,2007,NA,NA
"USC00411434",9,2008,NA,NA
"USC00411434",9,2009,10.37,30
"USC00411434",9,2010,12.44,30
"USC00411434",9,2011,1.54,30
"USC00411434",9,2012,6.75,30
"USC00411434",9,2013,5.88,30
"USC00411434",9,2014,7.59,30
"USC00411434",9,2015,1.26,30
"USC00411434",9,2016,3.42,30
"USC00411434",9,2017,2.93,30
"USC00411434",9,2018,15.29,30
"USC00411434",9,2019,0.61,30
"USC00411434",9,2020,NA,NA
"USC00411434",9,2021,4.6,30
"USC00411434",9,2022,NA,NA
"USC00411434",10,1990,NA,NA
"USC00411434",10,1991,NA,NA
"USC00411434",10,1992,NA,NA
"USC00411434",10,1993,NA,NA
"USC00411434",10,1994,NA,NA
"USC00411434",10,1995,NA,NA
"USC00411434",10,1996,NA,NA
"USC00411434",10,1997,NA,NA
"USC00411434",10,1998,NA,NA
"USC00411434",10,1999,NA,NA
"USC00411434",10,2000,NA,NA
"USC00411434",10,2001,NA,NA
"USC00411434",10,2002,NA,NA
"USC00411434",10,2003,NA,NA
"USC00411434",10,2004,NA,NA
"USC00411434",10,2005,NA,NA
"USC00411434",10,2006,NA,NA
"USC00411434",10,2007,NA,NA
"USC00411434",10,2008,NA,NA
"USC00411434",10,2009,10.5,31
"USC00411434",10,2010,0.04,31
"USC00411434",10,2011,3.24,31
"USC00411434",10,2012,1.67,31
"USC00411434",10,2013,8.99,31
"USC00411434",10,2014,1.09,31
"USC00411434",10,2015,14.4,31
"USC00411434",10,2016,0.08,31
"USC00411434",10,2017,0.32,31
"USC00411434",10,2018,6.7,31
"USC00411434",10,2019,4.27,31
"USC00411434",10,2020,NA,NA
"USC00411434",10,2021,5.16,31
"USC00411434",10,2022,NA,NA
"USC00411434",11,1990,NA,NA
"USC00411434",11,1991,NA,NA
"USC00411434",11,1992,NA,NA
"USC00411434",11,1993,NA,NA
"USC00411434",11,1994,NA,NA
"USC00411434",11,1995,NA,NA
"USC00411434",11,1996,NA,NA
"USC00411434",11,1997,NA,NA
"USC00411434",11,1998,NA,NA
"USC00411434",11,1999,NA,NA
"USC00411434",11,2000,NA,NA
"USC00411434",11,2001,NA,NA
"USC00411434",11,2002,NA,NA
"USC00411434",11,2003,NA,NA
"USC00411434",11,2004,NA,NA
"USC00411434",11,2005,NA,NA
"USC00411434",11,2006,NA,NA
"USC00411434",11,2007,NA,NA
"USC00411434",11,2008,NA,NA
"USC00411434",11,2009,3.24,30
"USC00411434",11,2010,0.59,30
"USC00411434",11,2011,2.74,30
"USC00411434",11,2012,0,30
"USC00411434",11,2013,2.01,30
"USC00411434",11,2014,6.64,30
"USC00411434",11,2015,3.48,30
"USC00411434",11,2016,3.19,30
"USC00411434",11,2017,1.13,30
"USC00411434",11,2018,0.87,30
"USC00411434",11,2019,0.88,30
"USC00411434",11,2020,NA,NA
"USC00411434",11,2021,NA,NA
"USC00411434",11,2022,NA,NA
"USC00411434",12,1990,NA,NA
"USC00411434",12,1991,NA,NA
"USC00411434",12,1992,NA,NA
"USC00411434",12,1993,NA,NA
"USC00411434",12,1994,NA,NA
"USC00411434",12,1995,NA,NA
"USC00411434",12,1996,NA,NA
"USC00411434",12,1997,NA,NA
"USC00411434",12,1998,NA,NA
"USC00411434",12,1999,NA,NA
"USC00411434",12,2000,NA,NA
"USC00411434",12,2001,NA,NA
"USC00411434",12,2002,NA,NA
"USC00411434",12,2003,NA,NA
"USC00411434",12,2004,NA,NA
"USC00411434",12,2005,NA,NA
"USC00411434",12,2006,NA,NA
"USC00411434",12,2007,NA,NA
"USC00411434",12,2008,NA,NA
"USC00411434",12,2009,2.39,31
"USC00411434",12,2010,0.97,31
"USC00411434",12,2011,3.65,31
"USC00411434",12,2012,0.42,31
"USC00411434",12,2013,0.82,31
"USC00411434",12,2014,1.09,31
"USC00411434",12,2015,2.06,31
"USC00411434",12,2016,3.83,31
"USC00411434",12,2017,3.44,31
"USC00411434",12,2018,3.8,31
"USC00411434",12,2019,0.77,31
"USC00411434",12,2020,NA,NA
"USC00411434",12,2021,NA,NA
"USC00411434",12,2022,NA,NA
"USC00411920",1,1990,0.77,31
"USC00411920",1,1991,3.52,31
"USC00411920",1,1992,3.43,31
"USC00411920",1,1993,1.73,31
"USC00411920",1,1994,1.68,31
"USC00411920",1,1995,NA,NA
"USC00411920",1,1996,NA,NA
"USC00411920",1,1997,1.25,31
"USC00411920",1,1998,1.73,31
"USC00411920",1,1999,0,31
"USC00411920",1,2000,1.05,31
"USC00411920",1,2001,3.9,31
"USC00411920",1,2002,0,31
"USC00411920",1,2003,0.87,31
"USC00411920",1,2004,4.4,31
"USC00411920",1,2005,2.45,31
"USC00411920",1,2006,0.42,31
"USC00411920",1,2007,3.56,31
"USC00411920",1,2008,0.45,31
"USC00411920",1,2009,0.39,31
"USC00411920",1,2010,4.11,31
"USC00411920",1,2011,1.85,31
"USC00411920",1,2012,1.66,31
"USC00411920",1,2013,2.65,31
"USC00411920",1,2014,0.18,31
"USC00411920",1,2015,3.75,31
"USC00411920",1,2016,0.85,31
"USC00411920",1,2017,2.06,31
"USC00411920",1,2018,0.19,31
"USC00411920",1,2019,1.34,31
"USC00411920",1,2020,4.82,31
"USC00411920",1,2021,1.28,31
"USC00411920",1,2022,NA,NA
"USC00411920",2,1990,2.67,28
"USC00411920",2,1991,2.19,28
"USC00411920",2,1992,6.63,29
"USC00411920",2,1993,1.44,28
"USC00411920",2,1994,2.44,28
"USC00411920",2,1995,NA,NA
"USC00411920",2,1996,NA,NA
"USC00411920",2,1997,3.67,28
"USC00411920",2,1998,4.71,28
"USC00411920",2,1999,0,28
"USC00411920",2,2000,1.74,29
"USC00411920",2,2001,1.19,28
"USC00411920",2,2002,0,28
"USC00411920",2,2003,3.95,28
"USC00411920",2,2004,2.86,29
"USC00411920",2,2005,2.77,28
"USC00411920",2,2006,0.36,28
"USC00411920",2,2007,0.06,28
"USC00411920",2,2008,0.22,29
"USC00411920",2,2009,0.24,28
"USC00411920",2,2010,3.41,28
"USC00411920",2,2011,0.49,28
"USC00411920",2,2012,2.89,29
"USC00411920",2,2013,0.07,28
"USC00411920",2,2014,0.39,28
"USC00411920",2,2015,1.11,28
"USC00411920",2,2016,1.29,29
"USC00411920",2,2017,2.11,28
"USC00411920",2,2018,1.87,28
"USC00411920",2,2019,0.4,28
"USC00411920",2,2020,2.29,29
"USC00411920",2,2021,1.91,28
"USC00411920",2,2022,0,28
"USC00411920",3,1990,4.84,31
"USC00411920",3,1991,0.76,31
"USC00411920",3,1992,5.99,31
"USC00411920",3,1993,NA,NA
"USC00411920",3,1994,2.88,31
"USC00411920",3,1995,NA,NA
"USC00411920",3,1996,NA,NA
"USC00411920",3,1997,3.32,31
"USC00411920",3,1998,4.76,31
"USC00411920",3,1999,3.35,31
"USC00411920",3,2000,0.68,31
"USC00411920",3,2001,2.82,31
"USC00411920",3,2002,1.26,31
"USC00411920",3,2003,2,31
"USC00411920",3,2004,2.3,31
"USC00411920",3,2005,2.05,31
"USC00411920",3,2006,2.18,31
"USC00411920",3,2007,11.88,31
"USC00411920",3,2008,1.28,31
"USC00411920",3,2009,4.63,31
"USC00411920",3,2010,2.37,31
"USC00411920",3,2011,0.01,31
"USC00411920",3,2012,4.16,31
"USC00411920",3,2013,0.58,31
"USC00411920",3,2014,0.38,31
"USC00411920",3,2015,2.08,31
"USC00411920",3,2016,2.87,31
"USC00411920",3,2017,1.17,31
"USC00411920",3,2018,1.09,31
"USC00411920",3,2019,0.41,31
"USC00411920",3,2020,2.38,31
"USC00411920",3,2021,1.67,31
"USC00411920",3,2022,NA,NA
"USC00411920",4,1990,3.9,30
"USC00411920",4,1991,NA,NA
"USC00411920",4,1992,1.47,30
"USC00411920",4,1993,2.17,30
"USC00411920",4,1994,3.75,30
"USC00411920",4,1995,NA,NA
"USC00411920",4,1996,NA,NA
"USC00411920",4,1997,6.65,30
"USC00411920",4,1998,0,30
"USC00411920",4,1999,1.42,30
"USC00411920",4,2000,0.95,30
"USC00411920",4,2001,2.17,30
"USC00411920",4,2002,0.76,30
"USC00411920",4,2003,0.1,30
"USC00411920",4,2004,8.42,30
"USC00411920",4,2005,1.06,30
"USC00411920",4,2006,2.5,30
"USC00411920",4,2007,1.86,30
"USC00411920",4,2008,0.6,30
"USC00411920",4,2009,3.11,30
"USC00411920",4,2010,3.81,30
"USC00411920",4,2011,0.18,30
"USC00411920",4,2012,0.05,30
"USC00411920",4,2013,1.85,30
"USC00411920",4,2014,0.62,30
"USC00411920",4,2015,4.4,30
"USC00411920",4,2016,6.63,30
"USC00411920",4,2017,1.73,30
"USC00411920",4,2018,0.69,30
"USC00411920",4,2019,3.37,30
"USC00411920",4,2020,NA,NA
"USC00411920",4,2021,2.59,30
"USC00411920",4,2022,NA,NA
"USC00411920",5,1990,4.26,31
"USC00411920",5,1991,5.25,31
"USC00411920",5,1992,NA,NA
"USC00411920",5,1993,NA,NA
"USC00411920",5,1994,2.87,31
"USC00411920",5,1995,NA,NA
"USC00411920",5,1996,NA,NA
"USC00411920",5,1997,5.12,31
"USC00411920",5,1998,0.58,31
"USC00411920",5,1999,3.46,31
"USC00411920",5,2000,3.48,31
"USC00411920",5,2001,2.57,31
"USC00411920",5,2002,1.8,31
"USC00411920",5,2003,1,31
"USC00411920",5,2004,1.98,31
"USC00411920",5,2005,4.04,31
"USC00411920",5,2006,4.78,31
"USC00411920",5,2007,8.23,31
"USC00411920",5,2008,2.27,31
"USC00411920",5,2009,3.34,31
"USC00411920",5,2010,2.2,31
"USC00411920",5,2011,0.77,31
"USC00411920",5,2012,4.68,31
"USC00411920",5,2013,6.14,31
"USC00411920",5,2014,7.29,31
"USC00411920",5,2015,15.57,31
"USC00411920",5,2016,8.7,31
"USC00411920",5,2017,2.68,31
"USC00411920",5,2018,2.4,31
"USC00411920",5,2019,4.94,31
"USC00411920",5,2020,4.23,31
"USC00411920",5,2021,6.2,31
"USC00411920",5,2022,NA,NA
"USC00411920",6,1990,0,30
"USC00411920",6,1991,4.15,30
"USC00411920",6,1992,5.06,30
"USC00411920",6,1993,3.08,30
"USC00411920",6,1994,2.86,30
"USC00411920",6,1995,NA,NA
"USC00411920",6,1996,NA,NA
"USC00411920",6,1997,13.05,30
"USC00411920",6,1998,2.49,30
"USC00411920",6,1999,5.3,30
"USC00411920",6,2000,3.67,30
"USC00411920",6,2001,0.3,30
"USC00411920",6,2002,5.97,30
"USC00411920",6,2003,6.8,30
"USC00411920",6,2004,11.46,30
"USC00411920",6,2005,1.47,30
"USC00411920",6,2006,3.28,30
"USC00411920",6,2007,5.35,30
"USC00411920",6,2008,0.31,30
"USC00411920",6,2009,0.79,30
"USC00411920",6,2010,2.57,30
"USC00411920",6,2011,0.53,30
"USC00411920",6,2012,0.57,30
"USC00411920",6,2013,0.83,30
"USC00411920",6,2014,1.11,30
"USC00411920",6,2015,3.3,30
"USC00411920",6,2016,1.72,30
"USC00411920",6,2017,1.75,30
"USC00411920",6,2018,0.31,30
"USC00411920",6,2019,6.72,30
"USC00411920",6,2020,1.41,30
"USC00411920",6,2021,4.62,30
"USC00411920",6,2022,NA,NA
"USC00411920",7,1990,6.81,31
"USC00411920",7,1991,1.22,31
"USC00411920",7,1992,4.08,31
"USC00411920",7,1993,NA,NA
"USC00411920",7,1994,0.07,31
"USC00411920",7,1995,NA,NA
"USC00411920",7,1996,NA,NA
"USC00411920",7,1997,0.62,31
"USC00411920",7,1998,0,31
"USC00411920",7,1999,1.86,31
"USC00411920",7,2000,0,31
"USC00411920",7,2001,0,31
"USC00411920",7,2002,32.5,31
"USC00411920",7,2003,4.18,31
"USC00411920",7,2004,0.84,31
"USC00411920",7,2005,2.76,31
"USC00411920",7,2006,1.12,31
"USC00411920",7,2007,9.16,31
"USC00411920",7,2008,2.66,31
"USC00411920",7,2009,2,31
"USC00411920",7,2010,3.43,31
"USC00411920",7,2011,0.12,31
"USC00411920",7,2012,1.86,31
"USC00411920",7,2013,3.11,31
"USC00411920",7,2014,0.21,31
"USC00411920",7,2015,0.08,31
"USC00411920",7,2016,0.81,31
"USC00411920",7,2017,1.7,31
"USC00411920",7,2018,2.29,31
"USC00411920",7,2019,0.17,31
"USC00411920",7,2020,NA,NA
"USC00411920",7,2021,2.77,31
"USC00411920",7,2022,NA,NA
"USC00411920",8,1990,1.43,31
"USC00411920",8,1991,1.95,31
"USC00411920",8,1992,NA,NA
"USC00411920",8,1993,0,31
"USC00411920",8,1994,0.92,31
"USC00411920",8,1995,NA,NA
"USC00411920",8,1996,2.86,31
"USC00411920",8,1997,1.42,31
"USC00411920",8,1998,7.2,31
"USC00411920",8,1999,0.2,31
"USC00411920",8,2000,2.45,31
"USC00411920",8,2001,4.25,31
"USC00411920",8,2002,0.86,31
"USC00411920",8,2003,3.11,31
"USC00411920",8,2004,8.21,31
"USC00411920",8,2005,3.61,31
"USC00411920",8,2006,0.58,31
"USC00411920",8,2007,9.98,31
"USC00411920",8,2008,3.75,31
"USC00411920",8,2009,0.81,31
"USC00411920",8,2010,0.3,31
"USC00411920",8,2011,0,31
"USC00411920",8,2012,0.17,31
"USC00411920",8,2013,0.36,31
"USC00411920",8,2014,2.21,31
"USC00411920",8,2015,1.24,31
"USC00411920",8,2016,5.09,31
"USC00411920",8,2017,2.37,31
"USC00411920",8,2018,1.08,31
"USC00411920",8,2019,0.35,31
"USC00411920",8,2020,0.85,31
"USC00411920",8,2021,1.65,31
"USC00411920",8,2022,NA,NA
"USC00411920",9,1990,3.58,30
"USC00411920",9,1991,6.74,30
"USC00411920",9,1992,0.78,30
"USC00411920",9,1993,3.78,30
"USC00411920",9,1994,4.41,30
"USC00411920",9,1995,NA,NA
"USC00411920",9,1996,4.44,30
"USC00411920",9,1997,0.29,30
"USC00411920",9,1998,1.92,30
"USC00411920",9,1999,0.07,30
"USC00411920",9,2000,4.17,30
"USC00411920",9,2001,5.23,30
"USC00411920",9,2002,5.33,30
"USC00411920",9,2003,3.42,30
"USC00411920",9,2004,1.44,30
"USC00411920",9,2005,0.69,30
"USC00411920",9,2006,4.15,30
"USC00411920",9,2007,2.88,30
"USC00411920",9,2008,0.62,30
"USC00411920",9,2009,2.66,30
"USC00411920",9,2010,7.58,30
"USC00411920",9,2011,0.7,30
"USC00411920",9,2012,4.71,30
"USC00411920",9,2013,4.22,30
"USC00411920",9,2014,4.52,30
"USC00411920",9,2015,0.01,30
"USC00411920",9,2016,3.12,30
"USC00411920",9,2017,4.7,30
"USC00411920",9,2018,10.35,30
"USC00411920",9,2019,0.68,30
"USC00411920",9,2020,NA,NA
"USC00411920",9,2021,NA,NA
"USC00411920",9,2022,NA,NA
"USC00411920",10,1990,1.34,31
"USC00411920",10,1991,2.11,31
"USC00411920",10,1992,0.11,31
"USC00411920",10,1993,6.89,31
"USC00411920",10,1994,4.36,31
"USC00411920",10,1995,NA,NA
"USC00411920",10,1996,1.47,31
"USC00411920",10,1997,3.11,31
"USC00411920",10,1998,6,31
"USC00411920",10,1999,2.16,31
"USC00411920",10,2000,7.14,31
"USC00411920",10,2001,3.46,31
"USC00411920",10,2002,13.17,31
"USC00411920",10,2003,3.02,31
"USC00411920",10,2004,9.3,31
"USC00411920",10,2005,1.5,31
"USC00411920",10,2006,2.73,31
"USC00411920",10,2007,1.6,31
"USC00411920",10,2008,1.8,31
"USC00411920",10,2009,5.13,31
"USC00411920",10,2010,0.21,31
"USC00411920",10,2011,1.3,31
"USC00411920",10,2012,2.08,31
"USC00411920",10,2013,5.71,31
"USC00411920",10,2014,2.53,31
"USC00411920",10,2015,4.57,31
"USC00411920",10,2016,0.01,31
"USC00411920",10,2017,0.68,31
"USC00411920",10,2018,4.58,31
"USC00411920",10,2019,1.59,31
"USC00411920",10,2020,0.01,31
"USC00411920",10,2021,4.88,31
"USC00411920",10,2022,NA,NA
"USC00411920",11,1990,2.37,30
"USC00411920",11,1991,1.92,30
"USC00411920",11,1992,5.82,30
"USC00411920",11,1993,0.62,30
"USC00411920",11,1994,2.29,30
"USC00411920",11,1995,NA,NA
"USC00411920",11,1996,3.33,30
"USC00411920",11,1997,1.74,30
"USC00411920",11,1998,3.67,30
"USC00411920",11,1999,0,30
"USC00411920",11,2000,6.63,30
"USC00411920",11,2001,4.16,30
"USC00411920",11,2002,1.62,30
"USC00411920",11,2003,0.4,30
"USC00411920",11,2004,7.01,30
"USC00411920",11,2005,1.6,30
"USC00411920",11,2006,0.01,30
"USC00411920",11,2007,0.68,30
"USC00411920",11,2008,0.02,30
"USC00411920",11,2009,2.53,30
"USC00411920",11,2010,0.22,30
"USC00411920",11,2011,2.44,30
"USC00411920",11,2012,0,30
"USC00411920",11,2013,3.44,30
"USC00411920",11,2014,3.4,30
"USC00411920",11,2015,4.25,30
"USC00411920",11,2016,2.24,30
"USC00411920",11,2017,0.49,30
"USC00411920",11,2018,0.58,30
"USC00411920",11,2019,0.73,30
"USC00411920",11,2020,NA,NA
"USC00411920",11,2021,2.58,30
"USC00411920",11,2022,NA,NA
"USC00411920",12,1990,0.27,31
"USC00411920",12,1991,15.24,31
"USC00411920",12,1992,2.17,31
"USC00411920",12,1993,0.66,31
"USC00411920",12,1994,2.85,31
"USC00411920",12,1995,NA,NA
"USC00411920",12,1996,2.62,31
"USC00411920",12,1997,4.08,31
"USC00411920",12,1998,1.5,31
"USC00411920",12,1999,1.01,31
"USC00411920",12,2000,1.74,31
"USC00411920",12,2001,2.29,31
"USC00411920",12,2002,1.78,31
"USC00411920",12,2003,0,31
"USC00411920",12,2004,0.22,31
"USC00411920",12,2005,0.01,31
"USC00411920",12,2006,1.36,31
"USC00411920",12,2007,0.39,31
"USC00411920",12,2008,0.27,31
"USC00411920",12,2009,1.78,31
"USC00411920",12,2010,0.82,31
"USC00411920",12,2011,3.16,31
"USC00411920",12,2012,0.46,31
"USC00411920",12,2013,1.2,31
"USC00411920",12,2014,0.56,31
"USC00411920",12,2015,1.6,31
"USC00411920",12,2016,3.62,31
"USC00411920",12,2017,2.49,31
"USC00411920",12,2018,4.03,31
"USC00411920",12,2019,0.24,31
"USC00411920",12,2020,1.43,31
"USC00411920",12,2021,0.2,31
"USC00411920",12,2022,NA,NA
