"total","month","year","pwsid","peak_demand","julian"
1.7288,5,2016,"TX1300001",1.7,"148"
1.5379,5,2016,"TX1300001",1.7,"149"
1.566,5,2016,"TX1300001",1.7,"150"
1.6617,5,2016,"TX1300001",1.7,"151"
1.493,5,2016,"TX1300001",1.7,"152"
1.3804,6,2016,"TX1300001",2.8,"153"
1.4382,6,2016,"TX1300001",2.8,"154"
1.3102,6,2016,"TX1300001",2.8,"155"
1.3663,6,2016,"TX1300001",2.8,"156"
1.6276,6,2016,"TX1300001",2.8,"157"
1.6792,6,2016,"TX1300001",2.8,"158"
1.7753,6,2016,"TX1300001",2.8,"159"
1.8055,6,2016,"TX1300001",2.8,"160"
1.9907,6,2016,"TX1300001",2.8,"161"
1.9638,6,2016,"TX1300001",2.8,"162"
1.8676,6,2016,"TX1300001",2.8,"163"
2.0861,6,2016,"TX1300001",2.8,"164"
2.208,6,2016,"TX1300001",2.8,"165"
2.2726,6,2016,"TX1300001",2.8,"166"
2.3594,6,2016,"TX1300001",2.8,"167"
2.4177,6,2016,"TX1300001",2.8,"168"
2.4673,6,2016,"TX1300001",2.8,"169"
2.2068,6,2016,"TX1300001",2.8,"170"
2.3986,6,2016,"TX1300001",2.8,"171"
2.4148,6,2016,"TX1300001",2.8,"172"
2.5451,6,2016,"TX1300001",2.8,"173"
2.6419,6,2016,"TX1300001",2.8,"174"
2.8377,6,2016,"TX1300001",2.8,"175"
2.4174,6,2016,"TX1300001",2.8,"176"
2.0229,6,2016,"TX1300001",2.8,"177"
2.3875,6,2016,"TX1300001",2.8,"178"
2.7239,6,2016,"TX1300001",2.8,"179"
2.115,6,2016,"TX1300001",2.8,"180"
2.1867,6,2016,"TX1300001",2.8,"181"
2.464,6,2016,"TX1300001",2.8,"182"
2.3317,7,2016,"TX1300001",3.4,"183"
2.0947,7,2016,"TX1300001",3.4,"184"
2.4451,7,2016,"TX1300001",3.4,"185"
2.4597,7,2016,"TX1300001",3.4,"186"
2.6416,7,2016,"TX1300001",3.4,"187"
2.6582,7,2016,"TX1300001",3.4,"188"
2.8093,7,2016,"TX1300001",3.4,"189"
2.9318,7,2016,"TX1300001",3.4,"190"
2.506,7,2016,"TX1300001",3.4,"191"
3.0963,7,2016,"TX1300001",3.4,"192"
2.8974,7,2016,"TX1300001",3.4,"193"
3.032,7,2016,"TX1300001",3.4,"194"
3.0491,7,2016,"TX1300001",3.4,"195"
3.1906,7,2016,"TX1300001",3.4,"196"
3.1461,7,2016,"TX1300001",3.4,"197"
2.8657,7,2016,"TX1300001",3.4,"198"
3.3135,7,2016,"TX1300001",3.4,"199"
3.3163,7,2016,"TX1300001",3.4,"200"
3.2806,7,2016,"TX1300001",3.4,"201"
3.2706,7,2016,"TX1300001",3.4,"202"
3.3843,7,2016,"TX1300001",3.4,"203"
3.4919,7,2016,"TX1300001",3.4,"204"
3.0511,7,2016,"TX1300001",3.4,"205"
3.3405,7,2016,"TX1300001",3.4,"206"
3.0251,7,2016,"TX1300001",3.4,"207"
2.8967,7,2016,"TX1300001",3.4,"208"
2.7613,7,2016,"TX1300001",3.4,"209"
3.0653,7,2016,"TX1300001",3.4,"210"
3.2658,7,2016,"TX1300001",3.4,"211"
2.7242,7,2016,"TX1300001",3.4,"212"
3.3034,7,2016,"TX1300001",3.4,"213"
3.5979,8,2016,"TX1300001",3.9,"214"
3.3995,8,2016,"TX1300001",3.9,"215"
3.4074,8,2016,"TX1300001",3.9,"216"
3.6991,8,2016,"TX1300001",3.9,"217"
3.9037,8,2016,"TX1300001",3.9,"218"
3.1302,8,2016,"TX1300001",3.9,"219"
3.5846,8,2016,"TX1300001",3.9,"220"
3.7924,8,2016,"TX1300001",3.9,"221"
3.6664,8,2016,"TX1300001",3.9,"222"
3.6722,8,2016,"TX1300001",3.9,"223"
3.8551,8,2016,"TX1300001",3.9,"224"
3.4732,8,2016,"TX1300001",3.9,"225"
2.6771,8,2016,"TX1300001",3.9,"226"
2.6,8,2016,"TX1300001",3.9,"227"
2.179,8,2016,"TX1300001",3.9,"228"
2.1544,8,2016,"TX1300001",3.9,"229"
1.9463,8,2016,"TX1300001",3.9,"230"
2.1614,8,2016,"TX1300001",3.9,"231"
2.1247,8,2016,"TX1300001",3.9,"232"
1.6775,8,2016,"TX1300001",3.9,"233"
2.0513,8,2016,"TX1300001",3.9,"234"
2.2916,8,2016,"TX1300001",3.9,"235"
2.2992,8,2016,"TX1300001",3.9,"236"
2.4099,8,2016,"TX1300001",3.9,"237"
2.5524,8,2016,"TX1300001",3.9,"238"
2.4305,8,2016,"TX1300001",3.9,"239"
2.1525,8,2016,"TX1300001",3.9,"240"
2.3883,8,2016,"TX1300001",3.9,"241"
2.4899,8,2016,"TX1300001",3.9,"242"
2.5761,8,2016,"TX1300001",3.9,"243"
2.4372,8,2016,"TX1300001",3.9,"244"
2.5158,9,2016,"TX1300001",2.9,"245"
2.4158,9,2016,"TX1300001",2.9,"246"
2.0384,9,2016,"TX1300001",2.9,"247"
2.1624,9,2016,"TX1300001",2.9,"248"
2.5697,9,2016,"TX1300001",2.9,"249"
2.4857,9,2016,"TX1300001",2.9,"250"
2.62,9,2016,"TX1300001",2.9,"251"
2.615,9,2016,"TX1300001",2.9,"252"
2.5869,9,2016,"TX1300001",2.9,"253"
2.3729,9,2016,"TX1300001",2.9,"254"
2.7968,9,2016,"TX1300001",2.9,"255"
2.7032,9,2016,"TX1300001",2.9,"256"
2.5277,9,2016,"TX1300001",2.9,"257"
2.6666,9,2016,"TX1300001",2.9,"258"
2.7712,9,2016,"TX1300001",2.9,"259"
2.7604,9,2016,"TX1300001",2.9,"260"
2.3883,9,2016,"TX1300001",2.9,"261"
2.9049,9,2016,"TX1300001",2.9,"262"
2.9341,9,2016,"TX1300001",2.9,"263"
2.8563,9,2016,"TX1300001",2.9,"264"
2.6916,9,2016,"TX1300001",2.9,"265"
2.774,9,2016,"TX1300001",2.9,"266"
2.4106,9,2016,"TX1300001",2.9,"267"
2.3255,9,2016,"TX1300001",2.9,"268"
2.1042,9,2016,"TX1300001",2.9,"269"
1.9428,9,2016,"TX1300001",2.9,"270"
2.2191,9,2016,"TX1300001",2.9,"271"
2.1123,9,2016,"TX1300001",2.9,"272"
2.2753,9,2016,"TX1300001",2.9,"273"
2.3504,9,2016,"TX1300001",2.9,"274"
2.0008,10,2016,"TX1300001",2.7,"275"
2.5021,10,2016,"TX1300001",2.7,"276"
2.399,10,2016,"TX1300001",2.7,"277"
2.6394,10,2016,"TX1300001",2.7,"278"
2.3371,10,2016,"TX1300001",2.7,"279"
2.5921,10,2016,"TX1300001",2.7,"280"
2.3643,10,2016,"TX1300001",2.7,"281"
2.2958,10,2016,"TX1300001",2.7,"282"
2.525,10,2016,"TX1300001",2.7,"283"
2.6382,10,2016,"TX1300001",2.7,"284"
2.5287,10,2016,"TX1300001",2.7,"285"
2.3825,10,2016,"TX1300001",2.7,"286"
2.5623,10,2016,"TX1300001",2.7,"287"
2.3667,10,2016,"TX1300001",2.7,"288"
2.3285,10,2016,"TX1300001",2.7,"289"
2.6852,10,2016,"TX1300001",2.7,"290"
2.5697,10,2016,"TX1300001",2.7,"291"
2.6827,10,2016,"TX1300001",2.7,"292"
2.4261,10,2016,"TX1300001",2.7,"293"
2.4262,10,2016,"TX1300001",2.7,"294"
2.4291,10,2016,"TX1300001",2.7,"295"
2.1731,10,2016,"TX1300001",2.7,"296"
2.4425,10,2016,"TX1300001",2.7,"297"
2.4255,10,2016,"TX1300001",2.7,"298"
2.4865,10,2016,"TX1300001",2.7,"299"
2.3621,10,2016,"TX1300001",2.7,"300"
2.488,10,2016,"TX1300001",2.7,"301"
2.2669,10,2016,"TX1300001",2.7,"302"
2.1441,10,2016,"TX1300001",2.7,"303"
2.6639,10,2016,"TX1300001",2.7,"304"
2.3206,10,2016,"TX1300001",2.7,"305"
2.401,11,2016,"TX1300001",2.3,"306"
2.1901,11,2016,"TX1300001",2.3,"307"
2.1088,11,2016,"TX1300001",2.3,"308"
1.7741,11,2016,"TX1300001",2.3,"309"
1.9464,11,2016,"TX1300001",2.3,"310"
2.0451,11,2016,"TX1300001",2.3,"311"
1.8119,11,2016,"TX1300001",2.3,"312"
1.8312,11,2016,"TX1300001",2.3,"313"
1.6167,11,2016,"TX1300001",2.3,"314"
1.6968,11,2016,"TX1300001",2.3,"315"
1.6381,11,2016,"TX1300001",2.3,"316"
1.6866,11,2016,"TX1300001",2.3,"317"
1.9118,11,2016,"TX1300001",2.3,"318"
1.831,11,2016,"TX1300001",2.3,"319"
1.8682,11,2016,"TX1300001",2.3,"320"
1.8693,11,2016,"TX1300001",2.3,"321"
1.8274,11,2016,"TX1300001",2.3,"322"
1.7851,11,2016,"TX1300001",2.3,"323"
1.7621,11,2016,"TX1300001",2.3,"324"
1.8604,11,2016,"TX1300001",2.3,"325"
1.8759,11,2016,"TX1300001",2.3,"326"
1.8585,11,2016,"TX1300001",2.3,"327"
1.8925,11,2016,"TX1300001",2.3,"328"
1.8414,11,2016,"TX1300001",2.3,"329"
1.8746,11,2016,"TX1300001",2.3,"330"
1.7717,11,2016,"TX1300001",2.3,"331"
2.126,11,2016,"TX1300001",2.3,"332"
2.08,11,2016,"TX1300001",2.3,"333"
2.0788,11,2016,"TX1300001",2.3,"334"
1.9521,11,2016,"TX1300001",2.3,"335"
1.7719,12,2016,"TX1300001",1.8,"336"
1.5858,12,2016,"TX1300001",1.8,"337"
1.4713,12,2016,"TX1300001",1.8,"338"
1.7274,12,2016,"TX1300001",1.8,"339"
1.611,12,2016,"TX1300001",1.8,"340"
1.7081,12,2016,"TX1300001",1.8,"341"
1.6672,12,2016,"TX1300001",1.8,"342"
1.7399,12,2016,"TX1300001",1.8,"343"
1.7124,12,2016,"TX1300001",1.8,"344"
1.4777,12,2016,"TX1300001",1.8,"345"
1.7116,12,2016,"TX1300001",1.8,"346"
1.6964,12,2016,"TX1300001",1.8,"347"
1.7782,12,2016,"TX1300001",1.8,"348"
1.5714,12,2016,"TX1300001",1.8,"349"
1.7227,12,2016,"TX1300001",1.8,"350"
1.5262,12,2016,"TX1300001",1.8,"351"
1.5922,12,2016,"TX1300001",1.8,"352"
1.7317,12,2016,"TX1300001",1.8,"353"
1.5481,12,2016,"TX1300001",1.8,"354"
1.6915,12,2016,"TX1300001",1.8,"355"
1.6134,12,2016,"TX1300001",1.8,"356"
1.6105,12,2016,"TX1300001",1.8,"357"
1.6281,12,2016,"TX1300001",1.8,"358"
1.3678,12,2016,"TX1300001",1.8,"359"
1.5151,12,2016,"TX1300001",1.8,"360"
1.7566,12,2016,"TX1300001",1.8,"361"
1.6454,12,2016,"TX1300001",1.8,"362"
1.6965,12,2016,"TX1300001",1.8,"363"
1.7697,12,2016,"TX1300001",1.8,"364"
1.5606,12,2016,"TX1300001",1.8,"365"
1.5447,12,2016,"TX1300001",1.8,"366"
1.9527,1,2017,"TX1300001",1.9,"1"
1.6811,1,2017,"TX1300001",1.9,"2"
1.7271,1,2017,"TX1300001",1.9,"3"
1.7253,1,2017,"TX1300001",1.9,"4"
1.6238,1,2017,"TX1300001",1.9,"5"
1.4392,1,2017,"TX1300001",1.9,"6"
1.7097,1,2017,"TX1300001",1.9,"7"
1.8878,1,2017,"TX1300001",1.9,"8"
1.6057,1,2017,"TX1300001",1.9,"9"
1.8093,1,2017,"TX1300001",1.9,"10"
1.7531,1,2017,"TX1300001",1.9,"11"
1.7192,1,2017,"TX1300001",1.9,"12"
1.5042,1,2017,"TX1300001",1.9,"13"
1.4714,1,2017,"TX1300001",1.9,"14"
1.4448,1,2017,"TX1300001",1.9,"15"
1.5264,1,2017,"TX1300001",1.9,"16"
1.487,1,2017,"TX1300001",1.9,"17"
1.6084,1,2017,"TX1300001",1.9,"18"
1.5972,1,2017,"TX1300001",1.9,"19"
1.4151,1,2017,"TX1300001",1.9,"20"
1.4949,1,2017,"TX1300001",1.9,"21"
1.762,1,2017,"TX1300001",1.9,"22"
1.6121,1,2017,"TX1300001",1.9,"23"
1.737,1,2017,"TX1300001",1.9,"24"
1.6585,1,2017,"TX1300001",1.9,"25"
1.577,1,2017,"TX1300001",1.9,"26"
1.5752,1,2017,"TX1300001",1.9,"27"
1.5825,1,2017,"TX1300001",1.9,"28"
1.5821,1,2017,"TX1300001",1.9,"29"
1.7902,1,2017,"TX1300001",1.9,"30"
1.9185,1,2017,"TX1300001",1.9,"31"
1.8257,2,2017,"TX1300001",1.9,"32"
1.7341,2,2017,"TX1300001",1.9,"33"
1.5145,2,2017,"TX1300001",1.9,"34"
1.5819,2,2017,"TX1300001",1.9,"35"
1.7258,2,2017,"TX1300001",1.9,"36"
1.6733,2,2017,"TX1300001",1.9,"37"
1.9663,2,2017,"TX1300001",1.9,"38"
1.7226,2,2017,"TX1300001",1.9,"39"
1.8865,2,2017,"TX1300001",1.9,"40"
1.7848,2,2017,"TX1300001",1.9,"41"
1.6169,2,2017,"TX1300001",1.9,"42"
1.7829,2,2017,"TX1300001",1.9,"43"
1.5792,2,2017,"TX1300001",1.9,"44"
1.6604,2,2017,"TX1300001",1.9,"45"
1.6441,2,2017,"TX1300001",1.9,"46"
1.6908,2,2017,"TX1300001",1.9,"47"
1.5303,2,2017,"TX1300001",1.9,"48"
1.6568,2,2017,"TX1300001",1.9,"49"
1.7,2,2017,"TX1300001",1.9,"50"
1.6859,2,2017,"TX1300001",1.9,"51"
1.7933,2,2017,"TX1300001",1.9,"52"
1.7954,2,2017,"TX1300001",1.9,"53"
1.8803,2,2017,"TX1300001",1.9,"54"
1.8305,2,2017,"TX1300001",1.9,"55"
1.591,2,2017,"TX1300001",1.9,"56"
1.8401,2,2017,"TX1300001",1.9,"57"
1.683,2,2017,"TX1300001",1.9,"58"
1.8772,2,2017,"TX1300001",1.9,"59"
1.763,3,2017,"TX1300001",2.3,"60"
1.8558,3,2017,"TX1300001",2.3,"61"
1.6602,3,2017,"TX1300001",2.3,"62"
1.4422,3,2017,"TX1300001",2.3,"63"
1.7448,3,2017,"TX1300001",2.3,"64"
1.5705,3,2017,"TX1300001",2.3,"65"
1.7873,3,2017,"TX1300001",2.3,"66"
1.6585,3,2017,"TX1300001",2.3,"67"
1.8003,3,2017,"TX1300001",2.3,"68"
1.6354,3,2017,"TX1300001",2.3,"69"
1.4473,3,2017,"TX1300001",2.3,"70"
1.623,3,2017,"TX1300001",2.3,"71"
1.7951,3,2017,"TX1300001",2.3,"72"
1.8733,3,2017,"TX1300001",2.3,"73"
1.8222,3,2017,"TX1300001",2.3,"74"
1.939,3,2017,"TX1300001",2.3,"75"
2.0483,3,2017,"TX1300001",2.3,"76"
1.8827,3,2017,"TX1300001",2.3,"77"
2.1387,3,2017,"TX1300001",2.3,"78"
2.205,3,2017,"TX1300001",2.3,"79"
2.1644,3,2017,"TX1300001",2.3,"80"
2.056,3,2017,"TX1300001",2.3,"81"
2.1747,3,2017,"TX1300001",2.3,"82"
2.2382,3,2017,"TX1300001",2.3,"83"
2.1202,3,2017,"TX1300001",2.3,"84"
2.2897,3,2017,"TX1300001",2.3,"85"
2.3667,3,2017,"TX1300001",2.3,"86"
2.1471,3,2017,"TX1300001",2.3,"87"
2.1248,3,2017,"TX1300001",2.3,"88"
2.254,3,2017,"TX1300001",2.3,"89"
2.0905,3,2017,"TX1300001",2.3,"90"
1.8113,4,2017,"TX1300001",2.6,"91"
1.8651,4,2017,"TX1300001",2.6,"92"
2.1017,4,2017,"TX1300001",2.6,"93"
2.2805,4,2017,"TX1300001",2.6,"94"
2.0897,4,2017,"TX1300001",2.6,"95"
2.4812,4,2017,"TX1300001",2.6,"96"
2.1177,4,2017,"TX1300001",2.6,"97"
2.0863,4,2017,"TX1300001",2.6,"98"
2.3975,4,2017,"TX1300001",2.6,"99"
2.0026,4,2017,"TX1300001",2.6,"100"
1.8444,4,2017,"TX1300001",2.6,"101"
2.0142,4,2017,"TX1300001",2.6,"102"
1.9882,4,2017,"TX1300001",2.6,"103"
2.0297,4,2017,"TX1300001",2.6,"104"
1.9303,4,2017,"TX1300001",2.6,"105"
1.9424,4,2017,"TX1300001",2.6,"106"
1.8274,4,2017,"TX1300001",2.6,"107"
2.103,4,2017,"TX1300001",2.6,"108"
2.0881,4,2017,"TX1300001",2.6,"109"
2.2624,4,2017,"TX1300001",2.6,"110"
2.2355,4,2017,"TX1300001",2.6,"111"
2.0366,4,2017,"TX1300001",2.6,"112"
2.3759,4,2017,"TX1300001",2.6,"113"
2.49,4,2017,"TX1300001",2.6,"114"
2.4532,4,2017,"TX1300001",2.6,"115"
2.5999,4,2017,"TX1300001",2.6,"116"
2.5765,4,2017,"TX1300001",2.6,"117"
2.4291,4,2017,"TX1300001",2.6,"118"
2.0404,4,2017,"TX1300001",2.6,"119"
2.5025,4,2017,"TX1300001",2.6,"120"
2.5742,5,2017,"TX1300001",3.1,"121"
2.6437,5,2017,"TX1300001",3.1,"122"
2.5307,5,2017,"TX1300001",3.1,"123"
2.6551,5,2017,"TX1300001",3.1,"124"
2.6532,5,2017,"TX1300001",3.1,"125"
2.4967,5,2017,"TX1300001",3.1,"126"
2.8784,5,2017,"TX1300001",3.1,"127"
2.6544,5,2017,"TX1300001",3.1,"128"
2.2002,5,2017,"TX1300001",3.1,"129"
2.326,5,2017,"TX1300001",3.1,"130"
2.5021,5,2017,"TX1300001",3.1,"131"
2.5852,5,2017,"TX1300001",3.1,"132"
2.6406,5,2017,"TX1300001",3.1,"133"
3.1539,5,2017,"TX1300001",3.1,"134"
3.014,5,2017,"TX1300001",3.1,"135"
2.4562,5,2017,"TX1300001",3.1,"136"
2.5084,5,2017,"TX1300001",3.1,"137"
2.5958,5,2017,"TX1300001",3.1,"138"
2.6893,5,2017,"TX1300001",3.1,"139"
1.9668,5,2017,"TX1300001",3.1,"140"
2.1498,5,2017,"TX1300001",3.1,"141"
2.1358,5,2017,"TX1300001",3.1,"142"
2.2941,5,2017,"TX1300001",3.1,"143"
2.3884,5,2017,"TX1300001",3.1,"144"
2.6148,5,2017,"TX1300001",3.1,"145"
2.409,5,2017,"TX1300001",3.1,"146"
2.2733,5,2017,"TX1300001",3.1,"147"
1.9778,5,2017,"TX1300001",3.1,"148"
2.4104,5,2017,"TX1300001",3.1,"149"
2.0161,5,2017,"TX1300001",3.1,"150"
1.8872,5,2017,"TX1300001",3.1,"151"
2.0607,6,2017,"TX1300001",3.5,"152"
2.0527,6,2017,"TX1300001",3.5,"153"
1.8042,6,2017,"TX1300001",3.5,"154"
2.0337,6,2017,"TX1300001",3.5,"155"
2.0066,6,2017,"TX1300001",3.5,"156"
2.2139,6,2017,"TX1300001",3.5,"157"
2.3753,6,2017,"TX1300001",3.5,"158"
2.6533,6,2017,"TX1300001",3.5,"159"
2.4781,6,2017,"TX1300001",3.5,"160"
2.3694,6,2017,"TX1300001",3.5,"161"
2.9435,6,2017,"TX1300001",3.5,"162"
3.0748,6,2017,"TX1300001",3.5,"163"
2.8876,6,2017,"TX1300001",3.5,"164"
2.8968,6,2017,"TX1300001",3.5,"165"
3.2466,6,2017,"TX1300001",3.5,"166"
3.0929,6,2017,"TX1300001",3.5,"167"
2.8642,6,2017,"TX1300001",3.5,"168"
3.436,6,2017,"TX1300001",3.5,"169"
3.2108,6,2017,"TX1300001",3.5,"170"
3.2077,6,2017,"TX1300001",3.5,"171"
3.1891,6,2017,"TX1300001",3.5,"172"
3.5749,6,2017,"TX1300001",3.5,"173"
3.1964,6,2017,"TX1300001",3.5,"174"
2.7978,6,2017,"TX1300001",3.5,"175"
2.7201,6,2017,"TX1300001",3.5,"176"
2.5707,6,2017,"TX1300001",3.5,"177"
2.2391,6,2017,"TX1300001",3.5,"178"
2.4637,6,2017,"TX1300001",3.5,"179"
2.9377,6,2017,"TX1300001",3.5,"180"
2.8101,6,2017,"TX1300001",3.5,"181"
2.5542,7,2017,"TX1300001",3.6,"182"
3.2103,7,2017,"TX1300001",3.6,"183"
3.1137,7,2017,"TX1300001",3.6,"184"
3.1491,7,2017,"TX1300001",3.6,"185"
3.1997,7,2017,"TX1300001",3.6,"186"
3.451,7,2017,"TX1300001",3.6,"187"
3.2448,7,2017,"TX1300001",3.6,"188"
3.0501,7,2017,"TX1300001",3.6,"189"
3.6462,7,2017,"TX1300001",3.6,"190"
3.6146,7,2017,"TX1300001",3.6,"191"
3.6244,7,2017,"TX1300001",3.6,"192"
3.2974,7,2017,"TX1300001",3.6,"193"
3.4404,7,2017,"TX1300001",3.6,"194"
3.3057,7,2017,"TX1300001",3.6,"195"
2.6757,7,2017,"TX1300001",3.6,"196"
3.3036,7,2017,"TX1300001",3.6,"197"
2.7059,7,2017,"TX1300001",3.6,"198"
2.7296,7,2017,"TX1300001",3.6,"199"
2.9289,7,2017,"TX1300001",3.6,"200"
3.2592,7,2017,"TX1300001",3.6,"201"
3.2399,7,2017,"TX1300001",3.6,"202"
3.2417,7,2017,"TX1300001",3.6,"203"
3.1444,7,2017,"TX1300001",3.6,"204"
3.2528,7,2017,"TX1300001",3.6,"205"
3.0402,7,2017,"TX1300001",3.6,"206"
2.8047,7,2017,"TX1300001",3.6,"207"
3.2656,7,2017,"TX1300001",3.6,"208"
3.462,7,2017,"TX1300001",3.6,"209"
3.0358,7,2017,"TX1300001",3.6,"210"
3.4775,7,2017,"TX1300001",3.6,"211"
3.5944,7,2017,"TX1300001",3.6,"212"
3.419,8,2017,"TX1300001",3.5,"213"
2.8287,8,2017,"TX1300001",3.5,"214"
3.047,8,2017,"TX1300001",3.5,"215"
3.1266,8,2017,"TX1300001",3.5,"216"
3.0191,8,2017,"TX1300001",3.5,"217"
3.5119,8,2017,"TX1300001",3.5,"218"
2.3039,8,2017,"TX1300001",3.5,"219"
2.5515,8,2017,"TX1300001",3.5,"220"
2.5994,8,2017,"TX1300001",3.5,"221"
2.86,8,2017,"TX1300001",3.5,"222"
2.8974,8,2017,"TX1300001",3.5,"223"
2.8311,8,2017,"TX1300001",3.5,"224"
3.3839,8,2017,"TX1300001",3.5,"225"
3.3545,8,2017,"TX1300001",3.5,"226"
3.223,8,2017,"TX1300001",3.5,"227"
3.2681,8,2017,"TX1300001",3.5,"228"
3.2992,8,2017,"TX1300001",3.5,"229"
3.3766,8,2017,"TX1300001",3.5,"230"
2.9881,8,2017,"TX1300001",3.5,"231"
3.4602,8,2017,"TX1300001",3.5,"232"
3.4439,8,2017,"TX1300001",3.5,"233"
3.3511,8,2017,"TX1300001",3.5,"234"
2.9946,8,2017,"TX1300001",3.5,"235"
2.6693,8,2017,"TX1300001",3.5,"236"
2.3625,8,2017,"TX1300001",3.5,"237"
1.9652,8,2017,"TX1300001",3.5,"238"
2.2551,8,2017,"TX1300001",3.5,"239"
2.2456,8,2017,"TX1300001",3.5,"240"
2.442,8,2017,"TX1300001",3.5,"241"
2.6009,8,2017,"TX1300001",3.5,"242"
2.7522,8,2017,"TX1300001",3.5,"243"
2.9504,9,2017,"TX1300001",3.5,"244"
2.8091,9,2017,"TX1300001",3.5,"245"
3.2202,9,2017,"TX1300001",3.5,"246"
3.3358,9,2017,"TX1300001",3.5,"247"
3.0968,9,2017,"TX1300001",3.5,"248"
3.132,9,2017,"TX1300001",3.5,"249"
3.1294,9,2017,"TX1300001",3.5,"250"
3.0759,9,2017,"TX1300001",3.5,"251"
3.0705,9,2017,"TX1300001",3.5,"252"
3.4623,9,2017,"TX1300001",3.5,"253"
3.5093,9,2017,"TX1300001",3.5,"254"
3.2513,9,2017,"TX1300001",3.5,"255"
3.2875,9,2017,"TX1300001",3.5,"256"
3.3778,9,2017,"TX1300001",3.5,"257"
3.2453,9,2017,"TX1300001",3.5,"258"
3.0909,9,2017,"TX1300001",3.5,"259"
3.5261,9,2017,"TX1300001",3.5,"260"
3.3931,9,2017,"TX1300001",3.5,"261"
3.1702,9,2017,"TX1300001",3.5,"262"
3.1718,9,2017,"TX1300001",3.5,"263"
3.1396,9,2017,"TX1300001",3.5,"264"
2.8241,9,2017,"TX1300001",3.5,"265"
2.7981,9,2017,"TX1300001",3.5,"266"
2.8807,9,2017,"TX1300001",3.5,"267"
2.4922,9,2017,"TX1300001",3.5,"268"
2.0427,9,2017,"TX1300001",3.5,"269"
1.9982,9,2017,"TX1300001",3.5,"270"
2.0133,9,2017,"TX1300001",3.5,"271"
1.9767,9,2017,"TX1300001",3.5,"272"
1.9291,9,2017,"TX1300001",3.5,"273"
2.1335,10,2017,"TX1300001",2.8,"274"
2.3259,10,2017,"TX1300001",2.8,"275"
2.1442,10,2017,"TX1300001",2.8,"276"
2.0637,10,2017,"TX1300001",2.8,"277"
2.4208,10,2017,"TX1300001",2.8,"278"
2.3545,10,2017,"TX1300001",2.8,"279"
2.2234,10,2017,"TX1300001",2.8,"280"
2.4271,10,2017,"TX1300001",2.8,"281"
2.5238,10,2017,"TX1300001",2.8,"282"
2.4874,10,2017,"TX1300001",2.8,"283"
2.4401,10,2017,"TX1300001",2.8,"284"
2.494,10,2017,"TX1300001",2.8,"285"
2.8169,10,2017,"TX1300001",2.8,"286"
2.2378,10,2017,"TX1300001",2.8,"287"
2.5228,10,2017,"TX1300001",2.8,"288"
2.6418,10,2017,"TX1300001",2.8,"289"
2.6839,10,2017,"TX1300001",2.8,"290"
2.7237,10,2017,"TX1300001",2.8,"291"
2.8237,10,2017,"TX1300001",2.8,"292"
2.6076,10,2017,"TX1300001",2.8,"293"
2.3539,10,2017,"TX1300001",2.8,"294"
2.3566,10,2017,"TX1300001",2.8,"295"
2.7383,10,2017,"TX1300001",2.8,"296"
2.7049,10,2017,"TX1300001",2.8,"297"
2.5112,10,2017,"TX1300001",2.8,"298"
2.7153,10,2017,"TX1300001",2.8,"299"
2.4292,10,2017,"TX1300001",2.8,"300"
2.1729,10,2017,"TX1300001",2.8,"301"
2.6651,10,2017,"TX1300001",2.8,"302"
2.6804,10,2017,"TX1300001",2.8,"303"
2.3452,10,2017,"TX1300001",2.8,"304"
2.407,11,2017,"TX1300001",2.7,"305"
2.559,11,2017,"TX1300001",2.7,"306"
2.487,11,2017,"TX1300001",2.7,"307"
2.649,11,2017,"TX1300001",2.7,"308"
2.804,11,2017,"TX1300001",2.7,"309"
2.635,11,2017,"TX1300001",2.7,"310"
2.427,11,2017,"TX1300001",2.7,"311"
2.14,11,2017,"TX1300001",2.7,"312"
2.394,11,2017,"TX1300001",2.7,"313"
2.307,11,2017,"TX1300001",2.7,"314"
2.016,11,2017,"TX1300001",2.7,"315"
2.236,11,2017,"TX1300001",2.7,"316"
2.215,11,2017,"TX1300001",2.7,"317"
2.163,11,2017,"TX1300001",2.7,"318"
2.136,11,2017,"TX1300001",2.7,"319"
2.404,11,2017,"TX1300001",2.7,"320"
2.145,11,2017,"TX1300001",2.7,"321"
2.151,11,2017,"TX1300001",2.7,"322"
2.264,11,2017,"TX1300001",2.7,"323"
2.265,11,2017,"TX1300001",2.7,"324"
2.29,11,2017,"TX1300001",2.7,"325"
2.261,11,2017,"TX1300001",2.7,"326"
2.133,11,2017,"TX1300001",2.7,"327"
2.392,11,2017,"TX1300001",2.7,"328"
2.217,11,2017,"TX1300001",2.7,"329"
2.671,11,2017,"TX1300001",2.7,"330"
2.52,11,2017,"TX1300001",2.7,"331"
2.479,11,2017,"TX1300001",2.7,"332"
2.493,11,2017,"TX1300001",2.7,"333"
2.598,11,2017,"TX1300001",2.7,"334"
2.126,12,2017,"TX1300001",2.4,"335"
2.291,12,2017,"TX1300001",2.4,"336"
2.22,12,2017,"TX1300001",2.4,"337"
2.379,12,2017,"TX1300001",2.4,"338"
2.073,12,2017,"TX1300001",2.4,"339"
1.875,12,2017,"TX1300001",2.4,"340"
1.995,12,2017,"TX1300001",2.4,"341"
1.848,12,2017,"TX1300001",2.4,"342"
1.791,12,2017,"TX1300001",2.4,"343"
2.14,12,2017,"TX1300001",2.4,"344"
2.425,12,2017,"TX1300001",2.4,"345"
2.036,12,2017,"TX1300001",2.4,"346"
2.078,12,2017,"TX1300001",2.4,"347"
2.158,12,2017,"TX1300001",2.4,"348"
1.938,12,2017,"TX1300001",2.4,"349"
1.747,12,2017,"TX1300001",2.4,"350"
1.969,12,2017,"TX1300001",2.4,"351"
1.813,12,2017,"TX1300001",2.4,"352"
1.871,12,2017,"TX1300001",2.4,"353"
1.762,12,2017,"TX1300001",2.4,"354"
2.012,12,2017,"TX1300001",2.4,"355"
1.919,12,2017,"TX1300001",2.4,"356"
1.844,12,2017,"TX1300001",2.4,"357"
1.857,12,2017,"TX1300001",2.4,"358"
1.758,12,2017,"TX1300001",2.4,"359"
1.896,12,2017,"TX1300001",2.4,"360"
1.718,12,2017,"TX1300001",2.4,"361"
2.014,12,2017,"TX1300001",2.4,"362"
1.825,12,2017,"TX1300001",2.4,"363"
1.866,12,2017,"TX1300001",2.4,"364"
1.642,12,2017,"TX1300001",2.4,"365"
1.883,1,2018,"TX1300001",2,"1"
2.01,1,2018,"TX1300001",2,"2"
1.945,1,2018,"TX1300001",2,"3"
1.834,1,2018,"TX1300001",2,"4"
1.856,1,2018,"TX1300001",2,"5"
1.719,1,2018,"TX1300001",2,"6"
1.761,1,2018,"TX1300001",2,"7"
1.976,1,2018,"TX1300001",2,"8"
1.97,1,2018,"TX1300001",2,"9"
1.876,1,2018,"TX1300001",2,"10"
1.847,1,2018,"TX1300001",2,"11"
1.866,1,2018,"TX1300001",2,"12"
1.828,1,2018,"TX1300001",2,"13"
1.752,1,2018,"TX1300001",2,"14"
1.925,1,2018,"TX1300001",2,"15"
1.738,1,2018,"TX1300001",2,"16"
2.02,1,2018,"TX1300001",2,"17"
1.783,1,2018,"TX1300001",2,"18"
1.817,1,2018,"TX1300001",2,"19"
1.818,1,2018,"TX1300001",2,"20"
1.868,1,2018,"TX1300001",2,"21"
1.948,1,2018,"TX1300001",2,"22"
1.884,1,2018,"TX1300001",2,"23"
1.874,1,2018,"TX1300001",2,"24"
1.863,1,2018,"TX1300001",2,"25"
1.737,1,2018,"TX1300001",2,"26"
1.737,1,2018,"TX1300001",2,"27"
1.838,1,2018,"TX1300001",2,"28"
1.906,1,2018,"TX1300001",2,"29"
1.79,1,2018,"TX1300001",2,"30"
1.954,1,2018,"TX1300001",2,"31"
1.793,2,2018,"TX1300001",2,"32"
1.977,2,2018,"TX1300001",2,"33"
1.695,2,2018,"TX1300001",2,"34"
1.919,2,2018,"TX1300001",2,"35"
1.759,2,2018,"TX1300001",2,"36"
1.823,2,2018,"TX1300001",2,"37"
1.769,2,2018,"TX1300001",2,"38"
1.942,2,2018,"TX1300001",2,"39"
1.728,2,2018,"TX1300001",2,"40"
1.643,2,2018,"TX1300001",2,"41"
1.751,2,2018,"TX1300001",2,"42"
1.81,2,2018,"TX1300001",2,"43"
1.808,2,2018,"TX1300001",2,"44"
1.85,2,2018,"TX1300001",2,"45"
1.861,2,2018,"TX1300001",2,"46"
1.802,2,2018,"TX1300001",2,"47"
1.731,2,2018,"TX1300001",2,"48"
1.874,2,2018,"TX1300001",2,"49"
1.797,2,2018,"TX1300001",2,"50"
1.747,2,2018,"TX1300001",2,"51"
1.581,2,2018,"TX1300001",2,"52"
1.652,2,2018,"TX1300001",2,"53"
1.65,2,2018,"TX1300001",2,"54"
1.627,2,2018,"TX1300001",2,"55"
1.827,2,2018,"TX1300001",2,"56"
1.81,2,2018,"TX1300001",2,"57"
1.76,2,2018,"TX1300001",2,"58"
1.804,2,2018,"TX1300001",2,"59"
1.873,3,2018,"TX1300001",2.5,"60"
2.021,3,2018,"TX1300001",2.5,"61"
1.71,3,2018,"TX1300001",2.5,"62"
1.768,3,2018,"TX1300001",2.5,"63"
1.929,3,2018,"TX1300001",2.5,"64"
2.015,3,2018,"TX1300001",2.5,"65"
2.203,3,2018,"TX1300001",2.5,"66"
2.004,3,2018,"TX1300001",2.5,"67"
2.044,3,2018,"TX1300001",2.5,"68"
1.968,3,2018,"TX1300001",2.5,"69"
2.052,3,2018,"TX1300001",2.5,"70"
2.148,3,2018,"TX1300001",2.5,"71"
2.19,3,2018,"TX1300001",2.5,"72"
2.218,3,2018,"TX1300001",2.5,"73"
2.315,3,2018,"TX1300001",2.5,"74"
2.348,3,2018,"TX1300001",2.5,"75"
2.096,3,2018,"TX1300001",2.5,"76"
2.444,3,2018,"TX1300001",2.5,"77"
2.35,3,2018,"TX1300001",2.5,"78"
2.473,3,2018,"TX1300001",2.5,"79"
2.631,3,2018,"TX1300001",2.5,"80"
2.41,3,2018,"TX1300001",2.5,"81"
2.298,3,2018,"TX1300001",2.5,"82"
2.159,3,2018,"TX1300001",2.5,"83"
2.43,3,2018,"TX1300001",2.5,"84"
2.335,3,2018,"TX1300001",2.5,"85"
2.047,3,2018,"TX1300001",2.5,"86"
2.119,3,2018,"TX1300001",2.5,"87"
2.144,3,2018,"TX1300001",2.5,"88"
2.2,3,2018,"TX1300001",2.5,"89"
2.038,3,2018,"TX1300001",2.5,"90"
2.108,4,2018,"TX1300001",3,"91"
2.297,4,2018,"TX1300001",3,"92"
2.381,4,2018,"TX1300001",3,"93"
2.481,4,2018,"TX1300001",3,"94"
2.423,4,2018,"TX1300001",3,"95"
2.366,4,2018,"TX1300001",3,"96"
2.03,4,2018,"TX1300001",3,"97"
2.526,4,2018,"TX1300001",3,"98"
2.301,4,2018,"TX1300001",3,"99"
2.594,4,2018,"TX1300001",3,"100"
2.66,4,2018,"TX1300001",3,"101"
2.598,4,2018,"TX1300001",3,"102"
2.39,4,2018,"TX1300001",3,"103"
2.262,4,2018,"TX1300001",3,"104"
2.794,4,2018,"TX1300001",3,"105"
2.815,4,2018,"TX1300001",3,"106"
2.808,4,2018,"TX1300001",3,"107"
2.913,4,2018,"TX1300001",3,"108"
2.712,4,2018,"TX1300001",3,"109"
2.34,4,2018,"TX1300001",3,"110"
2.254,4,2018,"TX1300001",3,"111"
2.857,4,2018,"TX1300001",3,"112"
3.051,4,2018,"TX1300001",3,"113"
2.887,4,2018,"TX1300001",3,"114"
2.221,4,2018,"TX1300001",3,"115"
2.324,4,2018,"TX1300001",3,"116"
2.389,4,2018,"TX1300001",3,"117"
2.187,4,2018,"TX1300001",3,"118"
2.536,4,2018,"TX1300001",3,"119"
2.318,4,2018,"TX1300001",3,"120"
2.297,5,2018,"TX1300001",3.4,"121"
2.4,5,2018,"TX1300001",3.4,"122"
2.236,5,2018,"TX1300001",3.4,"123"
1.72,5,2018,"TX1300001",3.4,"124"
1.895,5,2018,"TX1300001",3.4,"125"
2.353,5,2018,"TX1300001",3.4,"126"
2.329,5,2018,"TX1300001",3.4,"127"
2.42,5,2018,"TX1300001",3.4,"128"
2.621,5,2018,"TX1300001",3.4,"129"
2.984,5,2018,"TX1300001",3.4,"130"
2.458,5,2018,"TX1300001",3.4,"131"
2.605,5,2018,"TX1300001",3.4,"132"
2.76,5,2018,"TX1300001",3.4,"133"
2.96,5,2018,"TX1300001",3.4,"134"
2.506,5,2018,"TX1300001",3.4,"135"
2.58,5,2018,"TX1300001",3.4,"136"
2.703,5,2018,"TX1300001",3.4,"137"
2.635,5,2018,"TX1300001",3.4,"138"
2.355,5,2018,"TX1300001",3.4,"139"
2.62,5,2018,"TX1300001",3.4,"140"
2.638,5,2018,"TX1300001",3.4,"141"
2.797,5,2018,"TX1300001",3.4,"142"
2.95,5,2018,"TX1300001",3.4,"143"
2.969,5,2018,"TX1300001",3.4,"144"
3.187,5,2018,"TX1300001",3.4,"145"
2.78,5,2018,"TX1300001",3.4,"146"
3.203,5,2018,"TX1300001",3.4,"147"
3.395,5,2018,"TX1300001",3.4,"148"
3.273,5,2018,"TX1300001",3.4,"149"
3.353,5,2018,"TX1300001",3.4,"150"
3.362,5,2018,"TX1300001",3.4,"151"
3.327,6,2018,"TX1300001",3.8,"152"
3.316,6,2018,"TX1300001",3.8,"153"
3.569,6,2018,"TX1300001",3.8,"154"
3.456,6,2018,"TX1300001",3.8,"155"
3.501,6,2018,"TX1300001",3.8,"156"
3.509,6,2018,"TX1300001",3.8,"157"
3.584,6,2018,"TX1300001",3.8,"158"
3.767,6,2018,"TX1300001",3.8,"159"
3.6,6,2018,"TX1300001",3.8,"160"
3.748,6,2018,"TX1300001",3.8,"161"
3.576,6,2018,"TX1300001",3.8,"162"
3.388,6,2018,"TX1300001",3.8,"163"
3.547,6,2018,"TX1300001",3.8,"164"
3.542,6,2018,"TX1300001",3.8,"165"
3.214,6,2018,"TX1300001",3.8,"166"
3.214,6,2018,"TX1300001",3.8,"167"
3.305,6,2018,"TX1300001",3.8,"168"
3.161,6,2018,"TX1300001",3.8,"169"
2.589,6,2018,"TX1300001",3.8,"170"
3.037,6,2018,"TX1300001",3.8,"171"
3.152,6,2018,"TX1300001",3.8,"172"
3.531,6,2018,"TX1300001",3.8,"173"
3.424,6,2018,"TX1300001",3.8,"174"
3.42,6,2018,"TX1300001",3.8,"175"
3.579,6,2018,"TX1300001",3.8,"176"
3.197,6,2018,"TX1300001",3.8,"177"
3.704,6,2018,"TX1300001",3.8,"178"
3.751,6,2018,"TX1300001",3.8,"179"
3.809,6,2018,"TX1300001",3.8,"180"
3.683,6,2018,"TX1300001",3.8,"181"
3.705,7,2018,"TX1300001",3.8,"182"
3.653,7,2018,"TX1300001",3.8,"183"
3.556,7,2018,"TX1300001",3.8,"184"
2.804,7,2018,"TX1300001",3.8,"185"
3.013,7,2018,"TX1300001",3.8,"186"
2.841,7,2018,"TX1300001",3.8,"187"
2.801,7,2018,"TX1300001",3.8,"188"
3.08,7,2018,"TX1300001",3.8,"189"
2.206,7,2018,"TX1300001",3.8,"190"
2.3,7,2018,"TX1300001",3.8,"191"
2.589,7,2018,"TX1300001",3.8,"192"
2.904,7,2018,"TX1300001",3.8,"193"
2.985,7,2018,"TX1300001",3.8,"194"
3.158,7,2018,"TX1300001",3.8,"195"
3.287,7,2018,"TX1300001",3.8,"196"
3.477,7,2018,"TX1300001",3.8,"197"
3.22,7,2018,"TX1300001",3.8,"198"
3.271,7,2018,"TX1300001",3.8,"199"
3.583,7,2018,"TX1300001",3.8,"200"
3.391,7,2018,"TX1300001",3.8,"201"
3.374,7,2018,"TX1300001",3.8,"202"
3.583,7,2018,"TX1300001",3.8,"203"
3.455,7,2018,"TX1300001",3.8,"204"
3.473,7,2018,"TX1300001",3.8,"205"
3.544,7,2018,"TX1300001",3.8,"206"
3.557,7,2018,"TX1300001",3.8,"207"
3.792,7,2018,"TX1300001",3.8,"208"
3.624,7,2018,"TX1300001",3.8,"209"
3.655,7,2018,"TX1300001",3.8,"210"
3.733,7,2018,"TX1300001",3.8,"211"
3.229,7,2018,"TX1300001",3.8,"212"
3.622,8,2018,"TX1300001",3.7,"213"
3.442,8,2018,"TX1300001",3.7,"214"
3.595,8,2018,"TX1300001",3.7,"215"
3.412,8,2018,"TX1300001",3.7,"216"
3.559,8,2018,"TX1300001",3.7,"217"
3.642,8,2018,"TX1300001",3.7,"218"
3.385,8,2018,"TX1300001",3.7,"219"
3.806,8,2018,"TX1300001",3.7,"220"
3.671,8,2018,"TX1300001",3.7,"221"
2.815,8,2018,"TX1300001",3.7,"222"
2.372,8,2018,"TX1300001",3.7,"223"
2.367,8,2018,"TX1300001",3.7,"224"
3.193,8,2018,"TX1300001",3.7,"225"
3.19,8,2018,"TX1300001",3.7,"226"
3.137,8,2018,"TX1300001",3.7,"227"
2.797,8,2018,"TX1300001",3.7,"228"
3.161,8,2018,"TX1300001",3.7,"229"
3.051,8,2018,"TX1300001",3.7,"230"
3.231,8,2018,"TX1300001",3.7,"231"
3.456,8,2018,"TX1300001",3.7,"232"
3.273,8,2018,"TX1300001",3.7,"233"
3.702,8,2018,"TX1300001",3.7,"234"
3.498,8,2018,"TX1300001",3.7,"235"
3.574,8,2018,"TX1300001",3.7,"236"
3.137,8,2018,"TX1300001",3.7,"237"
3.448,8,2018,"TX1300001",3.7,"238"
3.593,8,2018,"TX1300001",3.7,"239"
3.451,8,2018,"TX1300001",3.7,"240"
3.645,8,2018,"TX1300001",3.7,"241"
3.566,8,2018,"TX1300001",3.7,"242"
3.475,8,2018,"TX1300001",3.7,"243"
3.074,9,2018,"TX1300001",3.1,"244"
3.094,9,2018,"TX1300001",3.1,"245"
2.621,9,2018,"TX1300001",3.1,"246"
2.248,9,2018,"TX1300001",3.1,"247"
2.533,9,2018,"TX1300001",3.1,"248"
2.335,9,2018,"TX1300001",3.1,"249"
2.113,9,2018,"TX1300001",3.1,"250"
1.935,9,2018,"TX1300001",3.1,"251"
2.169,9,2018,"TX1300001",3.1,"252"
2.172,9,2018,"TX1300001",3.1,"253"
1.974,9,2018,"TX1300001",3.1,"254"
2.234,9,2018,"TX1300001",3.1,"255"
2.077,9,2018,"TX1300001",3.1,"256"
1.903,9,2018,"TX1300001",3.1,"257"
1.66,9,2018,"TX1300001",3.1,"258"
1.89,9,2018,"TX1300001",3.1,"259"
2.023,9,2018,"TX1300001",3.1,"260"
2.104,9,2018,"TX1300001",3.1,"261"
2.179,9,2018,"TX1300001",3.1,"262"
1.95,9,2018,"TX1300001",3.1,"263"
1.803,9,2018,"TX1300001",3.1,"264"
1.714,9,2018,"TX1300001",3.1,"265"
1.989,9,2018,"TX1300001",3.1,"266"
2.051,9,2018,"TX1300001",3.1,"267"
2.066,9,2018,"TX1300001",3.1,"268"
2.098,9,2018,"TX1300001",3.1,"269"
2.038,9,2018,"TX1300001",3.1,"270"
2.015,9,2018,"TX1300001",3.1,"271"
1.681,9,2018,"TX1300001",3.1,"272"
2.074,9,2018,"TX1300001",3.1,"273"
1.975,10,2018,"TX1300001",2.1,"274"
1.953,10,2018,"TX1300001",2.1,"275"
2.185,10,2018,"TX1300001",2.1,"276"
2.119,10,2018,"TX1300001",2.1,"277"
1.984,10,2018,"TX1300001",2.1,"278"
1.958,10,2018,"TX1300001",2.1,"279"
1.865,10,2018,"TX1300001",2.1,"280"
1.898,10,2018,"TX1300001",2.1,"281"
1.849,10,2018,"TX1300001",2.1,"282"
2.106,10,2018,"TX1300001",2.1,"283"
2.063,10,2018,"TX1300001",2.1,"284"
1.981,10,2018,"TX1300001",2.1,"285"
1.756,10,2018,"TX1300001",2.1,"286"
1.761,10,2018,"TX1300001",2.1,"287"
1.837,10,2018,"TX1300001",2.1,"288"
1.841,10,2018,"TX1300001",2.1,"289"
1.902,10,2018,"TX1300001",2.1,"290"
2,10,2018,"TX1300001",2.1,"291"
1.642,10,2018,"TX1300001",2.1,"292"
1.791,10,2018,"TX1300001",2.1,"293"
1.964,10,2018,"TX1300001",2.1,"294"
1.858,10,2018,"TX1300001",2.1,"295"
1.766,10,2018,"TX1300001",2.1,"296"
1.758,10,2018,"TX1300001",2.1,"297"
1.756,10,2018,"TX1300001",2.1,"298"
1.802,10,2018,"TX1300001",2.1,"299"
1.925,10,2018,"TX1300001",2.1,"300"
2.002,10,2018,"TX1300001",2.1,"301"
2.124,10,2018,"TX1300001",2.1,"302"
1.834,10,2018,"TX1300001",2.1,"303"
2.037,10,2018,"TX1300001",2.1,"304"
1.937,11,2018,"TX1300001",2.2,"305"
1.946,11,2018,"TX1300001",2.2,"306"
1.896,11,2018,"TX1300001",2.2,"307"
2.122,11,2018,"TX1300001",2.2,"308"
2.146,11,2018,"TX1300001",2.2,"309"
2.065,11,2018,"TX1300001",2.2,"310"
2.127,11,2018,"TX1300001",2.2,"311"
1.929,11,2018,"TX1300001",2.2,"312"
1.867,11,2018,"TX1300001",2.2,"313"
1.917,11,2018,"TX1300001",2.2,"314"
1.915,11,2018,"TX1300001",2.2,"315"
1.728,11,2018,"TX1300001",2.2,"316"
1.901,11,2018,"TX1300001",2.2,"317"
1.923,11,2018,"TX1300001",2.2,"318"
1.965,11,2018,"TX1300001",2.2,"319"
1.897,11,2018,"TX1300001",2.2,"320"
1.953,11,2018,"TX1300001",2.2,"321"
1.894,11,2018,"TX1300001",2.2,"322"
2.074,11,2018,"TX1300001",2.2,"323"
1.97,11,2018,"TX1300001",2.2,"324"
2.037,11,2018,"TX1300001",2.2,"325"
1.861,11,2018,"TX1300001",2.2,"326"
2.006,11,2018,"TX1300001",2.2,"327"
1.984,11,2018,"TX1300001",2.2,"328"
2.17,11,2018,"TX1300001",2.2,"329"
2.26,11,2018,"TX1300001",2.2,"330"
2.026,11,2018,"TX1300001",2.2,"331"
2.055,11,2018,"TX1300001",2.2,"332"
2.225,11,2018,"TX1300001",2.2,"333"
1.829,11,2018,"TX1300001",2.2,"334"
2.014,12,2018,"TX1300001",2.2,"335"
2.193,12,2018,"TX1300001",2.2,"336"
2.156,12,2018,"TX1300001",2.2,"337"
2.091,12,2018,"TX1300001",2.2,"338"
2.057,12,2018,"TX1300001",2.2,"339"
1.904,12,2018,"TX1300001",2.2,"340"
1.719,12,2018,"TX1300001",2.2,"341"
1.616,12,2018,"TX1300001",2.2,"342"
1.852,12,2018,"TX1300001",2.2,"343"
1.938,12,2018,"TX1300001",2.2,"344"
1.995,12,2018,"TX1300001",2.2,"345"
1.987,12,2018,"TX1300001",2.2,"346"
1.86,12,2018,"TX1300001",2.2,"347"
1.926,12,2018,"TX1300001",2.2,"348"
1.782,12,2018,"TX1300001",2.2,"349"
1.868,12,2018,"TX1300001",2.2,"350"
2.015,12,2018,"TX1300001",2.2,"351"
2.087,12,2018,"TX1300001",2.2,"352"
2.182,12,2018,"TX1300001",2.2,"353"
1.961,12,2018,"TX1300001",2.2,"354"
1.877,12,2018,"TX1300001",2.2,"355"
1.98,12,2018,"TX1300001",2.2,"356"
1.893,12,2018,"TX1300001",2.2,"357"
1.836,12,2018,"TX1300001",2.2,"358"
1.715,12,2018,"TX1300001",2.2,"359"
1.741,12,2018,"TX1300001",2.2,"360"
1.887,12,2018,"TX1300001",2.2,"361"
1.786,12,2018,"TX1300001",2.2,"362"
1.801,12,2018,"TX1300001",2.2,"363"
1.726,12,2018,"TX1300001",2.2,"364"
1.688,12,2018,"TX1300001",2.2,"365"
1.697,1,2019,"TX1300001",2.3,"1"
1.717,1,2019,"TX1300001",2.3,"2"
1.642,1,2019,"TX1300001",2.3,"3"
1.831,1,2019,"TX1300001",2.3,"4"
1.793,1,2019,"TX1300001",2.3,"5"
1.793,1,2019,"TX1300001",2.3,"6"
2.124,1,2019,"TX1300001",2.3,"7"
2.29,1,2019,"TX1300001",2.3,"8"
2.124,1,2019,"TX1300001",2.3,"9"
2.243,1,2019,"TX1300001",2.3,"10"
1.612,1,2019,"TX1300001",2.3,"11"
1.72,1,2019,"TX1300001",2.3,"12"
1.938,1,2019,"TX1300001",2.3,"13"
1.978,1,2019,"TX1300001",2.3,"14"
1.803,1,2019,"TX1300001",2.3,"15"
2.007,1,2019,"TX1300001",2.3,"16"
1.901,1,2019,"TX1300001",2.3,"17"
1.723,1,2019,"TX1300001",2.3,"18"
1.826,1,2019,"TX1300001",2.3,"19"
1.864,1,2019,"TX1300001",2.3,"20"
2.005,1,2019,"TX1300001",2.3,"21"
1.82,1,2019,"TX1300001",2.3,"22"
1.88,1,2019,"TX1300001",2.3,"23"
1.932,1,2019,"TX1300001",2.3,"24"
1.885,1,2019,"TX1300001",2.3,"25"
1.812,1,2019,"TX1300001",2.3,"26"
1.981,1,2019,"TX1300001",2.3,"27"
1.977,1,2019,"TX1300001",2.3,"28"
1.801,1,2019,"TX1300001",2.3,"29"
1.822,1,2019,"TX1300001",2.3,"30"
1.727,1,2019,"TX1300001",2.3,"31"
1.704,2,2019,"TX1300001",2,"32"
1.656,2,2019,"TX1300001",2,"33"
1.777,2,2019,"TX1300001",2,"34"
1.815,2,2019,"TX1300001",2,"35"
1.738,2,2019,"TX1300001",2,"36"
1.797,2,2019,"TX1300001",2,"37"
1.829,2,2019,"TX1300001",2,"38"
1.666,2,2019,"TX1300001",2,"39"
1.498,2,2019,"TX1300001",2,"40"
1.546,2,2019,"TX1300001",2,"41"
1.687,2,2019,"TX1300001",2,"42"
1.748,2,2019,"TX1300001",2,"43"
1.882,2,2019,"TX1300001",2,"44"
1.893,2,2019,"TX1300001",2,"45"
1.873,2,2019,"TX1300001",2,"46"
1.894,2,2019,"TX1300001",2,"47"
1.826,2,2019,"TX1300001",2,"48"
1.979,2,2019,"TX1300001",2,"49"
1.684,2,2019,"TX1300001",2,"50"
1.95,2,2019,"TX1300001",2,"51"
1.798,2,2019,"TX1300001",2,"52"
1.691,2,2019,"TX1300001",2,"53"
1.823,2,2019,"TX1300001",2,"54"
1.901,2,2019,"TX1300001",2,"55"
1.964,2,2019,"TX1300001",2,"56"
1.871,2,2019,"TX1300001",2,"57"
1.929,2,2019,"TX1300001",2,"58"
1.796,2,2019,"TX1300001",2,"59"
1.684,3,2019,"TX1300001",2.6,"60"
1.738,3,2019,"TX1300001",2.6,"61"
1.893,3,2019,"TX1300001",2.6,"62"
1.812,3,2019,"TX1300001",2.6,"63"
1.862,3,2019,"TX1300001",2.6,"64"
1.93,3,2019,"TX1300001",2.6,"65"
1.902,3,2019,"TX1300001",2.6,"66"
1.898,3,2019,"TX1300001",2.6,"67"
1.851,3,2019,"TX1300001",2.6,"68"
1.767,3,2019,"TX1300001",2.6,"69"
1.77,3,2019,"TX1300001",2.6,"70"
1.743,3,2019,"TX1300001",2.6,"71"
1.841,3,2019,"TX1300001",2.6,"72"
1.953,3,2019,"TX1300001",2.6,"73"
1.839,3,2019,"TX1300001",2.6,"74"
1.749,3,2019,"TX1300001",2.6,"75"
2.04,3,2019,"TX1300001",2.6,"76"
2.101,3,2019,"TX1300001",2.6,"77"
1.986,3,2019,"TX1300001",2.6,"78"
2.223,3,2019,"TX1300001",2.6,"79"
2.243,3,2019,"TX1300001",2.6,"80"
1.89,3,2019,"TX1300001",2.6,"81"
2.043,3,2019,"TX1300001",2.6,"82"
2.383,3,2019,"TX1300001",2.6,"83"
2.413,3,2019,"TX1300001",2.6,"84"
2.443,3,2019,"TX1300001",2.6,"85"
2.537,3,2019,"TX1300001",2.6,"86"
2.318,3,2019,"TX1300001",2.6,"87"
2.118,3,2019,"TX1300001",2.6,"88"
2.138,3,2019,"TX1300001",2.6,"89"
2.673,3,2019,"TX1300001",2.6,"90"
2.402,4,2019,"TX1300001",2.6,"91"
2.401,4,2019,"TX1300001",2.6,"92"
2.16,4,2019,"TX1300001",2.6,"93"
2.32,4,2019,"TX1300001",2.6,"94"
2.243,4,2019,"TX1300001",2.6,"95"
1.852,4,2019,"TX1300001",2.6,"96"
1.913,4,2019,"TX1300001",2.6,"97"
2.15,4,2019,"TX1300001",2.6,"98"
2.352,4,2019,"TX1300001",2.6,"99"
2.565,4,2019,"TX1300001",2.6,"100"
2.38,4,2019,"TX1300001",2.6,"101"
2.216,4,2019,"TX1300001",2.6,"102"
2.182,4,2019,"TX1300001",2.6,"103"
2.431,4,2019,"TX1300001",2.6,"104"
2.369,4,2019,"TX1300001",2.6,"105"
2.31,4,2019,"TX1300001",2.6,"106"
2.153,4,2019,"TX1300001",2.6,"107"
2.066,4,2019,"TX1300001",2.6,"108"
2.172,4,2019,"TX1300001",2.6,"109"
2.315,4,2019,"TX1300001",2.6,"110"
2.37,4,2019,"TX1300001",2.6,"111"
2.421,4,2019,"TX1300001",2.6,"112"
2.243,4,2019,"TX1300001",2.6,"113"
1.858,4,2019,"TX1300001",2.6,"114"
2.142,4,2019,"TX1300001",2.6,"115"
2.082,4,2019,"TX1300001",2.6,"116"
2.217,4,2019,"TX1300001",2.6,"117"
2.561,4,2019,"TX1300001",2.6,"118"
2.329,4,2019,"TX1300001",2.6,"119"
2.09,4,2019,"TX1300001",2.6,"120"
2.255,5,2019,"TX1300001",3,"121"
2.013,5,2019,"TX1300001",3,"122"
1.617,5,2019,"TX1300001",3,"123"
2.008,5,2019,"TX1300001",3,"124"
2.335,5,2019,"TX1300001",3,"125"
2.066,5,2019,"TX1300001",3,"126"
1.934,5,2019,"TX1300001",3,"127"
1.871,5,2019,"TX1300001",3,"128"
1.676,5,2019,"TX1300001",3,"129"
1.658,5,2019,"TX1300001",3,"130"
1.69,5,2019,"TX1300001",3,"131"
2.031,5,2019,"TX1300001",3,"132"
2.143,5,2019,"TX1300001",3,"133"
2.154,5,2019,"TX1300001",3,"134"
2.177,5,2019,"TX1300001",3,"135"
2.265,5,2019,"TX1300001",3,"136"
2.027,5,2019,"TX1300001",3,"137"
1.897,5,2019,"TX1300001",3,"138"
2.189,5,2019,"TX1300001",3,"139"
2.226,5,2019,"TX1300001",3,"140"
2.256,5,2019,"TX1300001",3,"141"
2.464,5,2019,"TX1300001",3,"142"
2.637,5,2019,"TX1300001",3,"143"
2.398,5,2019,"TX1300001",3,"144"
2.372,5,2019,"TX1300001",3,"145"
2.679,5,2019,"TX1300001",3,"146"
2.973,5,2019,"TX1300001",3,"147"
2.646,5,2019,"TX1300001",3,"148"
3.07,5,2019,"TX1300001",3,"149"
2.515,5,2019,"TX1300001",3,"150"
2.424,5,2019,"TX1300001",3,"151"
2.747,6,2019,"TX1300001",3.1,"152"
3.043,6,2019,"TX1300001",3.1,"153"
2.636,6,2019,"TX1300001",3.1,"154"
2.353,6,2019,"TX1300001",3.1,"155"
2.464,6,2019,"TX1300001",3.1,"156"
2.246,6,2019,"TX1300001",3.1,"157"
2.403,6,2019,"TX1300001",3.1,"158"
2.397,6,2019,"TX1300001",3.1,"159"
2.356,6,2019,"TX1300001",3.1,"160"
2.217,6,2019,"TX1300001",3.1,"161"
2.126,6,2019,"TX1300001",3.1,"162"
2.458,6,2019,"TX1300001",3.1,"163"
3.024,6,2019,"TX1300001",3.1,"164"
3.136,6,2019,"TX1300001",3.1,"165"
3.02,6,2019,"TX1300001",3.1,"166"
2.455,6,2019,"TX1300001",3.1,"167"
2.152,6,2019,"TX1300001",3.1,"168"
2.509,6,2019,"TX1300001",3.1,"169"
2.668,6,2019,"TX1300001",3.1,"170"
2.684,6,2019,"TX1300001",3.1,"171"
2.425,6,2019,"TX1300001",3.1,"172"
2.258,6,2019,"TX1300001",3.1,"173"
2.452,6,2019,"TX1300001",3.1,"174"
2.29,6,2019,"TX1300001",3.1,"175"
2.198,6,2019,"TX1300001",3.1,"176"
2.199,6,2019,"TX1300001",3.1,"177"
2.204,6,2019,"TX1300001",3.1,"178"
2.004,6,2019,"TX1300001",3.1,"179"
1.955,6,2019,"TX1300001",3.1,"180"
1.983,6,2019,"TX1300001",3.1,"181"
2.44,7,2019,"TX1300001",3.8,"182"
2.322,7,2019,"TX1300001",3.8,"183"
2.302,7,2019,"TX1300001",3.8,"184"
2.219,7,2019,"TX1300001",3.8,"185"
2.469,7,2019,"TX1300001",3.8,"186"
2.341,7,2019,"TX1300001",3.8,"187"
1.792,7,2019,"TX1300001",3.8,"188"
2.788,7,2019,"TX1300001",3.8,"189"
2.714,7,2019,"TX1300001",3.8,"190"
2.77,7,2019,"TX1300001",3.8,"191"
2.674,7,2019,"TX1300001",3.8,"192"
2.804,7,2019,"TX1300001",3.8,"193"
2.565,7,2019,"TX1300001",3.8,"194"
3.128,7,2019,"TX1300001",3.8,"195"
3.184,7,2019,"TX1300001",3.8,"196"
3.142,7,2019,"TX1300001",3.8,"197"
3.307,7,2019,"TX1300001",3.8,"198"
3.081,7,2019,"TX1300001",3.8,"199"
3.349,7,2019,"TX1300001",3.8,"200"
3.014,7,2019,"TX1300001",3.8,"201"
3.48,7,2019,"TX1300001",3.8,"202"
3.475,7,2019,"TX1300001",3.8,"203"
3.519,7,2019,"TX1300001",3.8,"204"
3.635,7,2019,"TX1300001",3.8,"205"
3.548,7,2019,"TX1300001",3.8,"206"
3.46,7,2019,"TX1300001",3.8,"207"
3.368,7,2019,"TX1300001",3.8,"208"
3.774,7,2019,"TX1300001",3.8,"209"
3.761,7,2019,"TX1300001",3.8,"210"
3.789,7,2019,"TX1300001",3.8,"211"
3.799,7,2019,"TX1300001",3.8,"212"
3.973,8,2019,"TX1300001",4.2,"213"
3.815,8,2019,"TX1300001",4.2,"214"
3.446,8,2019,"TX1300001",4.2,"215"
3.75,8,2019,"TX1300001",4.2,"216"
3.859,8,2019,"TX1300001",4.2,"217"
3.927,8,2019,"TX1300001",4.2,"218"
3.972,8,2019,"TX1300001",4.2,"219"
4.052,8,2019,"TX1300001",4.2,"220"
3.937,8,2019,"TX1300001",4.2,"221"
3.673,8,2019,"TX1300001",4.2,"222"
4.086,8,2019,"TX1300001",4.2,"223"
4.076,8,2019,"TX1300001",4.2,"224"
4.08,8,2019,"TX1300001",4.2,"225"
3.412,8,2019,"TX1300001",4.2,"226"
3.383,8,2019,"TX1300001",4.2,"227"
3.781,8,2019,"TX1300001",4.2,"228"
3.502,8,2019,"TX1300001",4.2,"229"
3.992,8,2019,"TX1300001",4.2,"230"
4.017,8,2019,"TX1300001",4.2,"231"
4.335,8,2019,"TX1300001",4.2,"232"
3.83,8,2019,"TX1300001",4.2,"233"
3.181,8,2019,"TX1300001",4.2,"234"
3.288,8,2019,"TX1300001",4.2,"235"
2.963,8,2019,"TX1300001",4.2,"236"
3.416,8,2019,"TX1300001",4.2,"237"
2.487,8,2019,"TX1300001",4.2,"238"
3.455,8,2019,"TX1300001",4.2,"239"
3.681,8,2019,"TX1300001",4.2,"240"
3.559,8,2019,"TX1300001",4.2,"241"
3.736,8,2019,"TX1300001",4.2,"242"
3.419,8,2019,"TX1300001",4.2,"243"
3.517,9,2019,"TX1300001",3.8,"244"
3.808,9,2019,"TX1300001",3.8,"245"
3.709,9,2019,"TX1300001",3.8,"246"
3.608,9,2019,"TX1300001",3.8,"247"
3.541,9,2019,"TX1300001",3.8,"248"
3.592,9,2019,"TX1300001",3.8,"249"
3.628,9,2019,"TX1300001",3.8,"250"
3.761,9,2019,"TX1300001",3.8,"251"
3.565,9,2019,"TX1300001",3.8,"252"
3.354,9,2019,"TX1300001",3.8,"253"
2.72,9,2019,"TX1300001",3.8,"254"
3.103,9,2019,"TX1300001",3.8,"255"
3.22,9,2019,"TX1300001",3.8,"256"
3.163,9,2019,"TX1300001",3.8,"257"
3.625,9,2019,"TX1300001",3.8,"258"
3.385,9,2019,"TX1300001",3.8,"259"
3.327,9,2019,"TX1300001",3.8,"260"
3.409,9,2019,"TX1300001",3.8,"261"
3.308,9,2019,"TX1300001",3.8,"262"
3.156,9,2019,"TX1300001",3.8,"263"
3.237,9,2019,"TX1300001",3.8,"264"
3.565,9,2019,"TX1300001",3.8,"265"
3.482,9,2019,"TX1300001",3.8,"266"
3.386,9,2019,"TX1300001",3.8,"267"
3.52,9,2019,"TX1300001",3.8,"268"
3.262,9,2019,"TX1300001",3.8,"269"
3.526,9,2019,"TX1300001",3.8,"270"
3.054,9,2019,"TX1300001",3.8,"271"
3.103,9,2019,"TX1300001",3.8,"272"
3.157,9,2019,"TX1300001",3.8,"273"
3.103,10,2019,"TX1300001",3.4,"274"
3.352,10,2019,"TX1300001",3.4,"275"
3.195,10,2019,"TX1300001",3.4,"276"
3.321,10,2019,"TX1300001",3.4,"277"
3.261,10,2019,"TX1300001",3.4,"278"
3.485,10,2019,"TX1300001",3.4,"279"
3.244,10,2019,"TX1300001",3.4,"280"
3.336,10,2019,"TX1300001",3.4,"281"
3.236,10,2019,"TX1300001",3.4,"282"
3.202,10,2019,"TX1300001",3.4,"283"
2.768,10,2019,"TX1300001",3.4,"284"
2.863,10,2019,"TX1300001",3.4,"285"
3.296,10,2019,"TX1300001",3.4,"286"
3.28,10,2019,"TX1300001",3.4,"287"
2.505,10,2019,"TX1300001",3.4,"288"
2.703,10,2019,"TX1300001",3.4,"289"
2.663,10,2019,"TX1300001",3.4,"290"
2.637,10,2019,"TX1300001",3.4,"291"
2.612,10,2019,"TX1300001",3.4,"292"
2.732,10,2019,"TX1300001",3.4,"293"
2.765,10,2019,"TX1300001",3.4,"294"
2.701,10,2019,"TX1300001",3.4,"295"
2.574,10,2019,"TX1300001",3.4,"296"
2.196,10,2019,"TX1300001",3.4,"297"
2.35,10,2019,"TX1300001",3.4,"298"
2.221,10,2019,"TX1300001",3.4,"299"
2.602,10,2019,"TX1300001",3.4,"300"
2.431,10,2019,"TX1300001",3.4,"301"
2.046,10,2019,"TX1300001",3.4,"302"
2.08,10,2019,"TX1300001",3.4,"303"
2.022,10,2019,"TX1300001",3.4,"304"
2.275,11,2019,"TX1300001",2.4,"305"
2.269,11,2019,"TX1300001",2.4,"306"
2.447,11,2019,"TX1300001",2.4,"307"
2.441,11,2019,"TX1300001",2.4,"308"
2.357,11,2019,"TX1300001",2.4,"309"
2.356,11,2019,"TX1300001",2.4,"310"
1.917,11,2019,"TX1300001",2.4,"311"
2.094,11,2019,"TX1300001",2.4,"312"
2.082,11,2019,"TX1300001",2.4,"313"
2.44,11,2019,"TX1300001",2.4,"314"
1.975,11,2019,"TX1300001",2.4,"315"
2.064,11,2019,"TX1300001",2.4,"316"
2.165,11,2019,"TX1300001",2.4,"317"
1.903,11,2019,"TX1300001",2.4,"318"
1.991,11,2019,"TX1300001",2.4,"319"
2.195,11,2019,"TX1300001",2.4,"320"
2.368,11,2019,"TX1300001",2.4,"321"
2.281,11,2019,"TX1300001",2.4,"322"
2.108,11,2019,"TX1300001",2.4,"323"
2.182,11,2019,"TX1300001",2.4,"324"
2.027,11,2019,"TX1300001",2.4,"325"
2.114,11,2019,"TX1300001",2.4,"326"
2.07,11,2019,"TX1300001",2.4,"327"
2.382,11,2019,"TX1300001",2.4,"328"
2.24,11,2019,"TX1300001",2.4,"329"
2.192,11,2019,"TX1300001",2.4,"330"
2.062,11,2019,"TX1300001",2.4,"331"
1.85,11,2019,"TX1300001",2.4,"332"
1.887,11,2019,"TX1300001",2.4,"333"
2.01,11,2019,"TX1300001",2.4,"334"
2.311,12,2019,"TX1300001",2.3,"335"
2.138,12,2019,"TX1300001",2.3,"336"
2.008,12,2019,"TX1300001",2.3,"337"
2.131,12,2019,"TX1300001",2.3,"338"
2.017,12,2019,"TX1300001",2.3,"339"
2.126,12,2019,"TX1300001",2.3,"340"
1.976,12,2019,"TX1300001",2.3,"341"
2.286,12,2019,"TX1300001",2.3,"342"
2.046,12,2019,"TX1300001",2.3,"343"
1.919,12,2019,"TX1300001",2.3,"344"
2.053,12,2019,"TX1300001",2.3,"345"
2.245,12,2019,"TX1300001",2.3,"346"
1.997,12,2019,"TX1300001",2.3,"347"
2.039,12,2019,"TX1300001",2.3,"348"
2.247,12,2019,"TX1300001",2.3,"349"
2.165,12,2019,"TX1300001",2.3,"350"
1.927,12,2019,"TX1300001",2.3,"351"
2.054,12,2019,"TX1300001",2.3,"352"
1.894,12,2019,"TX1300001",2.3,"353"
1.903,12,2019,"TX1300001",2.3,"354"
1.812,12,2019,"TX1300001",2.3,"355"
1.77,12,2019,"TX1300001",2.3,"356"
2.056,12,2019,"TX1300001",2.3,"357"
1.792,12,2019,"TX1300001",2.3,"358"
1.691,12,2019,"TX1300001",2.3,"359"
1.877,12,2019,"TX1300001",2.3,"360"
1.976,12,2019,"TX1300001",2.3,"361"
1.947,12,2019,"TX1300001",2.3,"362"
1.881,12,2019,"TX1300001",2.3,"363"
1.949,12,2019,"TX1300001",2.3,"364"
1.788,12,2019,"TX1300001",2.3,"365"
1.897,1,2020,"TX1300001",2.2,"1"
1.897,1,2020,"TX1300001",2.2,"2"
2.097,1,2020,"TX1300001",2.2,"3"
1.99,1,2020,"TX1300001",2.2,"4"
2.273,1,2020,"TX1300001",2.2,"5"
2.187,1,2020,"TX1300001",2.2,"6"
2.047,1,2020,"TX1300001",2.2,"7"
2.077,1,2020,"TX1300001",2.2,"8"
1.907,1,2020,"TX1300001",2.2,"9"
1.851,1,2020,"TX1300001",2.2,"10"
1.78,1,2020,"TX1300001",2.2,"11"
2.12,1,2020,"TX1300001",2.2,"12"
1.876,1,2020,"TX1300001",2.2,"13"
1.91,1,2020,"TX1300001",2.2,"14"
1.917,1,2020,"TX1300001",2.2,"15"
1.672,1,2020,"TX1300001",2.2,"16"
1.746,1,2020,"TX1300001",2.2,"17"
1.803,1,2020,"TX1300001",2.2,"18"
1.797,1,2020,"TX1300001",2.2,"19"
1.944,1,2020,"TX1300001",2.2,"20"
1.807,1,2020,"TX1300001",2.2,"21"
1.699,1,2020,"TX1300001",2.2,"22"
1.795,1,2020,"TX1300001",2.2,"23"
1.845,1,2020,"TX1300001",2.2,"24"
1.873,1,2020,"TX1300001",2.2,"25"
2.042,1,2020,"TX1300001",2.2,"26"
1.905,1,2020,"TX1300001",2.2,"27"
1.759,1,2020,"TX1300001",2.2,"28"
1.98,1,2020,"TX1300001",2.2,"29"
1.784,1,2020,"TX1300001",2.2,"30"
1.828,1,2020,"TX1300001",2.2,"31"
1.911,2,2020,"TX1300001",2.1,"32"
2.036,2,2020,"TX1300001",2.1,"33"
1.952,2,2020,"TX1300001",2.1,"34"
1.813,2,2020,"TX1300001",2.1,"35"
1.765,2,2020,"TX1300001",2.1,"36"
1.912,2,2020,"TX1300001",2.1,"37"
1.871,2,2020,"TX1300001",2.1,"38"
1.859,2,2020,"TX1300001",2.1,"39"
1.832,2,2020,"TX1300001",2.1,"40"
1.763,2,2020,"TX1300001",2.1,"41"
1.736,2,2020,"TX1300001",2.1,"42"
1.776,2,2020,"TX1300001",2.1,"43"
1.809,2,2020,"TX1300001",2.1,"44"
1.837,2,2020,"TX1300001",2.1,"45"
1.747,2,2020,"TX1300001",2.1,"46"
1.941,2,2020,"TX1300001",2.1,"47"
1.967,2,2020,"TX1300001",2.1,"48"
1.882,2,2020,"TX1300001",2.1,"49"
1.863,2,2020,"TX1300001",2.1,"50"
1.77,2,2020,"TX1300001",2.1,"51"
1.969,2,2020,"TX1300001",2.1,"52"
1.945,2,2020,"TX1300001",2.1,"53"
1.858,2,2020,"TX1300001",2.1,"54"
1.909,2,2020,"TX1300001",2.1,"55"
1.966,2,2020,"TX1300001",2.1,"56"
2.133,2,2020,"TX1300001",2.1,"57"
2.015,2,2020,"TX1300001",2.1,"58"
2.022,2,2020,"TX1300001",2.1,"59"
2.085,2,2020,"TX1300001",2.1,"60"
2.285,3,2020,"TX1300001",2.4,"61"
2.046,3,2020,"TX1300001",2.4,"62"
1.957,3,2020,"TX1300001",2.4,"63"
1.72,3,2020,"TX1300001",2.4,"64"
1.958,3,2020,"TX1300001",2.4,"65"
1.98,3,2020,"TX1300001",2.4,"66"
1.805,3,2020,"TX1300001",2.4,"67"
1.986,3,2020,"TX1300001",2.4,"68"
1.879,3,2020,"TX1300001",2.4,"69"
1.94,3,2020,"TX1300001",2.4,"70"
2.258,3,2020,"TX1300001",2.4,"71"
2.131,3,2020,"TX1300001",2.4,"72"
2.172,3,2020,"TX1300001",2.4,"73"
2.139,3,2020,"TX1300001",2.4,"74"
2.165,3,2020,"TX1300001",2.4,"75"
2.122,3,2020,"TX1300001",2.4,"76"
2.02,3,2020,"TX1300001",2.4,"77"
1.956,3,2020,"TX1300001",2.4,"78"
1.971,3,2020,"TX1300001",2.4,"79"
1.871,3,2020,"TX1300001",2.4,"80"
1.673,3,2020,"TX1300001",2.4,"81"
1.846,3,2020,"TX1300001",2.4,"82"
1.844,3,2020,"TX1300001",2.4,"83"
2.078,3,2020,"TX1300001",2.4,"84"
2.39,3,2020,"TX1300001",2.4,"85"
2.308,3,2020,"TX1300001",2.4,"86"
2.181,3,2020,"TX1300001",2.4,"87"
2.225,3,2020,"TX1300001",2.4,"88"
2.468,3,2020,"TX1300001",2.4,"89"
2.002,3,2020,"TX1300001",2.4,"90"
2.213,3,2020,"TX1300001",2.4,"91"
1.951,4,2020,"TX1300001",3,"92"
1.768,4,2020,"TX1300001",3,"93"
1.785,4,2020,"TX1300001",3,"94"
1.681,4,2020,"TX1300001",3,"95"
1.779,4,2020,"TX1300001",3,"96"
1.836,4,2020,"TX1300001",3,"97"
1.977,4,2020,"TX1300001",3,"98"
2.182,4,2020,"TX1300001",3,"99"
1.898,4,2020,"TX1300001",3,"100"
1.915,4,2020,"TX1300001",3,"101"
1.817,4,2020,"TX1300001",3,"102"
2.158,4,2020,"TX1300001",3,"103"
2.15,4,2020,"TX1300001",3,"104"
2.515,4,2020,"TX1300001",3,"105"
2.481,4,2020,"TX1300001",3,"106"
2.398,4,2020,"TX1300001",3,"107"
2.102,4,2020,"TX1300001",3,"108"
2.052,4,2020,"TX1300001",3,"109"
2.548,4,2020,"TX1300001",3,"110"
2.783,4,2020,"TX1300001",3,"111"
2.507,4,2020,"TX1300001",3,"112"
2.301,4,2020,"TX1300001",3,"113"
2.635,4,2020,"TX1300001",3,"114"
2.902,4,2020,"TX1300001",3,"115"
2.767,4,2020,"TX1300001",3,"116"
3.047,4,2020,"TX1300001",3,"117"
2.873,4,2020,"TX1300001",3,"118"
2.471,4,2020,"TX1300001",3,"119"
2.907,4,2020,"TX1300001",3,"120"
2.937,4,2020,"TX1300001",3,"121"
3.033,5,2020,"TX1300001",3.6,"122"
2.666,5,2020,"TX1300001",3.6,"123"
3.591,5,2020,"TX1300001",3.6,"124"
3.535,5,2020,"TX1300001",3.6,"125"
3.145,5,2020,"TX1300001",3.6,"126"
3.205,5,2020,"TX1300001",3.6,"127"
3.309,5,2020,"TX1300001",3.6,"128"
3.338,5,2020,"TX1300001",3.6,"129"
3.191,5,2020,"TX1300001",3.6,"130"
3.268,5,2020,"TX1300001",3.6,"131"
3.287,5,2020,"TX1300001",3.6,"132"
2.141,5,2020,"TX1300001",3.6,"133"
2.248,5,2020,"TX1300001",3.6,"134"
2.581,5,2020,"TX1300001",3.6,"135"
1.999,5,2020,"TX1300001",3.6,"136"
2.061,5,2020,"TX1300001",3.6,"137"
2.507,5,2020,"TX1300001",3.6,"138"
2.773,5,2020,"TX1300001",3.6,"139"
2.768,5,2020,"TX1300001",3.6,"140"
2.833,5,2020,"TX1300001",3.6,"141"
2.774,5,2020,"TX1300001",3.6,"142"
2.64,5,2020,"TX1300001",3.6,"143"
2.462,5,2020,"TX1300001",3.6,"144"
2.163,5,2020,"TX1300001",3.6,"145"
2.104,5,2020,"TX1300001",3.6,"146"
2.01,5,2020,"TX1300001",3.6,"147"
2.459,5,2020,"TX1300001",3.6,"148"
2.326,5,2020,"TX1300001",3.6,"149"
2.405,5,2020,"TX1300001",3.6,"150"
2.276,5,2020,"TX1300001",3.6,"151"
2.352,5,2020,"TX1300001",3.6,"152"
2.417,6,2020,"TX1300001",3.5,"153"
2.445,6,2020,"TX1300001",3.5,"154"
2.656,6,2020,"TX1300001",3.5,"155"
2.82,6,2020,"TX1300001",3.5,"156"
2.825,6,2020,"TX1300001",3.5,"157"
2.924,6,2020,"TX1300001",3.5,"158"
3.222,6,2020,"TX1300001",3.5,"159"
3.468,6,2020,"TX1300001",3.5,"160"
3.129,6,2020,"TX1300001",3.5,"161"
3.409,6,2020,"TX1300001",3.5,"162"
3.477,6,2020,"TX1300001",3.5,"163"
3.505,6,2020,"TX1300001",3.5,"164"
3.34,6,2020,"TX1300001",3.5,"165"
3.511,6,2020,"TX1300001",3.5,"166"
3.38,6,2020,"TX1300001",3.5,"167"
3.194,6,2020,"TX1300001",3.5,"168"
3.325,6,2020,"TX1300001",3.5,"169"
3.343,6,2020,"TX1300001",3.5,"170"
3.397,6,2020,"TX1300001",3.5,"171"
3.26,6,2020,"TX1300001",3.5,"172"
3.531,6,2020,"TX1300001",3.5,"173"
3.368,6,2020,"TX1300001",3.5,"174"
2.682,6,2020,"TX1300001",3.5,"175"
2.898,6,2020,"TX1300001",3.5,"176"
2.943,6,2020,"TX1300001",3.5,"177"
2.44,6,2020,"TX1300001",3.5,"178"
2.629,6,2020,"TX1300001",3.5,"179"
2.885,6,2020,"TX1300001",3.5,"180"
3.147,6,2020,"TX1300001",3.5,"181"
3.075,6,2020,"TX1300001",3.5,"182"
3.159,7,2020,"TX1300001",4.1,"183"
3.461,7,2020,"TX1300001",4.1,"184"
3.449,7,2020,"TX1300001",4.1,"185"
3.134,7,2020,"TX1300001",4.1,"186"
3.594,7,2020,"TX1300001",4.1,"187"
3.618,7,2020,"TX1300001",4.1,"188"
3.533,7,2020,"TX1300001",4.1,"189"
3.449,7,2020,"TX1300001",4.1,"190"
3.727,7,2020,"TX1300001",4.1,"191"
3.595,7,2020,"TX1300001",4.1,"192"
3.698,7,2020,"TX1300001",4.1,"193"
3.952,7,2020,"TX1300001",4.1,"194"
4.092,7,2020,"TX1300001",4.1,"195"
3.999,7,2020,"TX1300001",4.1,"196"
3.902,7,2020,"TX1300001",4.1,"197"
4.131,7,2020,"TX1300001",4.1,"198"
3.836,7,2020,"TX1300001",4.1,"199"
3.543,7,2020,"TX1300001",4.1,"200"
3.911,7,2020,"TX1300001",4.1,"201"
3.879,7,2020,"TX1300001",4.1,"202"
3.751,7,2020,"TX1300001",4.1,"203"
3.745,7,2020,"TX1300001",4.1,"204"
3.839,7,2020,"TX1300001",4.1,"205"
3.465,7,2020,"TX1300001",4.1,"206"
2.79,7,2020,"TX1300001",4.1,"207"
2.21,7,2020,"TX1300001",4.1,"208"
3.489,7,2020,"TX1300001",4.1,"209"
3.537,7,2020,"TX1300001",4.1,"210"
3.449,7,2020,"TX1300001",4.1,"211"
3.717,7,2020,"TX1300001",4.1,"212"
2.608,7,2020,"TX1300001",4.1,"213"
2.727,8,2020,"TX1300001",4,"214"
3.04,8,2020,"TX1300001",4,"215"
3.202,8,2020,"TX1300001",4,"216"
3.428,8,2020,"TX1300001",4,"217"
3.362,8,2020,"TX1300001",4,"218"
3.671,8,2020,"TX1300001",4,"219"
3.294,8,2020,"TX1300001",4,"220"
3.133,8,2020,"TX1300001",4,"221"
3.736,8,2020,"TX1300001",4,"222"
3.749,8,2020,"TX1300001",4,"223"
3.8,8,2020,"TX1300001",4,"224"
3.619,8,2020,"TX1300001",4,"225"
3.928,8,2020,"TX1300001",4,"226"
3.522,8,2020,"TX1300001",4,"227"
3.288,8,2020,"TX1300001",4,"228"
3.781,8,2020,"TX1300001",4,"229"
4.12,8,2020,"TX1300001",4,"230"
3.65,8,2020,"TX1300001",4,"231"
3.768,8,2020,"TX1300001",4,"232"
3.85,8,2020,"TX1300001",4,"233"
3.574,8,2020,"TX1300001",4,"234"
2.593,8,2020,"TX1300001",4,"235"
3.18,8,2020,"TX1300001",4,"236"
3.448,8,2020,"TX1300001",4,"237"
3.527,8,2020,"TX1300001",4,"238"
3.539,8,2020,"TX1300001",4,"239"
2.99,8,2020,"TX1300001",4,"240"
3.023,8,2020,"TX1300001",4,"241"
2.826,8,2020,"TX1300001",4,"242"
3.405,8,2020,"TX1300001",4,"243"
3.662,8,2020,"TX1300001",4,"244"
3.37,9,2020,"TX1300001",3.3,"245"
3.117,9,2020,"TX1300001",3.3,"246"
2.543,9,2020,"TX1300001",3.3,"247"
2.133,9,2020,"TX1300001",3.3,"248"
2.156,9,2020,"TX1300001",3.3,"249"
2.569,9,2020,"TX1300001",3.3,"250"
3.037,9,2020,"TX1300001",3.3,"251"
2.623,9,2020,"TX1300001",3.3,"252"
2.161,9,2020,"TX1300001",3.3,"253"
2.112,9,2020,"TX1300001",3.3,"254"
2.279,9,2020,"TX1300001",3.3,"255"
2.208,9,2020,"TX1300001",3.3,"256"
2.668,9,2020,"TX1300001",3.3,"257"
2.783,9,2020,"TX1300001",3.3,"258"
2.896,9,2020,"TX1300001",3.3,"259"
2.805,9,2020,"TX1300001",3.3,"260"
2.986,9,2020,"TX1300001",3.3,"261"
2.672,9,2020,"TX1300001",3.3,"262"
2.415,9,2020,"TX1300001",3.3,"263"
2.945,9,2020,"TX1300001",3.3,"264"
2.886,9,2020,"TX1300001",3.3,"265"
2.885,9,2020,"TX1300001",3.3,"266"
2.971,9,2020,"TX1300001",3.3,"267"
2.935,9,2020,"TX1300001",3.3,"268"
2.77,9,2020,"TX1300001",3.3,"269"
2.466,9,2020,"TX1300001",3.3,"270"
3.121,9,2020,"TX1300001",3.3,"271"
3.016,9,2020,"TX1300001",3.3,"272"
3.059,9,2020,"TX1300001",3.3,"273"
3.17,9,2020,"TX1300001",3.3,"274"
3.2,10,2020,"TX1300001",3.4,"275"
2.944,10,2020,"TX1300001",3.4,"276"
2.791,10,2020,"TX1300001",3.4,"277"
2.893,10,2020,"TX1300001",3.4,"278"
3.382,10,2020,"TX1300001",3.4,"279"
3.328,10,2020,"TX1300001",3.4,"280"
3.322,10,2020,"TX1300001",3.4,"281"
3.208,10,2020,"TX1300001",3.4,"282"
2.942,10,2020,"TX1300001",3.4,"283"
2.919,10,2020,"TX1300001",3.4,"284"
3.422,10,2020,"TX1300001",3.4,"285"
3.209,10,2020,"TX1300001",3.4,"286"
3.268,10,2020,"TX1300001",3.4,"287"
3.314,10,2020,"TX1300001",3.4,"288"
3.238,10,2020,"TX1300001",3.4,"289"
2.823,10,2020,"TX1300001",3.4,"290"
2.441,10,2020,"TX1300001",3.4,"291"
3.03,10,2020,"TX1300001",3.4,"292"
3.31,10,2020,"TX1300001",3.4,"293"
3.103,10,2020,"TX1300001",3.4,"294"
3.149,10,2020,"TX1300001",3.4,"295"
3.047,10,2020,"TX1300001",3.4,"296"
2.514,10,2020,"TX1300001",3.4,"297"
2.433,10,2020,"TX1300001",3.4,"298"
2.812,10,2020,"TX1300001",3.4,"299"
2.813,10,2020,"TX1300001",3.4,"300"
2.32,10,2020,"TX1300001",3.4,"301"
2.612,10,2020,"TX1300001",3.4,"302"
2.584,10,2020,"TX1300001",3.4,"303"
2.461,10,2020,"TX1300001",3.4,"304"
2.412,10,2020,"TX1300001",3.4,"305"
2.717,11,2020,"TX1300001",3.2,"306"
2.938,11,2020,"TX1300001",3.2,"307"
2.898,11,2020,"TX1300001",3.2,"308"
2.939,11,2020,"TX1300001",3.2,"309"
2.82,11,2020,"TX1300001",3.2,"310"
2.456,11,2020,"TX1300001",3.2,"311"
2.408,11,2020,"TX1300001",3.2,"312"
2.906,11,2020,"TX1300001",3.2,"313"
3.143,11,2020,"TX1300001",3.2,"314"
2.719,11,2020,"TX1300001",3.2,"315"
2.869,11,2020,"TX1300001",3.2,"316"
2.803,11,2020,"TX1300001",3.2,"317"
2.478,11,2020,"TX1300001",3.2,"318"
2.409,11,2020,"TX1300001",3.2,"319"
2.791,11,2020,"TX1300001",3.2,"320"
3.022,11,2020,"TX1300001",3.2,"321"
2.674,11,2020,"TX1300001",3.2,"322"
2.905,11,2020,"TX1300001",3.2,"323"
2.807,11,2020,"TX1300001",3.2,"324"
2.411,11,2020,"TX1300001",3.2,"325"
2.3,11,2020,"TX1300001",3.2,"326"
2.84,11,2020,"TX1300001",3.2,"327"
3.049,11,2020,"TX1300001",3.2,"328"
3.207,11,2020,"TX1300001",3.2,"329"
2.693,11,2020,"TX1300001",3.2,"330"
2.379,11,2020,"TX1300001",3.2,"331"
2.099,11,2020,"TX1300001",3.2,"332"
1.867,11,2020,"TX1300001",3.2,"333"
2.25,11,2020,"TX1300001",3.2,"334"
2.341,11,2020,"TX1300001",3.2,"335"
2.255,12,2020,"TX1300001",2.4,"336"
2.222,12,2020,"TX1300001",2.4,"337"
2.146,12,2020,"TX1300001",2.4,"338"
2.085,12,2020,"TX1300001",2.4,"339"
1.924,12,2020,"TX1300001",2.4,"340"
2.265,12,2020,"TX1300001",2.4,"341"
2.497,12,2020,"TX1300001",2.4,"342"
2.264,12,2020,"TX1300001",2.4,"343"
2.318,12,2020,"TX1300001",2.4,"344"
2.246,12,2020,"TX1300001",2.4,"345"
2.17,12,2020,"TX1300001",2.4,"346"
1.931,12,2020,"TX1300001",2.4,"347"
2.297,12,2020,"TX1300001",2.4,"348"
2.341,12,2020,"TX1300001",2.4,"349"
2.193,12,2020,"TX1300001",2.4,"350"
2.208,12,2020,"TX1300001",2.4,"351"
2.254,12,2020,"TX1300001",2.4,"352"
2.022,12,2020,"TX1300001",2.4,"353"
1.891,12,2020,"TX1300001",2.4,"354"
2.144,12,2020,"TX1300001",2.4,"355"
2.321,12,2020,"TX1300001",2.4,"356"
2.187,12,2020,"TX1300001",2.4,"357"
2.232,12,2020,"TX1300001",2.4,"358"
1.95,12,2020,"TX1300001",2.4,"359"
2.023,12,2020,"TX1300001",2.4,"360"
1.999,12,2020,"TX1300001",2.4,"361"
2.095,12,2020,"TX1300001",2.4,"362"
2.344,12,2020,"TX1300001",2.4,"363"
2.136,12,2020,"TX1300001",2.4,"364"
2.009,12,2020,"TX1300001",2.4,"365"
1.795,12,2020,"TX1300001",2.4,"366"
1.829,1,2021,"TX1300001",2.2,"1"
1.839,1,2021,"TX1300001",2.2,"2"
2.052,1,2021,"TX1300001",2.2,"3"
2.243,1,2021,"TX1300001",2.2,"4"
2.12,1,2021,"TX1300001",2.2,"5"
2.032,1,2021,"TX1300001",2.2,"6"
1.951,1,2021,"TX1300001",2.2,"7"
1.949,1,2021,"TX1300001",2.2,"8"
1.752,1,2021,"TX1300001",2.2,"9"
1.909,1,2021,"TX1300001",2.2,"10"
1.915,1,2021,"TX1300001",2.2,"11"
1.955,1,2021,"TX1300001",2.2,"12"
1.999,1,2021,"TX1300001",2.2,"13"
1.997,1,2021,"TX1300001",2.2,"14"
1.922,1,2021,"TX1300001",2.2,"15"
1.882,1,2021,"TX1300001",2.2,"16"
1.923,1,2021,"TX1300001",2.2,"17"
2.231,1,2021,"TX1300001",2.2,"18"
2.022,1,2021,"TX1300001",2.2,"19"
1.851,1,2021,"TX1300001",2.2,"20"
1.928,1,2021,"TX1300001",2.2,"21"
1.881,1,2021,"TX1300001",2.2,"22"
1.826,1,2021,"TX1300001",2.2,"23"
1.9,1,2021,"TX1300001",2.2,"24"
2.222,1,2021,"TX1300001",2.2,"25"
1.989,1,2021,"TX1300001",2.2,"26"
2.003,1,2021,"TX1300001",2.2,"27"
2.079,1,2021,"TX1300001",2.2,"28"
2.005,1,2021,"TX1300001",2.2,"29"
1.954,1,2021,"TX1300001",2.2,"30"
2.113,1,2021,"TX1300001",2.2,"31"
2.31,2,2021,"TX1300001",3.9,"32"
2.037,2,2021,"TX1300001",3.9,"33"
2.157,2,2021,"TX1300001",3.9,"34"
2.227,2,2021,"TX1300001",3.9,"35"
2.075,2,2021,"TX1300001",3.9,"36"
1.893,2,2021,"TX1300001",3.9,"37"
2.184,2,2021,"TX1300001",3.9,"38"
2.456,2,2021,"TX1300001",3.9,"39"
2.099,2,2021,"TX1300001",3.9,"40"
1.803,2,2021,"TX1300001",3.9,"41"
1.754,2,2021,"TX1300001",3.9,"42"
1.734,2,2021,"TX1300001",3.9,"43"
1.807,2,2021,"TX1300001",3.9,"44"
2.454,2,2021,"TX1300001",3.9,"45"
3.356,2,2021,"TX1300001",3.9,"46"
3.512,2,2021,"TX1300001",3.9,"47"
4.379,2,2021,"TX1300001",3.9,"48"
3.333,2,2021,"TX1300001",3.9,"49"
2.907,2,2021,"TX1300001",3.9,"50"
2.265,2,2021,"TX1300001",3.9,"51"
2.202,2,2021,"TX1300001",3.9,"52"
2.242,2,2021,"TX1300001",3.9,"53"
2.041,2,2021,"TX1300001",3.9,"54"
2.146,2,2021,"TX1300001",3.9,"55"
1.989,2,2021,"TX1300001",3.9,"56"
1.928,2,2021,"TX1300001",3.9,"57"
1.819,2,2021,"TX1300001",3.9,"58"
1.982,2,2021,"TX1300001",3.9,"59"
2.04,3,2021,"TX1300001",2.6,"60"
1.932,3,2021,"TX1300001",2.6,"61"
2.047,3,2021,"TX1300001",2.6,"62"
2.013,3,2021,"TX1300001",2.6,"63"
1.866,3,2021,"TX1300001",2.6,"64"
1.951,3,2021,"TX1300001",2.6,"65"
1.988,3,2021,"TX1300001",2.6,"66"
2.088,3,2021,"TX1300001",2.6,"67"
2.057,3,2021,"TX1300001",2.6,"68"
2.091,3,2021,"TX1300001",2.6,"69"
2.072,3,2021,"TX1300001",2.6,"70"
1.976,3,2021,"TX1300001",2.6,"71"
1.847,3,2021,"TX1300001",2.6,"72"
2.227,3,2021,"TX1300001",2.6,"73"
2.559,3,2021,"TX1300001",2.6,"74"
2.302,3,2021,"TX1300001",2.6,"75"
2.292,3,2021,"TX1300001",2.6,"76"
2.404,3,2021,"TX1300001",2.6,"77"
2.357,3,2021,"TX1300001",2.6,"78"
2.264,3,2021,"TX1300001",2.6,"79"
2.66,3,2021,"TX1300001",2.6,"80"
2.336,3,2021,"TX1300001",2.6,"81"
2.222,3,2021,"TX1300001",2.6,"82"
2.157,3,2021,"TX1300001",2.6,"83"
2.172,3,2021,"TX1300001",2.6,"84"
2.234,3,2021,"TX1300001",2.6,"85"
2.157,3,2021,"TX1300001",2.6,"86"
2.525,3,2021,"TX1300001",2.6,"87"
2.643,3,2021,"TX1300001",2.6,"88"
2.405,3,2021,"TX1300001",2.6,"89"
2.445,3,2021,"TX1300001",2.6,"90"
2.585,4,2021,"TX1300001",3.3,"91"
2.31,4,2021,"TX1300001",3.3,"92"
2.07,4,2021,"TX1300001",3.3,"93"
2.392,4,2021,"TX1300001",3.3,"94"
2.721,4,2021,"TX1300001",3.3,"95"
2.702,4,2021,"TX1300001",3.3,"96"
2.951,4,2021,"TX1300001",3.3,"97"
2.94,4,2021,"TX1300001",3.3,"98"
2.87,4,2021,"TX1300001",3.3,"99"
2.742,4,2021,"TX1300001",3.3,"100"
3.103,4,2021,"TX1300001",3.3,"101"
3.259,4,2021,"TX1300001",3.3,"102"
2.961,4,2021,"TX1300001",3.3,"103"
3.023,4,2021,"TX1300001",3.3,"104"
2.44,4,2021,"TX1300001",3.3,"105"
2.296,4,2021,"TX1300001",3.3,"106"
2.306,4,2021,"TX1300001",3.3,"107"
2.831,4,2021,"TX1300001",3.3,"108"
3.18,4,2021,"TX1300001",3.3,"109"
2.971,4,2021,"TX1300001",3.3,"110"
2.791,4,2021,"TX1300001",3.3,"111"
2.399,4,2021,"TX1300001",3.3,"112"
2.315,4,2021,"TX1300001",3.3,"113"
2.526,4,2021,"TX1300001",3.3,"114"
3.123,4,2021,"TX1300001",3.3,"115"
3.283,4,2021,"TX1300001",3.3,"116"
2.495,4,2021,"TX1300001",3.3,"117"
2.385,4,2021,"TX1300001",3.3,"118"
2.156,4,2021,"TX1300001",3.3,"119"
1.622,4,2021,"TX1300001",3.3,"120"
1.786,5,2021,"TX1300001",2.7,"121"
2.335,5,2021,"TX1300001",2.7,"122"
2.414,5,2021,"TX1300001",2.7,"123"
2.5,5,2021,"TX1300001",2.7,"124"
2.511,5,2021,"TX1300001",2.7,"125"
2.65,5,2021,"TX1300001",2.7,"126"
2.517,5,2021,"TX1300001",2.7,"127"
2.416,5,2021,"TX1300001",2.7,"128"
2.626,5,2021,"TX1300001",2.7,"129"
2.792,5,2021,"TX1300001",2.7,"130"
2.215,5,2021,"TX1300001",2.7,"131"
2.313,5,2021,"TX1300001",2.7,"132"
2.357,5,2021,"TX1300001",2.7,"133"
2.197,5,2021,"TX1300001",2.7,"134"
2.103,5,2021,"TX1300001",2.7,"135"
2.414,5,2021,"TX1300001",2.7,"136"
2.691,5,2021,"TX1300001",2.7,"137"
2.083,5,2021,"TX1300001",2.7,"138"
2.115,5,2021,"TX1300001",2.7,"139"
2.284,5,2021,"TX1300001",2.7,"140"
2.307,5,2021,"TX1300001",2.7,"141"
1.845,5,2021,"TX1300001",2.7,"142"
2.075,5,2021,"TX1300001",2.7,"143"
2.479,5,2021,"TX1300001",2.7,"144"
2.285,5,2021,"TX1300001",2.7,"145"
2.344,5,2021,"TX1300001",2.7,"146"
2.507,5,2021,"TX1300001",2.7,"147"
1.942,5,2021,"TX1300001",2.7,"148"
1.954,5,2021,"TX1300001",2.7,"149"
1.897,5,2021,"TX1300001",2.7,"150"
2.225,5,2021,"TX1300001",2.7,"151"
2.224,6,2021,"TX1300001",3.5,"152"
2.178,6,2021,"TX1300001",3.5,"153"
1.813,6,2021,"TX1300001",3.5,"154"
2.447,6,2021,"TX1300001",3.5,"155"
2.37,6,2021,"TX1300001",3.5,"156"
2.861,6,2021,"TX1300001",3.5,"157"
3.262,6,2021,"TX1300001",3.5,"158"
2.856,6,2021,"TX1300001",3.5,"159"
3.037,6,2021,"TX1300001",3.5,"160"
3.031,6,2021,"TX1300001",3.5,"161"
2.447,6,2021,"TX1300001",3.5,"162"
2.37,6,2021,"TX1300001",3.5,"163"
2.861,6,2021,"TX1300001",3.5,"164"
3.262,6,2021,"TX1300001",3.5,"165"
2.856,6,2021,"TX1300001",3.5,"166"
3.037,6,2021,"TX1300001",3.5,"167"
3.031,6,2021,"TX1300001",3.5,"168"
2.871,6,2021,"TX1300001",3.5,"169"
2.777,6,2021,"TX1300001",3.5,"170"
3.074,6,2021,"TX1300001",3.5,"171"
3.433,6,2021,"TX1300001",3.5,"172"
3.259,6,2021,"TX1300001",3.5,"173"
3.644,6,2021,"TX1300001",3.5,"174"
3.363,6,2021,"TX1300001",3.5,"175"
3.201,6,2021,"TX1300001",3.5,"176"
2.934,6,2021,"TX1300001",3.5,"177"
3.164,6,2021,"TX1300001",3.5,"178"
3.365,6,2021,"TX1300001",3.5,"179"
2.297,6,2021,"TX1300001",3.5,"180"
2.779,6,2021,"TX1300001",3.5,"181"
2.89,7,2021,"TX1300001",3.5,"182"
3.171,7,2021,"TX1300001",3.5,"183"
2.308,7,2021,"TX1300001",3.5,"184"
2.291,7,2021,"TX1300001",3.5,"185"
2.468,7,2021,"TX1300001",3.5,"186"
2.125,7,2021,"TX1300001",3.5,"187"
2.336,7,2021,"TX1300001",3.5,"188"
2.436,7,2021,"TX1300001",3.5,"189"
2.033,7,2021,"TX1300001",3.5,"190"
2.147,7,2021,"TX1300001",3.5,"191"
2.194,7,2021,"TX1300001",3.5,"192"
2.8,7,2021,"TX1300001",3.5,"193"
2.546,7,2021,"TX1300001",3.5,"194"
2.809,7,2021,"TX1300001",3.5,"195"
2.837,7,2021,"TX1300001",3.5,"196"
2.945,7,2021,"TX1300001",3.5,"197"
2.65,7,2021,"TX1300001",3.5,"198"
3.011,7,2021,"TX1300001",3.5,"199"
2.822,7,2021,"TX1300001",3.5,"200"
2.737,7,2021,"TX1300001",3.5,"201"
2.936,7,2021,"TX1300001",3.5,"202"
2.643,7,2021,"TX1300001",3.5,"203"
3.021,7,2021,"TX1300001",3.5,"204"
2.638,7,2021,"TX1300001",3.5,"205"
3.096,7,2021,"TX1300001",3.5,"206"
3.452,7,2021,"TX1300001",3.5,"207"
3.513,7,2021,"TX1300001",3.5,"208"
3.538,7,2021,"TX1300001",3.5,"209"
2.917,7,2021,"TX1300001",3.5,"210"
2.821,7,2021,"TX1300001",3.5,"211"
2.739,7,2021,"TX1300001",3.5,"212"
2.894,8,2021,"TX1300001",3.5,"213"
2.171,8,2021,"TX1300001",3.5,"214"
2.807,8,2021,"TX1300001",3.5,"215"
2.729,8,2021,"TX1300001",3.5,"216"
2.441,8,2021,"TX1300001",3.5,"217"
2.613,8,2021,"TX1300001",3.5,"218"
2.466,8,2021,"TX1300001",3.5,"219"
3.015,8,2021,"TX1300001",3.5,"220"
3.275,8,2021,"TX1300001",3.5,"221"
3.365,8,2021,"TX1300001",3.5,"222"
3.441,8,2021,"TX1300001",3.5,"223"
3.425,8,2021,"TX1300001",3.5,"224"
3.151,8,2021,"TX1300001",3.5,"225"
3.037,8,2021,"TX1300001",3.5,"226"
3.155,8,2021,"TX1300001",3.5,"227"
3.492,8,2021,"TX1300001",3.5,"228"
3.121,8,2021,"TX1300001",3.5,"229"
2.898,8,2021,"TX1300001",3.5,"230"
2.935,8,2021,"TX1300001",3.5,"231"
2.834,8,2021,"TX1300001",3.5,"232"
2.541,8,2021,"TX1300001",3.5,"233"
3.348,8,2021,"TX1300001",3.5,"234"
3.378,8,2021,"TX1300001",3.5,"235"
3.301,8,2021,"TX1300001",3.5,"236"
3.339,8,2021,"TX1300001",3.5,"237"
3.298,8,2021,"TX1300001",3.5,"238"
2.623,8,2021,"TX1300001",3.5,"239"
2.313,8,2021,"TX1300001",3.5,"240"
3.02,8,2021,"TX1300001",3.5,"241"
3.159,8,2021,"TX1300001",3.5,"242"
3.157,8,2021,"TX1300001",3.5,"243"
3.356,9,2021,"TX1300001",3.5,"244"
3.212,9,2021,"TX1300001",3.5,"245"
3.101,9,2021,"TX1300001",3.5,"246"
2.832,9,2021,"TX1300001",3.5,"247"
3.45,9,2021,"TX1300001",3.5,"248"
2.984,9,2021,"TX1300001",3.5,"249"
2.904,9,2021,"TX1300001",3.5,"250"
3.068,9,2021,"TX1300001",3.5,"251"
2.959,9,2021,"TX1300001",3.5,"252"
2.855,9,2021,"TX1300001",3.5,"253"
2.529,9,2021,"TX1300001",3.5,"254"
3.086,9,2021,"TX1300001",3.5,"255"
2.923,9,2021,"TX1300001",3.5,"256"
3.063,9,2021,"TX1300001",3.5,"257"
3.165,9,2021,"TX1300001",3.5,"258"
3.126,9,2021,"TX1300001",3.5,"259"
3.064,9,2021,"TX1300001",3.5,"260"
2.698,9,2021,"TX1300001",3.5,"261"
3.327,9,2021,"TX1300001",3.5,"262"
3.482,9,2021,"TX1300001",3.5,"263"
3.302,9,2021,"TX1300001",3.5,"264"
3.413,9,2021,"TX1300001",3.5,"265"
3.372,9,2021,"TX1300001",3.5,"266"
3.05,9,2021,"TX1300001",3.5,"267"
2.742,9,2021,"TX1300001",3.5,"268"
3.323,9,2021,"TX1300001",3.5,"269"
3.534,9,2021,"TX1300001",3.5,"270"
2.591,9,2021,"TX1300001",3.5,"271"
2.634,9,2021,"TX1300001",3.5,"272"
2.345,9,2021,"TX1300001",3.5,"273"
2.558,10,2021,"TX1300001",3,"274"
2.103,10,2021,"TX1300001",3,"275"
2.562,10,2021,"TX1300001",3,"276"
2.836,10,2021,"TX1300001",3,"277"
2.752,10,2021,"TX1300001",3,"278"
2.954,10,2021,"TX1300001",3,"279"
2.923,10,2021,"TX1300001",3,"280"
2.768,10,2021,"TX1300001",3,"281"
2.417,10,2021,"TX1300001",3,"282"
2.513,10,2021,"TX1300001",3,"283"
2.661,10,2021,"TX1300001",3,"284"
2.752,10,2021,"TX1300001",3,"285"
2.207,10,2021,"TX1300001",3,"286"
2.227,10,2021,"TX1300001",3,"287"
2.274,10,2021,"TX1300001",3,"288"
2.113,10,2021,"TX1300001",3,"289"
2.579,10,2021,"TX1300001",3,"290"
2.657,10,2021,"TX1300001",3,"291"
2.83,10,2021,"TX1300001",3,"292"
2.725,10,2021,"TX1300001",3,"293"
2.844,10,2021,"TX1300001",3,"294"
2.752,10,2021,"TX1300001",3,"295"
2.365,10,2021,"TX1300001",3,"296"
2.729,10,2021,"TX1300001",3,"297"
3.073,10,2021,"TX1300001",3,"298"
2.671,10,2021,"TX1300001",3,"299"
2.629,10,2021,"TX1300001",3,"300"
2.839,10,2021,"TX1300001",3,"301"
2.56,10,2021,"TX1300001",3,"302"
2.322,10,2021,"TX1300001",3,"303"
2.617,10,2021,"TX1300001",3,"304"
2.823,11,2021,"TX1300001",2.8,"305"
2.618,11,2021,"TX1300001",2.8,"306"
2.154,11,2021,"TX1300001",2.8,"307"
2.126,11,2021,"TX1300001",2.8,"308"
2.066,11,2021,"TX1300001",2.8,"309"
2.109,11,2021,"TX1300001",2.8,"310"
2.526,11,2021,"TX1300001",2.8,"311"
2.538,11,2021,"TX1300001",2.8,"312"
2.49,11,2021,"TX1300001",2.8,"313"
2.599,11,2021,"TX1300001",2.8,"314"
2.495,11,2021,"TX1300001",2.8,"315"
2.424,11,2021,"TX1300001",2.8,"316"
2.238,11,2021,"TX1300001",2.8,"317"
2.633,11,2021,"TX1300001",2.8,"318"
2.787,11,2021,"TX1300001",2.8,"319"
2.602,11,2021,"TX1300001",2.8,"320"
2.58,11,2021,"TX1300001",2.8,"321"
2.652,11,2021,"TX1300001",2.8,"322"
2.413,11,2021,"TX1300001",2.8,"323"
2.127,11,2021,"TX1300001",2.8,"324"
2.594,11,2021,"TX1300001",2.8,"325"
2.568,11,2021,"TX1300001",2.8,"326"
2.589,11,2021,"TX1300001",2.8,"327"
2.536,11,2021,"TX1300001",2.8,"328"
2.214,11,2021,"TX1300001",2.8,"329"
2.173,11,2021,"TX1300001",2.8,"330"
2.012,11,2021,"TX1300001",2.8,"331"
2.265,11,2021,"TX1300001",2.8,"332"
2.454,11,2021,"TX1300001",2.8,"333"
2.453,11,2021,"TX1300001",2.8,"334"
2.502,12,2021,"TX1300001",2.5,"335"
2.321,12,2021,"TX1300001",2.5,"336"
2.286,12,2021,"TX1300001",2.5,"337"
2.097,12,2021,"TX1300001",2.5,"338"
2.402,12,2021,"TX1300001",2.5,"339"
2.313,12,2021,"TX1300001",2.5,"340"
2.298,12,2021,"TX1300001",2.5,"341"
2.498,12,2021,"TX1300001",2.5,"342"
2.308,12,2021,"TX1300001",2.5,"343"
2.24,12,2021,"TX1300001",2.5,"344"
2.062,12,2021,"TX1300001",2.5,"345"
2.404,12,2021,"TX1300001",2.5,"346"
2.379,12,2021,"TX1300001",2.5,"347"
2.42,12,2021,"TX1300001",2.5,"348"
2.384,12,2021,"TX1300001",2.5,"349"
2.244,12,2021,"TX1300001",2.5,"350"
2.055,12,2021,"TX1300001",2.5,"351"
1.89,12,2021,"TX1300001",2.5,"352"
2.061,12,2021,"TX1300001",2.5,"353"
2.132,12,2021,"TX1300001",2.5,"354"
2.272,12,2021,"TX1300001",2.5,"355"
2.228,12,2021,"TX1300001",2.5,"356"
2.141,12,2021,"TX1300001",2.5,"357"
1.985,12,2021,"TX1300001",2.5,"358"
1.764,12,2021,"TX1300001",2.5,"359"
1.986,12,2021,"TX1300001",2.5,"360"
2.161,12,2021,"TX1300001",2.5,"361"
2.124,12,2021,"TX1300001",2.5,"362"
2.291,12,2021,"TX1300001",2.5,"363"
2.228,12,2021,"TX1300001",2.5,"364"
2.149,12,2021,"TX1300001",2.5,"365"
2.034,1,2022,"TX1300001",2.3,"1"
2.091,1,2022,"TX1300001",2.3,"2"
2.101,1,2022,"TX1300001",2.3,"3"
2.19,1,2022,"TX1300001",2.3,"4"
2.2,1,2022,"TX1300001",2.3,"5"
2.1,1,2022,"TX1300001",2.3,"6"
1.885,1,2022,"TX1300001",2.3,"7"
1.868,1,2022,"TX1300001",2.3,"8"
2.105,1,2022,"TX1300001",2.3,"9"
2.205,1,2022,"TX1300001",2.3,"10"
2.017,1,2022,"TX1300001",2.3,"11"
2.155,1,2022,"TX1300001",2.3,"12"
2.175,1,2022,"TX1300001",2.3,"13"
2.078,1,2022,"TX1300001",2.3,"14"
1.888,1,2022,"TX1300001",2.3,"15"
2.119,1,2022,"TX1300001",2.3,"16"
2.231,1,2022,"TX1300001",2.3,"17"
2.293,1,2022,"TX1300001",2.3,"18"
2.141,1,2022,"TX1300001",2.3,"19"
2.027,1,2022,"TX1300001",2.3,"20"
1.931,1,2022,"TX1300001",2.3,"21"
1.963,1,2022,"TX1300001",2.3,"22"
2.074,1,2022,"TX1300001",2.3,"23"
2.126,1,2022,"TX1300001",2.3,"24"
2.2,1,2022,"TX1300001",2.3,"25"
2.165,1,2022,"TX1300001",2.3,"26"
2.243,1,2022,"TX1300001",2.3,"27"
